"ID","Name","NetworkDomain","AverageDegree","AveragePathLength","AverageTransitivity","Betweenness","Closeness","DegreeAssortativity","DegreeDistribution","Density","EigenvectorCentrality","GlobalTransitivity","Reciprocity"
1,"7th_graders","Social,Offline",51.0344827586207,1.60221674876847,0.776678309753491,3.21490930496674,0.0155646192085056,-0.0681461643250872,0.000406650750386478,0.911330049261084,0.109459408912594,0.733914209115281,0.618918918918919
3,"add_health_comm1","Social,Offline",8.84057971014493,4.24761016553975,0.4746891996892,10162.7101358553,0.00310603906787032,0.125895384707959,0.00158484657539478,0.0650042625745951,0.0677263521972922,0.405846363018355,0.557377049180328
4,"add_health_comm10","Social,Offline",10.1504424778761,5.70877292843624,0.241077345816988,1022638.23551183,2.21588615857338e-05,0.256241254363655,0.000725665050128405,0.0074966340309277,0.0101287493374198,0.22067747986318,0.375472246439988
5,"add_health_comm11","Social,Offline",9.61070559610706,4.80396905933485,0.201559336499751,118640.938071247,0.000126278228533194,0.17078936562205,0.000869522923841215,0.0117203726781793,0.0221608934600753,0.180119794637764,0.389873417721519
6,"add_health_comm12","Social,Offline",12.3407917383821,4.8086819654967,0.246834435762739,295109.677146452,1.30326418015859e-05,0.231406738994888,0.000595877847118653,0.0106386135675708,0.0129432923011511,0.239889251458519,0.435146443514644
7,"add_health_comm13","Social,Offline",8.97859327217125,5.82129657824189,0.222861557045993,1091431.62347081,4.96147030583834e-05,0.202555920870308,0.000809547480703107,0.00687487999400555,0.0108128182076494,0.199979861041184,0.39850136239782
8,"add_health_comm14","Social,Offline",11.9003558718861,5.07907525191167,0.229339880876153,377623.800808496,5.11335522061824e-05,0.178330525258621,0.000683762221609248,0.0106063777824297,0.0185634038774866,0.214585680630954,0.392344497607655
9,"add_health_comm15","Social,Offline",10.1129943502825,5.72379033819311,0.190115407356237,1909118.90044567,1.15204134945523e-05,0.180557028020738,0.000703625078147462,0.0047657843309531,0.00579351736464352,0.170994964565461,0.364618249534451
10,"add_health_comm16","Social,Offline",10.6041131105398,5.08342558353157,0.197188874849395,427037.405936378,7.1902590633334e-05,0.180942327547549,0.000661987302787857,0.006823753610386,0.0110841755951611,0.190276992651215,0.321454545454545
11,"add_health_comm17","Social,Offline",10.6535303776683,5.3922678179023,0.174309691395208,1605436.14812743,2.27939316438818e-05,0.15488799298616,0.00069978731860845,0.00437696400068542,0.00570634316771668,0.14616497829233,0.354808877928483
12,"add_health_comm18","Social,Offline",10.6408450704225,4.23308249325571,0.250851552204537,42933.466137801,0.000469985990165868,0.159107988735429,0.000780373424690028,0.0188000796297218,0.0258956495018055,0.215155990400591,0.42620780939775
13,"add_health_comm19","Social,Offline",10.8739837398374,4.99647093227858,0.251132352692705,285466.304904778,3.11876072215083e-05,0.161754338722186,0.00076410806310394,0.0110733031973904,0.0107453435029085,0.223530013817102,0.432897196261682
14,"add_health_comm2","Social,Offline",8.51428571428571,4.27410140442752,0.354200730399224,18204.7411940409,0.000205718970924503,0.274229826239862,0.00122332693761265,0.0409340659340659,0.0338823678755686,0.350248403122782,0.438478747203579
15,"add_health_comm20","Social,Offline",11.4923076923077,5.27688950392406,0.207519746739291,933406.225615192,1.31241563531532e-05,0.215967697699956,0.000636927175388714,0.00632140137090632,0.00777581713713987,0.190515827355742,0.441384585962899
16,"add_health_comm21","Social,Offline",10.7214854111406,5.02596316323082,0.30158604204378,148238.571220857,8.42545520101175e-05,0.249030123663633,0.000773442235072163,0.0142572944297082,0.0191401030117991,0.279254747402365,0.484908461157843
17,"add_health_comm22","Social,Offline",10.2052117263844,5.80094653592309,0.298793452004875,729218.58815878,2.7529752961795e-05,0.245365143445888,0.000733497240091475,0.00832398998889426,0.0183345178060631,0.265840692789162,0.436003830194702
18,"add_health_comm23","Social,Offline",11.3433283358321,5.19779906518054,0.236596488077306,563258.37483902,4.17855165795511e-05,0.217438537537565,0.000614659919036305,0.0085160122641382,0.0106215774190082,0.212827781715096,0.468411313772139
19,"add_health_comm24","Social,Offline",8.76670574443142,6.2712065885264,0.239801402606849,2189327.39061511,2.14096480896949e-05,0.210895994534105,0.000927354157970962,0.00514478036645036,0,0.21669341894061,0.392618347151645
20,"add_health_comm25","Social,Offline",8.0125313283208,6.1209106108856,0.237813502206755,1531070.89724021,2.41898948512466e-05,0.124894206950276,0.00109370058354524,0.00502668213821882,0.00909992624404048,0.190077892205552,0.38723803565843
21,"add_health_comm26","Social,Offline",9.52450090744102,6.25322825432624,0.296575725302848,1101907.49906152,4.66780425491443e-05,0.24025462713572,0.000782103194086834,0.00865863718858274,0.00967029523994833,0.269423629500254,0.42530487804878
22,"add_health_comm27","Social,Offline",5.65098374679213,10.66107668018,0.298436609105636,23269814.3431756,2.6232858635736e-06,0.131154808386764,0.00262348482561966,0.00241908550804458,0.00395049325069075,0.264252904620373,0.461398728428701
23,"add_health_comm28","Social,Offline",10.0544815465729,5.91776348554284,0.179683385544067,2437630.18059921,1.86433709162517e-05,0.246211243012637,0.000774448648661803,0.00442149584282011,0.00635378921146082,0.172154586023136,0.351337178814893
24,"add_health_comm29","Social,Offline",11.2583479789104,5.26409079863345,0.270814493388697,463290.482046317,5.29187875402478e-05,0.285647357040848,0.000583053216641653,0.00991051758706899,0.0134545354674156,0.261464697239193,0.417733374960974
25,"add_health_comm3","Social,Offline",7.9375,3.11094890510949,0.475098273374135,746.04200954493,0.002615656898679,0.0518467807677923,0.00250822368421053,0.128024193548387,0.0964067721398375,0.45993031358885,0.566929133858268
26,"add_health_comm30","Social,Offline",9.58774373259053,5.59919477661777,0.223590258664463,905680.758310446,3.37670949232948e-05,0.191049943571453,0.000867017353155729,0.00668601376052338,0.0112742706932004,0.19145256916996,0.407902382335851
27,"add_health_comm31","Social,Offline",5.40079893475366,10.1674698576079,0.250897537375478,11794392.0837298,1.20023385184695e-06,0.250728932858245,0.00231578694691349,0.00360053262316911,0.0100214388877528,0.249478880965442,0.374753451676529
28,"add_health_comm32","Social,Offline",9.80584795321638,5.38128550362139,0.170935497452056,793473.762601754,8.72284380360877e-06,0.216419615021923,0.000779267282987885,0.00574112877822973,0.00900623321529016,0.163656367470432,0.358301526717557
29,"add_health_comm33","Social,Offline",5.89632611977856,7.94011844810705,0.167133727344748,20581572.9356346,1.53328298984764e-06,0.142099948139038,0.00177395840100501,0.0014844728398234,0.00484619103357654,0.137958727609204,0.347558893820417
30,"add_health_comm34","Social,Offline",8.69321717485999,6.52515426354868,0.1381659800826,7719791.22089572,4.55552313764398e-06,0.147835244732677,0.000876652044397507,0.00270648106315691,0.00525670918408306,0.12552016810185,0.353901216893343
31,"add_health_comm35","Social,Offline",8.77790834312573,5.7584515060175,0.156016116328611,1693319.02131077,1.16687599428766e-05,0.146089090234595,0.000887077411498808,0.00516347549595631,0.0103865215619213,0.131991373112868,0.312717536813922
32,"add_health_comm36","Social,Offline",9.1736304549675,6.82166813484843,0.195050911367207,15892403.6835072,3.9155875492362e-06,0.191050811252697,0.000784202679293317,0.0021304297387291,0.00326103399097875,0.178263493705811,0.383198380566802
33,"add_health_comm37","Social,Offline",4.71313672922252,7.57429806906721,0.203910595577262,640993.076414323,1.70631804870308e-06,0.0879586093554197,0.00300317810569088,0.00633486119519156,0.0126891019418395,0.167219641672196,0.402730375426621
34,"add_health_comm38","Social,Offline",8.98272552783109,5.43490890119947,0.183351509229218,474427.881371831,2.30182440762154e-05,0.184572744599259,0.000991107805542888,0.00863723608445298,0.00696990908318993,0.159393796438259,0.354700854700855
35,"add_health_comm39","Social,Offline",9.85469223007064,5.587382424145,0.171022079358819,1446751.38345967,2.16721276035924e-05,0.182039594710747,0.000784717705776152,0.00497711728791446,0.00773903460889852,0.146570173462492,0.395658406717182
36,"add_health_comm4","Social,Offline",9.93594306049822,4.06938606481002,0.229711522957499,23691.780896725,0.000199006260727111,0.0569138769537944,0.000755835646224572,0.0177427554651754,0.0352532121861189,0.217487708473923,0.372492836676218
37,"add_health_comm40","Social,Offline",10.4775224775225,5.99751717628288,0.151250134336645,6487825.10665481,3.2553188506079e-06,0.251981185798428,0.000663074351014318,0.00261807158358882,0.00390297673799588,0.144311239193084,0.374332570556827
38,"add_health_comm41","Social,Offline",10.1773255813953,6.22858753519645,0.145247563109703,8959997.82632924,3.66363736850684e-06,0.190289959138268,0.000729270525043845,0.00246663247246615,0.00279954753747211,0.139707898658718,0.353613253356184
39,"add_health_comm42","Social,Offline",7.99147121535181,5.83599458413354,0.107351475989996,2470847.84358174,2.99145950001332e-06,0.159116012016374,0.000962750034403646,0.00284191721740818,0.00822947930068593,0.102831491712707,0.245464247598719
40,"add_health_comm43","Social,Offline",7.72594397076736,6.72011295797558,0.145628436627185,6869005.43577877,5.13659234639764e-06,0.157412264838493,0.00103758353891506,0.00235403533539529,0.0065223853945725,0.13457815365804,0.346523726943087
41,"add_health_comm44","Social,Offline",10.98314108252,5.2106904693434,0.174380969231279,830662.709066429,3.39473229773297e-05,0.127680205817591,0.000664768048340435,0.00487706087145647,0.00553773840055828,0.160251108939178,0.353207303280013
42,"add_health_comm45","Social,Offline",6.90384615384615,6.0640186406497,0.144775697844758,1275248.79067627,5.2180318039607e-06,0.20221860276971,0.00125658332473447,0.00369189633895516,0.00610964655415623,0.141445393673516,0.29588362735995
43,"add_health_comm46","Social,Offline",9.412771560237,5.80978265167175,0.162107934933386,3307581.81130399,9.54837562558391e-06,0.170269997740455,0.000810731278122635,0.00310038588940613,0.00738940186448099,0.140707806514361,0.39166316967408
44,"add_health_comm47","Social,Offline",10.9847715736041,5.72255597778062,0.175942170039757,6195623.55624754,7.09185241117294e-05,0.214870899430567,0.000674207091919478,0.00558169287276629,0.00702132799445194,0.168531628225622,0.381515711645102
45,"add_health_comm48","Social,Offline",10.6182749786507,6.01473405873011,0.192991434024714,3511107.24435681,1.10079752362567e-05,0.214138408423839,0.000732198182571282,0.00453772434985074,0.00623347648437147,0.178429768963402,0.394724143477562
46,"add_health_comm49","Social,Offline",9.41932059447983,7.06233964121522,0.203074526816396,49608246.7686928,3.50424863131549e-06,0.280002142298175,0.000753360802619055,0.00250114726353686,0.00411060237070941,0.19336569579288,0.414290544348022
47,"add_health_comm5","Social,Offline",12.0382165605096,3.78829875882637,0.298799607740485,10517.172928692,0.00108116456119583,0.194999372218999,0.000761575713906437,0.0385840274375306,0.0352699741810239,0.272652614289625,0.455026455026455
48,"add_health_comm50","Social,Offline",10.2158330051201,6.27737784065375,0.150652262915362,13055967.7905709,2.97584455895279e-06,0.231860453004711,0.000749761437658057,0.00201257545412138,0.00255494849508659,0.141888419801102,0.387693731205182
49,"add_health_comm51","Social,Offline",5.71888726207906,7.95255748731018,0.161589734522349,4271712.71132161,8.89631684038547e-06,0.21360837436899,0.00201221441304739,0.00419273259683216,0.00940886742086727,0.159895531050493,0.290834613415259
50,"add_health_comm52","Social,Offline",7.86302959953569,7.16119431863719,0.184718449665449,13595785.2704258,5.13600564153362e-06,0.144038262371808,0.00106598420860181,0.00228310963981873,0.0040605921749325,0.162424979108106,0.393858872158252
51,"add_health_comm53","Social,Offline",6.24784853700516,8.26839371111769,0.208816534671592,4925952.18466222,7.44396198245377e-06,0.244188052522659,0.00165828793413141,0.00538607632500445,0.0119246671222439,0.207665232694564,0.334986225895317
52,"add_health_comm54","Social,Offline",7.13352545629203,6.6555144816812,0.191644215286239,2542130.38879087,5.68973199320423e-06,0.184359587505871,0.00117845063682446,0.00342957954629424,0.0047965469108627,0.175502232142857,0.362510099649879
53,"add_health_comm55","Social,Offline",6.01190476190476,6.817874477457,0.269398892868281,627548.762228647,5.04569380113555e-05,0.221263162981653,0.00186533397630336,0.00897299218194741,0.0167377147279311,0.234851835471031,0.40990099009901
54,"add_health_comm56","Social,Offline",7.41255605381166,6.06345263190891,0.235544604836315,509304.161434932,3.17546381805108e-05,0.188229132871264,0.00119581600014011,0.00832871466720411,0.0175956397751398,0.218345526167698,0.313369630973987
55,"add_health_comm57","Social,Offline",7.19530595138307,9.50526665447609,0.176605279397899,74997396.8735579,3.17146840796878e-06,0.287279287472973,0.00108311681652629,0.00301816524806337,0.00442448960355384,0.173824679806734,0.375116495806151
56,"add_health_comm58","Social,Offline",8.18775510204082,7.24292292009615,0.218953346492495,13203702.0428931,7.2985754134316e-06,0.225278702687789,0.00094222867797788,0.00238849332031529,0.00466801635426841,0.185999448072854,0.401652186298248
57,"add_health_comm59","Social,Offline",8.53333333333333,6.34593815577702,0.216418961546078,2802358.16317364,9.97386434870289e-06,0.216264826831333,0.000888907025777052,0.00438056125941136,0.00900327593225293,0.194518419884598,0.39375
58,"add_health_comm6","Social,Offline",8.46296296296296,4.25233644859813,0.330597796925449,12036.749682009,0.000313382691161162,0.223414466951347,0.0011707291336921,0.0395465559016961,0.0555189260587643,0.358684822318167,0.345733041575492
59,"add_health_comm60","Social,Offline",8.21172353455818,7.23513164446658,0.237140448680969,7897412.5065111,4.09110103423123e-06,0.222910691006389,0.000941235468329523,0.0035953255405246,0.00563214835067484,0.223324022346369,0.421052631578947
60,"add_health_comm61","Social,Offline",6.19850831899025,8.49570944171891,0.219101213173986,17226395.3063382,5.54051986852099e-07,0.188191190568289,0.00163098042906433,0.00177913556802246,0.00395489498474608,0.193931398416887,0.363939281747501
61,"add_health_comm62","Social,Offline",6.33301617507136,8.75630374661946,0.209914632215509,11182468.8242388,4.0655974753409e-06,0.225251139609183,0.00169936776567587,0.00301572198812922,0.00748065851721372,0.203856916899866,0.3515625
62,"add_health_comm63","Social,Offline",7.20408163265306,4.58316105995114,0.363523645666503,14062.5047446099,0.000150312595668078,0.149610099808972,0.0014127885310945,0.0371344414054281,0.0513579361297195,0.347981604496679,0.396600566572238
63,"add_health_comm64","Social,Offline",10.1867816091954,5.09370592924152,0.180482327613517,468816.095938243,3.88341664358915e-05,0.210860981164512,0.000747992419322069,0.0073286198627305,0.0118997401769,0.160141561601416,0.385331452750353
64,"add_health_comm65","Social,Offline",8.33273703041145,6.24497854477975,0.194062413558011,979082.649430726,1.22893840235689e-05,0.169144610840033,0.0011120356117652,0.00746661024230417,0.0180966210243025,0.191160461571957,0.394160583941606
65,"add_health_comm66","Social,Offline",11.1521739130435,4.99520324371048,0.200479311860328,465073.374242001,2.5993922963305e-05,0.264087862208304,0.000603757571081363,0.0086719859354926,0.0165396683467322,0.188918152350081,0.404344193817878
66,"add_health_comm67","Social,Offline",4.73684210526316,7.36095127660971,0.25778802170959,504504.818831346,1.11198308583114e-06,0.19294631015806,0.00308777358676492,0.00520532099479468,0.0116733151268428,0.230720338983051,0.285185185185185
67,"add_health_comm68","Social,Offline",6.96195262024408,8.3913183116568,0.185108198832765,20606666.2426137,4.45692296601973e-06,0.178181158588553,0.00140214627301894,0.00250070137221411,0.00448375344911268,0.185455881752481,0.401732315941431
68,"add_health_comm69","Social,Offline",10.2172452407615,5.29988649174256,0.174724178332726,654843.925138311,6.47118734712273e-05,0.192346393484963,0.000726278710900704,0.00572715540401428,0.00849987050667208,0.172980597616443,0.387110916264796
69,"add_health_comm7","Social,Offline",9.78684807256236,5.45426449266146,0.230297809598515,446763.794974644,1.68059831388359e-05,0.241217064682239,0.000720981696820308,0.0111214182642754,0.0196920276101756,0.211697891507279,0.424467099165894
70,"add_health_comm70","Social,Offline",11.5789473684211,3.20180217937971,0.434290329802184,1742.32374885375,0.000692812723616339,0.0437032599506005,0.0010625980155066,0.0771929824561404,0.0418658758874279,0.371385542168675,0.436363636363636
71,"add_health_comm71","Social,Offline",12.5945945945946,3.5014668492079,0.461286538974312,5027.85558471599,0.00242741077498045,-0.00625237426202497,0.00119327822030525,0.0862643465383191,0.054489776307289,0.411317567567568,0.463519313304721
72,"add_health_comm72","Social,Offline",10.1363636363636,5.57793805940912,0.294599701821196,374843.756196208,7.62695926801998e-05,0.122712867512301,0.000773231304985337,0.0144392644392644,0.0173560302222675,0.284348864994026,0.432735426008969
73,"add_health_comm73","Social,Offline",10.4865196078431,6.02472407099402,0.189750589977169,4931897.17140369,8.16476774288456e-06,0.18413798678158,0.000735919071138892,0.0032147515658624,0.00387700789993736,0.167455547597546,0.4073857660395
74,"add_health_comm74","Social,Offline",6.29878048780488,7.14240649771334,0.239335525275023,2600371.61642324,2.18467378361029e-05,0.101032126250427,0.0015540039466011,0.00480822938000372,0.00761725606552595,0.188523047977422,0.375605033881897
75,"add_health_comm75","Social,Offline",10.9839034205231,5.49457204945962,0.192299161476291,1479161.43692995,1.65778559672461e-05,0.155389266410524,0.000659904101681527,0.00553066637488577,0.0101210670598353,0.165377764750975,0.389448616962814
76,"add_health_comm76","Social,Offline",11.6279069767442,2.39803921568627,0.421426248170434,115.762483116005,0.00241473095649102,0.136092970985064,0.0015183122268033,0.138427464008859,0.0849272872576653,0.366852886405959,0.52
77,"add_health_comm77","Social,Offline",11.6,2.54068716094033,0.584555000555001,218.864892764339,0.00378924924510974,0.105436587343122,0.00121904761904762,0.241666666666667,0.117213839256045,0.581395348837209,0.537931034482759
78,"add_health_comm78","Social,Offline",7.95833333333333,5.74846643029996,0.281951035278059,369793.309470043,9.4242191362061e-05,0.189496471209517,0.00118210249299219,0.00923240525908739,0.0135080335588134,0.231531819635433,0.447934845840605
79,"add_health_comm79","Social,Offline",8.99414225941423,6.09957319793447,0.189980648878933,2531950.90527745,7.80030361260896e-06,0.196840765719303,0.000850225786075818,0.00376639123091048,0.00890099927533155,0.167776055439044,0.45292147376256
80,"add_health_comm8","Social,Offline",9.92156862745098,4.35765685056209,0.280586825740493,30871.3686455087,0.000284204074081114,0.170609808482321,0.0008274188397218,0.0244373611513571,0.0268886513626799,0.268951048951049,0.401185770750988
81,"add_health_comm80","Social,Offline",7.36700336700337,7.21703999821337,0.23255171722057,1683784.57582125,1.93224762766719e-05,0.377263835341537,0.00118976883682766,0.00621163858937889,0.0108726232002626,0.211271021992238,0.404936014625229
82,"add_health_comm81","Social,Offline",7.26976744186047,6.78890179833862,0.171502430885548,4836677.63141017,5.16833313634639e-06,0.182537898901102,0.00117251659993365,0.00281992530716077,0.00586478513035906,0.151005178190679,0.381317978246961
83,"add_health_comm82","Social,Offline",11.0183783783784,4.93391886898914,0.17370296992297,580368.461816957,2.20673725431567e-05,0.221875428196368,0.000590433522325414,0.00596232596232596,0.00760662797601026,0.15748841996912,0.421507064364207
84,"add_health_comm83","Social,Offline",7.13564668769716,7.25611890284599,0.204157031345469,5815601.48400844,2.90491292115666e-06,0.216767296628676,0.00128915188772487,0.00281596159735484,0.00500871132639698,0.187793824912117,0.414235190097259
85,"add_health_comm84","Social,Offline",6.11089866156788,7.20403192849704,0.202948872102689,2731659.03715368,3.20004262614966e-08,0.160239910634803,0.00169769134567799,0.00194862839973465,0.00304098373532536,0.171276079573023,0.324155193992491
86,"add_health_comm9","Social,Offline",10.1935483870968,4.81183406870773,0.319639254666774,84487.7423651617,0.00054082556197258,0.177947550231419,0.000890286121804565,0.020634713334204,0.0271827698507099,0.293750696223683,0.411392405063291
87,"adjnoun","Informational",7.58928571428571,2.53555341055341,0.189785185674129,587.001580272833,0.00354144325864477,-0.129347853439001,0.00117646293211162,0.0683719433719434,0.0234301814768565,0.156934978817462,1
88,"advogato","Social,Online",15.6375592598257,3.85737624843812,0.319344122056106,8014833.32147611,2.02871758930934e-08,-0.0681604596171312,9.97703303934234e-05,0.00119589777147642,0.00157371868691658,0.0922239481419329,0.333085817333192
94,"anybeat","Social,Online",10.6054567022539,3.28557399679666,0.403490134660948,502858299.051093,1.34818958462939e-07,-0.130627540500527,2.06246684730803e-05,0.000419386930649077,0.000241552662221138,0.0216759388771939,0.534532384829911
97,"bible_nouns","Informational",10.3000564015792,3.37542191941313,0.720818847278,595216.888954143,6.90785550548177e-06,-0.0488496913203957,0.000240893076864962,0.0058126729128551,0.00411081059863403,0.162700870302161,1
99,"bitcoin","Social,Online",12.7866772402855,3.67886423640911,0.276682245071796,5218722.05082555,7.85565481860922e-05,-0.163484311653426,0.000130361098029398,0.00169046499739364,0.00565337295405427,0.0780073665603234,0.832051600099231
100,"bitcoin_alpha","Economic",12.104063934705,3.7189130700273,0.288291612682982,16969953.4543626,0.000121941597439592,-0.163953714929592,9.19811724497212e-05,0.00102925713730485,0.00347392559019005,0.0592384412258376,0.792312879298719
102,"blumenau_drug","Biological",4.82666666666667,2.81369369369369,0.157066449768313,780.921734336348,0.0029899192767387,-0.314587926631587,0.00364444444444444,0.0652252252252252,0.0392966563355517,0.108147080028839,1
104,"budapest_connectome_all_1m","Biological",239.911330049261,1.86218750303631,0.727029469420632,284.838799749138,0.00288039820332462,0.0138323086908629,3.43600534158181e-06,0.236598944821757,0.0251219052437137,0.63957842615088,1
105,"budapest_connectome_all_200k","Biological",207.473891625616,1.95559312482389,0.711447560311217,493.169009579651,0.00300060252526555,0.0184704009320507,3.93468868811045e-06,0.20460936057753,0.0267054307413288,0.616634958716018,1
106,"budapest_connectome_all_20k","Biological",141.091625615764,2.21897960571701,0.669611349961385,2790.69023817638,0.0021842984001865,0.034226766670514,6.3764143484448e-06,0.139143615005684,0.0323779373626883,0.557818983928976,1
107,"budapest_connectome_female_1m","Biological",222.443349753695,1.89843666501491,0.717703744524356,369.036491142534,0.0029479924015003,0.00881727308724215,3.54355211988688e-06,0.219372139796543,0.0253419887064082,0.623362422503195,1
108,"budapest_connectome_female_200k","Biological",190.851231527094,1.99515745086037,0.700734914533123,640.980647915548,0.00299752627985429,0.0142380754046307,4.35749863883619e-06,0.188216204661828,0.02699224926019,0.598441810491328,1
109,"budapest_connectome_female_20k","Biological",125.020689655172,2.27798602811865,0.654472076343343,4438.97047483987,0.00206536165956102,0.0344716978655649,7.3226561674084e-06,0.123294565734884,0.0306848353667599,0.534715663204042,1
110,"budapest_connectome_male_1m","Biological",184.646305418719,2.04371896891791,0.702450397584816,772.435199800958,0.00285162832995265,0.034290484632176,4.79356612414359e-06,0.182096948144693,0.0279646993303586,0.604238907265883,1
111,"budapest_connectome_male_200k","Biological",158.167487684729,2.14818550150115,0.686050530424556,1477.82206358473,0.00256003715876882,0.0382848058485167,6.27145218707358e-06,0.155983715665413,0.0286900619558812,0.580269010182981,1
112,"budapest_connectome_male_20k","Biological",107.349753694581,2.38198424033968,0.646041366333633,8317.79736471355,0.00164133824962415,0.0427966681903844,9.39738848123714e-06,0.105867607193867,0.0275244956305886,0.523190114234178,1
233,"celegans_2019_hermaphrodite_chemical_corrected","Biological",21.8789237668161,3.1439518521658,0.324377063917113,24091.0517225898,1.70114129708363e-06,0.0632272007087503,0.000141209056170348,0.024583060412153,0.0525895636569222,0.229833913388255,0.276389175790126
234,"celegans_2019_hermaphrodite_chemical_synapse","Biological",20.733893557423,2.9265640320383,0.346358477634123,6099.10573015299,4.275729174991e-06,0.0995900032029539,0.000156807424891129,0.0291206370188525,0.0535941442699985,0.243716754906945,0.320240043644299
235,"celegans_2019_hermaphrodite_gap_junction_corrected","Biological",6.27705627705628,5.71186667111987,0.201399633857954,92583.385598556,2.39661530985779e-07,0.0890057023720524,0.00148386477904418,0.00680808706839076,0.0059922476234999,0.187853640135798,0
236,"celegans_2019_hermaphrodite_gap_junction_synapse","Biological",13.0539682539683,3.48656686068678,0.213733467519311,19641.8728622061,4.91949543445486e-05,0.101946428025746,0.000786989708272507,0.0207865736528157,0.0173795846828717,0.186491491050172,1
237,"celegans_2019_male_chemical_corrected","Biological",18.9838998211091,3.67780393958537,0.321868056822018,78465.1184163062,7.05366955924043e-07,0.201884928579897,0.000191676441314158,0.0170106629221408,0.0370118348958371,0.257764710166036,0.284407167365612
238,"celegans_2019_male_chemical_synapse","Biological",21.530487804878,3.42137271937446,0.334848348175354,18395.214741466,1.05423651335676e-05,0.20156914730191,0.000153412011949838,0.0329212351756545,0.0557629182443732,0.296901303963249,0.369602763385147
239,"celegans_2019_male_gap_junction_corrected","Biological",6.47513812154696,5.57880124545926,0.245677332769357,77947.925644519,2.58092108798761e-07,0.138658794179863,0.00153902818073092,0.00597337465087358,0.00229117948561374,0.220277238964848,0
240,"celegans_2019_male_gap_junction_synapse","Biological",15.7533333333333,3.91279884304244,0.212712466327757,44005.9758943113,0.000686180728234835,0.210577781924329,0.000756233546106964,0.0263433667781494,0.0352188245036962,0.231825018801705,1
241,"celegans_interactomes_BPmaps","Biological",2.0633147113594,6.53205235777815,0.0590281063965274,1124408.52237172,2.38083314288754e-06,-0.249808273909552,0.0149076408276636,0.00384946774507351,0.00549967782557335,0.0177353342428377,1
242,"celegans_interactomes_Genetic","Biological",4.19762845849802,4.97981293809101,0.340757254381188,950581.744564582,1.1113782609049e-05,-0.0310921905544833,0.00273468226905696,0.00553776841490504,0.00801275669954534,0.188106395617451,1
243,"celegans_interactomes_IntegratedNetwork","Biological",57.6913860103627,3.52004748189123,0.460782790171051,1589293.95191524,6.72375546015757e-07,0.159017468731163,6.28546575387993e-05,0.00934273457657695,0.0308648347939136,0.471945103664841,1
244,"celegans_interactomes_Interolog","Biological",10.5154185022026,4.56106351599035,0.428142116448273,5736655.39417867,6.87105289251428e-07,-0.0101948857434448,0.000325250861008924,0.00386170345288382,0.0225940268880299,0.438830789100759,1
245,"celegans_interactomes_LCI","Biological",2.03248259860789,4.10122668794255,0.341952621090903,71430.9403799602,1.24166975256846e-07,-0.161758717800579,0.00510318950580451,0.00472670371769276,0.00390349636873057,0.044457617071725,1
246,"celegans_interactomes_Microarray","Biological",112.422003284072,3.63900317930135,0.671208985871978,2519482.64141406,3.28824932852861e-06,-0.0680217938897098,3.02265563296712e-05,0.0461692005273397,0.061906047070072,0.517987266929882,1
247,"celegans_interactomes_Phenotypes","Biological",49.8640350877193,2.24693897194037,0.700723638141561,2171.31433689943,3.67382925309822e-05,-0.0268573015222408,3.0879717417883e-05,0.0547354940589674,0.0241708544950597,0.354614054791901,1
248,"celegans_interactomes_WI8","Biological",2.80517380759903,5.1661272960157,0.0562423430023918,3990471.10065518,3.32288788646029e-06,-0.177953877526741,0.00449963322958397,0.00226955809676297,0.00537997449050892,0.0164307119975199,1
249,"celegans_interactomes_wi2004","Biological",2.42780748663102,5.71567560167923,0.0382469326123292,8528286.85054579,6.78386911088621e-07,-0.171885654724027,0.00479861106922755,0.00162395149607426,0.00238951718773737,0.0166777448788446,1
250,"celegans_interactomes_wi2007","Biological",3.05696202531646,5.32028092533773,0.044130623883942,14435089.6978975,8.17729285923326e-07,-0.144815120872896,0.00319896798497194,0.00120971983589887,0.00432253918836153,0.0198495480118844,1
251,"celegans_metabolic","Biological",20.2913907284768,2.66378518822403,0.655140449098203,9413.28925653108,0.00286894292542271,-0.064472731726174,0.000110437676428808,0.0448924573638868,0.00596826301432215,0.124436360880603,1
252,"celegansneural","Biological",15.8855218855219,3.99188398084087,0.307914537078583,88879.3771709651,8.09841750755245e-05,-0.225795310706077,0.000223711304543608,0.0268336518336518,0.00691053796356218,0.180711471266077,0.167019923696482
253,"chicago_road","Transportation",6.01248170120965,44.7105980957473,0.04392159873084,818157618282.396,9.81604857969646e-06,-0.0133064751047616,0.012450816612077,0.000231641304561937,NA,0.0455460445865864,0.942693115997745
255,"college_freshmen","Social,Offline",191.375,1.26118626430801,0.913049541324921,0.122181770215432,0.0384990179609042,-0.112614254852717,0.000122848530631591,3.0866935483871,0.0469273889694592,0.903676338078933,0.70476812540823
256,"collins_yeast","Biological",11.1837237977805,5.53998379129208,0.741037642971591,2329424.69947396,2.31406364174426e-07,0.605674218894448,0.000687617201107949,0.00689927439715023,0.0235441609017476,0.618590162648397,1
257,"contact","Social,Offline",206.160583941606,2.42402609555894,0.902886682547392,232.497100197186,0.00549256451444901,-0.0453417808553328,4.06989111263335e-05,0.755166974145076,0.0497606094558265,0.566413878814011,1
258,"contiguous_usa","Transportation",4.36734693877551,4.16326530612245,0.507043650793651,2296.95760408486,0.00246875429934017,0.233396512509476,0.0088620482206488,0.0909863945578231,0.0565802061750377,0.406175771971496,1
260,"copenhagen_calls","Social,Offline",13.4328358208955,7.67109985643643,0.254753870781933,110304.514577076,4.764710287359e-07,0.70442741612346,0.000299633389320038,0.0125540521690612,0.00283340647933814,0.183673469387755,0.586111111111111
261,"copenhagen_fb_friends","Social,Offline",16.0725,3.29108328812913,0.32302276029718,14213.5885178858,7.91104499306971e-07,0.0423770287367471,0.000227096073577946,0.0100578848560701,0.00547679014860087,0.244309027674564,0
262,"copenhagen_sms","Social,Offline",85.6795774647887,7.64891510080922,0.222488872629718,54436.1825169171,4.65793147372437e-06,0.872810539387578,4.30509755927661e-06,0.0755551829495491,0.00347423915371472,0.153886832363829,0.896971191386183
263,"cora","Informational",7.8995078995079,13.8253718570086,0.307143366814021,19122604235.7141,4.0559781950109e-11,0.00470891733798336,0.00019717780336716,0.000170505242812603,0.000285096321044904,0.11687475617408,0.0512131147540984
269,"digg_reply","Social,Online",5.7653135074676,6.03046561745216,0.00859509849692231,2441818033.39149,1.6417468293022e-10,0.015090533561868,0.000600561519313642,9.4833593898536e-05,7.65742336185322e-05,0.00559819790845469,0.00218089857661566
274,"dnc","Social,Online",26.6777041942605,2.75929037867025,0.791403130624941,80305.4921726896,1.44884199194373e-05,-0.0878208585014714,0.000325629204018551,0.0294781261815033,0.0313546278366339,0.548201190488644,1
275,"douban","Social,Online",4.2239522813541,5.17428681953599,0.0480365750268102,61229054887.6459,0.000280021072406322,-0.180330659165501,0.0016185348002909,2.72676656403784e-05,0.000682719016070956,0.0103733330517979,1
276,"dutch_school_klas12b-net-1","Social,Offline",7,2.85359801488834,0.588698412698413,344.981934201601,0.00248960064168966,0.21325607233605,0.00315365108264517,0.14,0.0986407421561063,0.507692307692308,0.615384615384615
277,"dutch_school_klas12b-net-2","Social,Offline",11.0769230769231,2.17728055077453,0.707365839288916,96.5126944087658,0.0418401097333049,-0.157167291122116,0.00165774396543627,0.221538461538462,0.082268266953412,0.539568345323741,0.577464788732394
278,"dutch_school_klas12b-net-3","Social,Offline",18,1.64461538461538,0.779523190484729,22.9754281233788,0.0211909749822577,-0.3275043046754,0.000945757937496243,0.36,0.0309666402836696,0.644155844155844,0.58008658008658
279,"dutch_school_klas12b-net-4","Social,Offline",13.0769230769231,1.74,0.640546974393128,37.4513851181498,0.0088734806125505,-0.260620529260414,0.00123023677227094,0.261538461538462,0.0304844980347557,0.489189189189189,0.686390532544379
280,"dutch_school_klas12b-primary","Social,Offline",7.56521739130435,1.14,0.977443609022556,0.144135926222935,8.92709843070808e-05,0.821714898582335,0.00329422884465696,0.171936758893281,0.1802280746834,0.950617283950617,0.883720930232558
281,"ecoli_transcription_v1.0","Biological",2.72169811320755,1.35595567867036,0.203758154293033,8.04500649913345,9.33074016951027e-11,0.0835469470284039,0.00454010837109805,0.00321713724965431,0.00235849055859547,0.0227790432801822,0
282,"ecoli_transcription_v1.1","Biological",2.73286052009456,1.35506241331484,0.208895885338937,8.03737563941878,9.43851051337115e-11,0.084707276984876,0.00454213682522118,0.00323798639821631,0.00727484117388969,0.0238185255198488,0
283,"ego_social_facebook_combined","Social,Online",43.6910126268878,3.69250684969639,0.617003833629296,80856474.6125143,0.00130494886891013,0.0635772291856491,1.18876879786374e-05,0.0108199635034393,0.0255686986403415,0.519174277543307,1
285,"eu_airlines","Transportation",17.2086330935252,2.75816270060874,0.505418653430679,9254.29814909008,0.00358864454676902,-0.050223501112291,0.000394793066177656,0.0413669064748201,0.0332630572447712,0.303520449204271,1
287,"euroroad","Transportation",2.41396933560477,18.3712940287982,0.0199622531939605,205867440.309837,3.39885204507816e-06,0.126683573985363,0.0243199607203624,0.00205794487263834,0.00600084368632979,0.0338863395693611,1
288,"faa_routes","Transportation",4.26590538336052,7.95681542436811,0.0733077577701235,18091932.2481167,4.37092490936857e-05,0.00850567565147887,0.0053929654816874,0.0017411858707594,0.0136579913697214,0.0638923368393545,0.156907768848067
289,"facebook_friends","Social,Online",11.4252873563218,3.58244281877952,0.661661971398919,51720.9463738647,9.12942025187697e-05,0.0979584641361568,0.000566186586053808,0.0329259001623108,0.0453012302102796,0.51337405992163,1
290,"facebook_organizations_L1","Social,Online",15.6278266873813,6.26340348849297,0.243360675522844,658441033.357103,0.000652384634122827,0.176170226006698,0.000239897283484202,0.00269817449713075,0.00350709696178819,0.264582166869769,1
291,"facebook_organizations_L2","Social,Online",34.1125995655322,3.50384095841457,0.361059603645687,15017081.8988333,0.00144896073576077,0.103860445790171,3.5834792723915e-05,0.00617646198905164,0.00580813761502485,0.222391160234445,1
292,"facebook_organizations_M1","Social,Online",46.0125962211337,3.0361313174675,0.421151707485238,27677.3641898299,0.00213783968279785,0.0921515201067803,1.97552786258664e-05,0.0322217060372084,0.0108417910689012,0.260638710992002,1
293,"facebook_organizations_M2","Social,Online",45.2221646815122,2.7619326221087,0.308965287980563,32040.7035979219,0.00049589030916768,0.0886070652827016,3.28178879768034e-05,0.011712552365064,0.00713995865846464,0.225311201301246,1
294,"facebook_organizations_S1","Social,Online",14.80625,2.70679858934169,0.492610175106794,4241.64197696895,0.00313413784611061,-0.0217197976651672,0.000305565056862288,0.0464145768025078,0.0233824208318305,0.287704616516461,1
295,"facebook_organizations_S2","Social,Online",8.8,2.87812269031781,0.498568619786731,3532.20184365251,0.00358271667541266,-0.0728779851804126,0.000802022752780329,0.0536585365853659,0.0247287572529216,0.329760126526667,1
296,"facebook_wall","Social,Online",37.3570028965752,6.0577444885328,0.145928691893517,375702603.867428,6.82379510373126e-10,0.459628367070415,1.45388017955554e-05,0.000397829683037371,4.60624420914486e-05,0.0850968721665142,0.615392347774861
297,"fao_trade","Economic",2975.19626168224,1.51996187652229,0.816313656012025,0.48435752594815,3.80812334189664e-09,-0.0815113705170173,2.43996054821082e-07,6.98402878329165,0.0526794476867234,0.704009252393181,0.540363029549283
302,"florentine_families","Social,Offline",4.66666666666667,2.08571428571429,0.474489795918367,13.2768966116844,0.00409075668235044,-0.457298320321742,0.00898989898989899,0.333333333333333,0.0774060098434784,0.340909090909091,1
303,"foldoc","Informational",18.005091344714,5.22627367544861,0.337872733568872,295179085.658771,2.90912651041466e-09,0.126064478987399,8.08878123549737e-05,0.000674095520206439,0.000465775224566986,0.11319453494939,0.478500973070078
304,"foodweb_baywet","Biological",32.90625,2.41226407943606,0.334622181149526,2544.68782619521,0.00132058210545223,-0.233891017532841,0.000226604889690827,0.129552165354331,0.0159668494020079,0.311915412769418,0.0294396961063628
305,"foodweb_little_rock","Biological",27.2568306010929,1.89811141088716,0.324400693922585,127.090071416242,0.00153615033333109,-0.394403634730445,0.000393650946714927,0.0748814027502552,0.0231547989428512,0.332251199011367,0.0339256865912763
306,"foursquare_friendships_new","Social,Online",10.6247682026521,6.7585482836932,0.2115133790196,159344240380.05,1.77795893467854e-09,0.149125598288754,6.07267272112012e-05,9.29364012722909e-05,0.000745212691276078,0.131576760313423,1
307,"foursquare_friendships_old","Social,Online",6.36268849935272,7.40433174092516,0.215975052005927,428077979218.485,7.34686641866477e-10,0.127966692006678,0.000222921959357553,5.56553668059158e-05,0.000488959630656485,0.115133165555845,1
334,"freshmen_t0","Social,Offline",68,1,1,0.0285714285714286,0,NA,0.0144927536231884,1.03030303030303,1.7555143250657e-32,1,1
350,"genetic_multiplex_Arabidopsis","Biological",5.34527220630372,7.38101084845945,0.159256105543133,1023323382.11284,2.61863882237344e-08,-0.139067497136403,0.000153121141084157,0.000382954019652079,0.00122573864059229,0.0160279552051738,0.147485786830049
351,"genetic_multiplex_Bos_Multiplex_Genetic","Biological",1.98153846153846,1.61895910780669,0.108580858085809,13.2299233115974,7.60870162302481e-10,-0.245865714088982,0.0152793674876515,0.00305792972459639,0.00659528400567711,0.0257787325456498,0.0949367088607595
352,"genetic_multiplex_Candida","Biological",2.16893732970027,1.14219114219114,0.42250400384369,3.25195298490775,1.4010741062692e-07,-0.443445545206008,0.00317982478624773,0.0029630291389348,0.00546030251141444,0.00149953860350661,0.0618556701030928
353,"genetic_multiplex_Celegans","Biological",4.21861304459912,7.69700141178147,0.110276968624217,87241144.8840657,1.58810791952433e-08,-0.137450134173552,0.000546778816180585,0.000543916070732223,0.00194766743934518,0.0207406134547642,0.043369890329013
354,"genetic_multiplex_DanioRerio","Biological",2.4258064516129,2.03023758099352,0.362401013620526,121.549019607843,4.06802605979097e-08,-0.0658327061449452,0.0119061583577713,0.00787599497276917,0.0118032117684643,0.196850393700787,0.173913043478261
355,"genetic_multiplex_Drosophila","Biological",10.5580036518564,5.33893095788398,0.119753771358097,87575069.459875,3.67073262551504e-08,-0.010494396454198,0.000297675605147961,0.000642683446058946,0.00102638331464819,0.147827487027862,0.153029284240302
356,"genetic_multiplex_Gallus","Biological",2.48562300319489,2.21774193548387,0.117797099433828,1409.99834583344,3.65583796917927e-07,-0.368760766171183,0.00329493326585546,0.00398337019742771,0.0130492490724316,0.00522312837899753,0.165374677002584
357,"genetic_multiplex_HepatitusCVirus","Biological",2.60952380952381,1.94790286975717,0,693.912578717618,0.00106901334877616,-0.97588247650342,0.00449548189105326,0.0125457875457875,0.0153141432115903,0,0.248175182481752
358,"genetic_multiplex_Homo","Biological",18.7574360662935,3.50501382463102,0.309125842070391,1383672857.56483,8.03540938988226e-08,-0.0794197493039996,8.07139709186869e-06,0.000514720269641993,0.000510776018865066,0.0180810920494115,0.206828631603928
359,"genetic_multiplex_HumanHIV1","Biological",2.39814814814815,2.4029304029304,0.00597147950089127,412.955923531505,1.17392785383261e-06,-0.513929585922196,0.00409099719687481,0.0055770887166236,0,0.000253015096567429,0.185328185328185
360,"genetic_multiplex_HumanHerpes4","Biological",2.69651741293532,4.16640462464466,0.100673601348645,1577214.39483377,4.73243639217736e-05,-0.520188707107269,0.00182834088578506,0.00134288715783632,0.00477872064325336,0.00081021644353563,0.144345238095238
361,"genetic_multiplex_Mus","Biological",5.12275719633406,5.83495211416675,0.133383014328611,223058490.549131,2.63261404191632e-08,-0.102635763473736,0.000602109087604915,0.000330671133251618,0.000659088918468363,0.0174563965185415,0.165645424836601
362,"genetic_multiplex_Oryctolagus","Biological",2,1.16049382716049,0.136,1.16472416472416,4.69114866951026e-07,-0.558351899641919,0.00816090868064321,0.00699300699300699,0.021261793181653,0.0019563090968373,0.0851063829787234
363,"genetic_multiplex_Plasmodium","Biological",4.19285120532003,5.44709174311927,0.0284606208516364,2478412.86553838,1.64204768463003e-07,-0.0352841369165639,0.00215351255343776,0.00174411447808654,0.00653718961863801,0.028472532380527,0.0300813008130081
364,"genetic_multiplex_Rattus","Biological",3.23333333333333,5.02097256832898,0.217776329545914,22086848.8440761,1.21575176595319e-07,-0.13955899724336,0.000421950535746915,0.000612605785019578,0.00494814007563463,0.00476653234771704,0.167417595447
365,"genetic_multiplex_Sacchcere","Biological",86.0745814307458,2.90497315832881,0.219496264463099,732982.851035827,6.37071458908168e-06,-0.113052524790448,3.53734688924159e-06,0.00655157416888003,0.00848204759586243,0.105328693266835,0.277185136655605
366,"genetic_multiplex_Sacchpomb","Biological",31.1226783968719,3.32801187044208,0.237729739826353,1078813.70063171,5.39774817972451e-06,-0.18116275153401,3.40138642193651e-05,0.00380379838632021,0.0134876902482573,0.0806832720980966,0.201368955619342
367,"genetic_multiplex_Xenopus","Biological",2.68980477223427,5.50971547536433,0.214714975848415,62425.5406159952,3.76695668342856e-08,-0.144091859354631,0.00777288427016665,0.00292370083938508,0.00946598572462902,0.0863309352517986,0.226229508196721
370,"gnutella_04","Technological",7.35454211107025,6.77054440942884,0.00804160856492624,242036350.828334,4.87910857217658e-05,-0.00829953433875855,0.000863350210073102,0.000338139867175644,0.00491686208163951,0.00540202894191951,0
371,"gnutella_06","Technological",7.23299300217965,6.57196853129656,0.00862075862950281,130857876.570638,5.55450404649756e-06,-0.00317718996280119,0.000790817806781391,0.000414926170386625,0.00490967598173565,0.00810759003897607,0
372,"gnutella_08","Technological",6.59482621806063,6.63218429450511,0.015033759850187,120250088.604478,2.65196807273269e-06,-0.0285339698514286,0.00119660716143508,0.000523398906195288,0.00287121527069646,0.0206598792600706,0
373,"gnutella_09","Technological",6.41188070002465,7.05462353488282,0.0137442058665711,208157969.072642,3.52698164417315e-06,-0.0326590832052319,0.00127134011937153,0.00039516089609421,0.00245288395664992,0.0171679871252252,0
374,"gnutella_24","Technological",4.93016064559922,7.84952010069463,0.00937397710919054,1506458626.84145,1.46385685606247e-07,-0.00558292027540385,0.000582412476326559,9.29622628049782e-05,8.21699084974763e-05,0.0041014633821682,0
375,"gnutella_25","Technological",4.82258562172169,7.81502217811251,0.00899368876404879,1082474859.41084,8.87978530788813e-08,-0.00621929703130789,0.00294238514729286,0.000106289906147441,0.00525025691559478,0.00453555571812028,0
376,"gnutella_30","Technological",4.81587699689221,8.11346807474753,0.0114001691587478,3421805438.64435,1.35877164589865e-07,-0.0214005150225537,0.0039698501979351,6.56453885784495e-05,0.00556696015437733,0.00516370123712322,0
377,"gnutella_31","Technological",4.72604096762854,9.20015317943058,0.010080247707546,20963804501.5893,5.38186752631185e-08,-0.00628506097421209,0.00248196474677702,3.77569782506075e-05,0.00390468924432425,0.0038720193039803,0
380,"google_web","Social,Online",21.7225147497304,6.331907032343,0.604609930595287,54299162186.2805,0.00321708074180424,-0.123757475341724,4.21407489165915e-06,0.000689078630558634,0.00381052046382708,0.0132525783530146,0.25537910587959
381,"high_tech_company","Social,Offline",29.7142857142857,1.45238095238095,0.803203681178029,2.26641387048264,0.0170561438992148,-0.241655090193255,0.00103423483214424,0.742857142857143,0.0514512724806729,0.786357786357786,0.525641025641026
382,"highschool","Social,Offline",10.4571428571429,3.96885139519792,0.464907143816918,6249.51920203669,0.000382128792106279,0.0794989522434978,0.0013117420881396,0.0757763975155279,0.072482148214486,0.404302019315189,0.502732240437158
384,"inploid","Social,Online",7.83047371659034,3.31400548362967,0.434176578291289,264394393.811877,1.85121134375867e-08,-0.138227487987204,3.1821976722468e-05,0.000267653599828764,0.000351264607952336,0.0142600179079111,0.27201620224876
385,"interactome_figeys","Biological",5.76328718177758,3.1045667202011,0.070994752760048,16875.0343108791,3.8983376014037e-10,-0.0109654334407516,0.000723340237401705,0.00128759767242573,0.00620733764931882,0.00760644357070374,0.00619962802231866
386,"interactome_pdz","Biological",2.30188679245283,5.30592232260057,0.0132679738562092,120699.567422664,3.25701986920521e-05,-0.357907624942556,0.0162584241437926,0.0109094160779755,0.0155417150210766,0.00285986653956149,1
387,"interactome_stelzl","Biological",7.27667057444314,4.82868850759206,0.0112702648727757,3198081.94401061,8.08594567754404e-06,-0.184810759213082,0.00110551613090824,0.00213392098957277,0.00699797871643485,0.00576923076923077,0.977475287635715
388,"interactome_vidal","Biological",4.29364826045324,4.839622395386,0.106378170273926,8717064.07622196,6.2157421064753e-07,-0.0973394917119214,0.00135262154323561,0.0013708966348829,0.00220045600158695,0.0353680370232747,1
389,"interactome_yeast","Biological",2.43529411764706,6.81030014079099,0.152989278526575,20315021.8579489,5.94442419005016e-07,-0.152346818152484,0.00581701383058149,0.0013029931073553,0.00110657345321428,0.0550094986371521,1
390,"internet_as","Technological",4.21861255062492,3.84242627385835,0.349915358489383,3198363152.22296,0.00124325050725638,-0.198384875120565,0.000128164014836706,0.000183721476814952,0.00063706698855419,0.0111463838478222,1
391,"jdk","Technological",46.9334783960211,3.45856138474816,0.675482937265286,192920.28717694,7.70712594492696e-12,-0.138737859036371,1.07023345563133e-06,0.00364786867682428,0.000349941243388828,0.0110965456575586,0.00400039739046925
393,"jung","Technological",45.3287581699346,3.28076911910794,0.679653014579705,133757.274010365,8.45692246045958e-12,-0.15708296130465,1.49429817729037e-06,0.00370393513400348,0.000367874081921232,0.0109665646189733,0.00464291378887719
503,"law_firm","Social,Offline",72.4225352112676,1.72233400402414,0.571533393875639,5.92985849145675,0.00399284252086921,0.00874177708754713,0.000102950398867437,0.517303822937626,0.0467252329483539,0.545686108026909,0.616880591209646
504,"linux","Technological",13.8764471252067,4.86804645928742,0.141203370237699,264783694.887173,4.42083936294737e-13,-0.0772877107512645,5.90308406208863e-06,0.000225004007089226,0.000120531357610196,0.00282304380205367,0.00193980058475148
507,"london_transport","Transportation",2.39024390243902,13.7327383056439,0.0319607843137255,4426179.40112281,0.000304790345099054,0.165412045419753,0.0538783131733756,0.00649522799575822,0.010866635396547,0.0511140235910878,1
508,"malaria_genes_combined","Biological",230.00651465798,1.53428711332524,0.620332250292911,3.17869686179304,0.00387014278611621,0.345442399665226,9.02763791661172e-06,0.751655276660067,0.0645368696693678,0.633708059651216,1
510,"messal_shale","Biological",18.4114285714286,3.01283196189747,0.104444581217722,18118.9158841982,2.00517892066858e-05,-0.144387761738833,0.000152520619646822,0.0131698344573881,0.009666205827429,0.0736796518048548,0.00592454006859994
514,"montreal","Social,Offline",4.72727272727273,2.14320388349515,0.570345082477435,59.9801871415307,0.00205606004882278,-0.282650142993327,0.00651383585992836,0.147727272727273,0.0721808860864337,0.335593220338983,1
515,"moreno_taro","Social,Offline",7.09090909090909,2.49350649350649,0.339393939393939,45.5043367743368,0.00152561203581917,-0.37514450867052,0.0407660521296885,0.168831168831169,0.0314321232030932,0.275229357798165,1
519,"new_guinea_tribes","Social,Offline",7.25,1.54166666666667,0.539186507936508,1.0445054979936,0.00378017885871681,0.0499047619047631,0.00965909090909091,0.483333333333333,0.0387471179418687,0.527131782945736,1
521,"openflights","Transportation",41.5500933416304,3.98595261099921,0.63323677021861,2123563.16255457,5.02121018675959e-06,0.00417210440705094,4.05888883418215e-05,0.00646593422683323,0.00382214443165936,0.249716561023109,0.972592481653437
522,"packet_delays","Technological",1913.4,1,1,1.20890500490026e-05,0,0.0181691161205167,4.95774748539474e-05,106.3,0.00233719262705034,1,0.942218080149115
525,"pgp_strong","Social,Online",15.1521760981003,6.54513766786816,0.565328429454854,24033033467.1992,0.000911654629075559,0.0253691286041904,3.33749413773115e-05,0.00019037788790175,0.00072987106700052,0.253797218125704,0.692196963163935
526,"physician_trust","Social,Offline",9.11203319502075,3.30986295821238,0.312873365378267,3532.33821349104,1.59070231811484e-06,-0.0208696007903852,0.00120194356215653,0.0189834024896266,0.0204824041947885,0.251183653127336,0.318761384335155
530,"polblogs","Informational",31.1928104575163,3.39018372521524,0.360028652210119,317436.636689559,1.15061580360124e-06,-0.229591845861585,6.41543576857396e-05,0.0127525799090418,0.0127771578707457,0.225958517358976,0.241735212448263
531,"power","Technological",2.66909532483303,18.9891854244457,0.106538880849037,22856187951.1562,5.44556067255594e-05,0.00345698774420461,0.00949037983951313,0.000540302697334621,0.00244067561145795,0.103153224528601,1
532,"python_dependency","Technological",3.69061845666718,2.77703269960473,0.0984222047787798,102636354.802747,2.2228022874294e-15,-0.217289362013769,1.37306009665384e-05,3.14137964034862e-05,4.95903005628217e-05,0.000160163624121304,0.00424655890254147
533,"qa_user_askubuntu_all","Social,Online",12.1072208692159,4.22428879760372,0.183708087648161,10557218286.8913,8.63832498650556e-11,0.150433794474279,1.06029407789266e-05,3.79977430537485e-05,7.10739291256712e-06,0.0108485417566982,0.288638030663542
534,"qa_user_mathoverflow_all","Social,Online",40.8211781771295,3.46864510625426,0.412373126896299,22873824.9152702,1.91470767844283e-08,0.196592414526785,5.53101109352565e-06,0.000822443852543206,4.15556511528606e-05,0.0765778831368263,0.325693254550624
537,"reactome","Biological",46.6404299035878,4.21357680388858,0.646517666985719,6774332.13887198,3.66830261224237e-07,0.253125026582573,3.25726472320381e-05,0.00737281534991903,0.0203889215056982,0.605549254178526,1
538,"residence_hall","Social,Offline",24.6267281105991,2.76498074676589,0.362751138990148,1714.50610205757,0.000378489060592362,0.0805741018181378,0.00024943572835154,0.0570063150708312,0.0426814682520844,0.303605789341588,0.623502994011976
540,"scotus_majority_2007","Informational",11.6815647300147,8.35533229600507,0.218687948844971,369324431325.771,4.60622294765286e-09,-0.0824195175232251,5.11720025960965e-05,0.000168750212787685,0.000997004506008699,0.0773898757125177,0.00511458348790851
541,"scotus_majority_2008","Informational",17.0545697761341,5.03901829242077,0.235924220501635,72200261.6706089,2.53467357799277e-09,0.128823087998826,0.000103585483260656,0.000335508533524829,0.00028738183146678,0.126002958725518,0.00260222019212136
542,"slashdot_zoo","Social,Online",13.028894281814,4.71453448210381,0.0920869813314891,5664705379.03382,5.68796143152215e-10,-0.108029982433633,5.99971992898485e-05,8.23414920167733e-05,0.000545353276960918,0.0237483707482123,0.184968092557776
528,"social_location_brightkite","Social,Online",14.7061894621144,4.91726509277424,0.27067503178585,1325863832.97801,1.06011742694488e-08,0.0108157963145606,7.76167268670108e-05,0.000252566497709215,0.000734739543411763,0.110566895741713,1
530,"student_cooperation","Social,Offline",3.89189189189189,6.43712454945935,0.691858076563959,83308.6099660539,3.99477796277141e-05,0.366021988604445,0.0112655554817717,0.0211515863689777,0.0180992038814059,0.531602708803612,1
531,"topology","Technological",9.86179914271741,3.76787606105529,0.421235655185234,717928956.733048,0.00109144660780174,-0.230357309848748,4.27875417488136e-05,0.000283711137592561,0.000815144443642741,0.0485142373255179,1
535,"twitter_sample","Social,Online",3.59039346948606,6.91915210149472,0.0624450243407236,11803078210.6139,2.3203381953608e-07,-0.0611317584932587,0.00087020922414025,3.8605053046412e-06,0.000989985280468897,0.000612627225527968,0.00301151058281235
536,"ugandan_village_friendship-1","Social,Offline",5.91133004926108,3.22437318358702,0.0623312949814992,3283.37524932443,0.0007267368443353,-0.0828196350467063,0.00182532876336351,0.0292640101448568,0.0123411887992926,0.0574886535552194,1
537,"ugandan_village_friendship-10","Social,Offline",11.4009661835749,2.53951503212795,0.109508297471768,526.139555476052,0.00167798999012666,-0.0218794511819281,0.000712242244265404,0.0553444960367713,0.0197793624363524,0.102113371518862,1
538,"ugandan_village_friendship-11","Social,Offline",9.464,2.79437751004016,0.12879508791664,1750.86822663079,0.00128245374555257,-0.116049010445448,0.000835918367346939,0.0380080321285141,0.020642281518093,0.0930776049641389,1
539,"ugandan_village_friendship-12","Social,Offline",8.40174672489083,2.88132996246074,0.105373645185273,3051.76483509018,0.00209138515861684,-0.0591561804375649,0.00076884600232905,0.0368497663372405,0.0125123823199227,0.083161059951137,1
540,"ugandan_village_friendship-13","Social,Offline",9.54098360655738,2.6219900318261,0.103499123287035,676.295129978241,0.0017861792056048,-0.079477184001509,0.000861622564089118,0.0524229868492164,0.0261331153162931,0.0967942732648615,1
541,"ugandan_village_friendship-14","Social,Offline",9.7258064516129,2.51612903225806,0.173542352447302,385.90123592105,0.00216188715894177,-0.0454958460193185,0.000961118946703069,0.0790715971675846,0.0331564688455623,0.14786532454009,1
542,"ugandan_village_friendship-15","Social,Offline",4.91666666666667,3.27394957983193,0.087148346015128,1378.33317596427,0.00202109513353851,-0.0416534099598892,0.00344948018193632,0.0413165266106443,0.0360015360775055,0.0720151610865445,1
543,"ugandan_village_friendship-16","Social,Offline",7.93010752688172,3.12724980436484,0.0592776894921035,5766.14814961343,0.0011334904324511,-0.0379433252010851,0.00108463255146152,0.0213749529026461,0.0122944511822533,0.0499282639885222,1
544,"ugandan_village_friendship-17","Social,Offline",9.23076923076923,2.22596153846154,0.277108604537429,104.178981679211,0.00361473902540137,-0.0749815242412567,0.0013107254736214,0.144230769230769,0.0505419754927431,0.247933884297521,1
545,"ugandan_village_friendship-2","Social,Offline",8.51648351648352,2.7585021485574,0.130037114269109,1207.3398656574,0.000955449133492536,-0.0469148594244234,0.000898277546629195,0.0470523951186935,0.0204822954915211,0.108519003931848,1
546,"ugandan_village_friendship-3","Social,Offline",12.3020833333333,2.44426265270506,0.149482642001135,484.258026409754,0.00197894284637557,-0.0674507262088725,0.000531879653278579,0.0644088132635253,0.0193791285717628,0.130235294117647,1
547,"ugandan_village_friendship-4","Social,Offline",14.3875,2.5328565830721,0.103757211164649,795.403510759512,0.00127836179047595,-0.0887990429808521,0.000478143222417623,0.0451018808777429,0.0153420093857997,0.0890649414731764,1
548,"ugandan_village_friendship-5","Social,Offline",8.93478260869565,2.80232834402471,0.133486639609425,1186.61035431705,0.00189329442297551,-0.0183553566679155,0.00113674037091438,0.048823948681397,0.0210189912706301,0.116413214472994,1
549,"ugandan_village_friendship-6","Social,Offline",10.2014388489209,2.48847878219164,0.156420107262929,358.18524272556,0.00231597982330036,-0.0605107141111908,0.000884174590078255,0.0739234699197164,0.0262014810179684,0.135306280692685,1
550,"ugandan_village_friendship-7","Social,Offline",15.3553719008264,2.15771349862259,0.184992958767456,59.2102990036141,0.00181975524659416,-0.0531577388806758,0.000620354394894623,0.127961432506887,0.0258293827092697,0.170788253477589,1
551,"ugandan_village_friendship-8","Social,Offline",10.3089430894309,2.79704253564275,0.0747001562868736,3421.37627559284,0.000934620373152112,-0.0447107812398766,0.000709171192331086,0.0280134323082361,0.00908442012133046,0.0557259492850663,1
552,"ugandan_village_friendship-9","Social,Offline",14.0224719101124,2.32939757506507,0.230364215641113,497.100197678669,0.00239717923352544,-0.10887898757245,0.000416709685187301,0.0792230051418777,0.0156984778126996,0.156378600823045,1
553,"ugandan_village_health-advice_1","Social,Offline",4.97894736842105,3.22252889425565,0.127701447274375,8038.82414763124,0.000583602903921426,-0.185144585125966,0.00205610187343167,0.0263436368699527,0.0142376967298283,0.0548854041013269,1
554,"ugandan_village_health-advice_10","Social,Offline",8.62439024390244,2.7834927074278,0.186201714452547,2410.33567872038,0.00108901185037576,-0.08386460614169,0.000758345318865353,0.0422764227642276,0.0147994244662626,0.1261089461902,1
555,"ugandan_village_health-advice_11","Social,Offline",4.9,3.20148186186406,0.220097591147399,19043.9652926717,0.000311929316670803,-0.214759111735815,0.00155664794007491,0.0205020920502092,0.00964400957485808,0.0526191040530931,1
556,"ugandan_village_health-advice_12","Social,Offline",5.23981900452489,3.06637355204194,0.129677670922555,10780.6652637166,0.000494568723056347,-0.110908314704672,0.00135038712200288,0.0238173591114768,0.00686234078387344,0.0434715585016186,1
557,"ugandan_village_health-advice_13","Social,Offline",4.13872832369942,3.55042051114559,0.101763246007802,15530.7957227761,0.000181152821308508,-0.112593567209379,0.00239877665225498,0.0240623739749966,0.0124045691792546,0.0556257901390645,1
558,"ugandan_village_health-advice_14","Social,Offline",6.08333333333333,2.92885154061625,0.185635592592114,1124.81643622396,0.00224373291599459,-0.156431221337023,0.0024375367430923,0.0511204481792717,0.0308168710070647,0.111153994596681,1
559,"ugandan_village_health-advice_15","Social,Offline",3.58974358974359,3.40362511052166,0.174177208983895,8865.87842493769,0.00300808804472822,-0.258891462811571,0.00449515226843162,0.0309460654288241,0.017887556036935,0.0591397849462366,1
560,"ugandan_village_health-advice_16","Social,Offline",5.62285714285714,2.98414188321312,0.239474770563689,29445.5422090779,0.00114753707581582,-0.197092957563261,0.000673415966219403,0.0161113385182153,0.00588773970651854,0.0388317291735812,1
561,"ugandan_village_health-advice_17","Social,Offline",5.04761904761905,2.62621607782898,0.259620998414102,400.67143795347,0.00355223085418896,-0.269732221602991,0.00369776046619365,0.0814132104454685,0.0251988371977502,0.134328358208955,1
562,"ugandan_village_health-advice_2","Social,Offline",5.08235294117647,2.83828750435085,0.22458361970995,7971.46999907758,0.00298697533863351,-0.297122617240485,0.00201501589312886,0.030073094326488,0.0162340351449659,0.0557361820715281,1
563,"ugandan_village_health-advice_3","Social,Offline",7.37297297297297,2.55264394829612,0.25160732571196,2053.61362335695,0.00273947707580023,-0.347609053516666,0.00141316882692405,0.0400705052878966,0.0151932441839905,0.0776126444916254,1
564,"ugandan_village_health-advice_4","Social,Offline",7.07594936708861,3.10747438215793,0.0798406671371827,8592.64787028547,0.00152884158276868,-0.0997582067916756,0.000990750690318067,0.0224633313240908,0.00730211638924203,0.055003259452412,1
565,"ugandan_village_health-advice_5","Social,Offline",5.03571428571429,3.04592581775701,0.242871432998424,6097.69524066813,0.000879870402425518,-0.18764768293274,0.00157316755531041,0.0301539777587682,0.0136316363883346,0.0876039450783214,1
566,"ugandan_village_health-advice_6","Social,Offline",4.80597014925373,2.55032295948326,0.388704955066511,3515.45090716715,0.000831508764813665,-0.300764613749088,0.00193910043411439,0.0361351139041634,0.0126462393181377,0.0580155431050063,1
567,"ugandan_village_health-advice_7","Social,Offline",9.53719008264463,2.50922865013774,0.158544407637217,455.814560382273,0.00260517498341455,-0.0705308792432084,0.00105162389159384,0.0794765840220386,0.0177686274121264,0.136290753607696,1
568,"ugandan_village_health-advice_8","Social,Offline",7.53462603878116,3.02277623884272,0.0908622829538356,12001.1485258098,0.00135208112851505,-0.139493078481129,0.000939634875749948,0.0209295167743921,0.00867872751541645,0.0474718079301564,1
569,"ugandan_village_health-advice_9","Social,Offline",7.83815028901734,2.47546713267912,0.286895083304468,2301.35156801219,0.00318897408565708,-0.230828595054437,0.000801243039540343,0.0455706412152171,0.0114200268810497,0.0950614421516346,1
572,"webkb_webkb_cornell_cocite","Informational",155.098265895954,1.93098768534808,0.777776974388477,347.018923033028,0.00611087164175576,0.34862874988075,4.52953662994428e-05,0.224780095501382,0.155539604971736,0.796964794073752,1
573,"webkb_webkb_cornell_link1","Informational",7.98280802292264,3.38742839607201,0.218970346866901,71827.6527861919,0.00022624253873372,-0.224346943039082,0.000662241920619339,0.0114695517570728,0.00532618879243294,0.0328761458405128,1
574,"webkb_webkb_texas_cocite","Informational",197.532934131737,1.85285285285285,0.812814916662286,289.135066283676,0.0082786115718471,0.40646071540331,4.46781421188375e-05,0.2965959971948,0.160835310709733,0.817607267104755,1
575,"webkb_webkb_texas_link1","Informational",7.00699300699301,3.62590825891619,0.277618237766932,63683.5902215727,0.000117815417568686,-0.220233655568237,0.00134687693353859,0.012292970187707,0.00977656947970746,0.0745786516853933,1
576,"webkb_webkb_washington_cocite","Informational",140.377880184332,2.01979544704718,0.816621494585944,999.960451420391,0.005808174689436,0.245102735216486,2.82094984073492e-05,0.162099168804078,0.149302710308297,0.7635406659721,1
577,"webkb_webkb_washington_link1","Informational",8.96535796766744,3.54443589085621,0.191924108659322,233678.586052536,0.00238016291009486,-0.220614057840023,0.000636238618044028,0.0103765717218373,0.00794222690018877,0.0422834980844724,1
578,"webkb_webkb_wisconsin_cocite","Informational",191.091954022989,1.82949087415946,0.81066946486084,179.848202371415,0.00806637199799048,0.410584126461174,2.84168196757426e-05,0.275348636920733,0.175053693092523,0.834619137551805,1
579,"webkb_webkb_wisconsin_link1","Informational",7.7,4.31809806530863,0.27732878610526,165045.65525455,9.29556536024272e-05,-0.0996766721128035,0.00145354691075515,0.012876254180602,0.0192585499444454,0.197802197802198,1
581,"wiki_science","Informational",18.9898107714702,3.43326166566157,0.564799057369165,35111.935352805,8.60047122670226e-05,0.244804637269593,0.000201192839928267,0.0276819399001023,0.0348245542582033,0.46928188695104,1
582,"word_adjacency_darwin","Informational",12.5405771575667,3.23945370477155,0.465787573938748,58079201.7071382,5.79788883581483e-06,-0.229294115044753,5.29594480636441e-05,0.000849632598751133,0.00176967409961692,0.0360772037002391,0.089626412566712
583,"word_adjacency_french","Informational",5.83663663663664,3.83643669307584,0.270087657637577,167300047.782072,9.87419761222619e-07,-0.239876313098479,0.000120736874837534,0.000350590859961355,0.00065112891416277,0.0118354956592355,0.0373739452562256
584,"word_adjacency_japanese","Informational",6.13905325443787,3.54642067105099,0.303269380913588,9004845.87597744,4.59757077333486e-08,-0.265586125029719,0.000286144346240253,0.00113559993607804,0.00375793690075715,0.0301266084668323,0.0727710843373494
585,"word_adjacency_spanish","Informational",7.79026411185914,3.30909189127773,0.517129955571996,199723460.324364,5.00797191684168e-07,-0.280107564922535,6.42026029606916e-05,0.000336222016049164,0.000770602089062796,0.0168150722094805,0.0914711161337499
586,"word_assoc","Informational",27.0051876188829,3.71447548041355,0.0974999421410062,10840897.2502732,4.2607782983312e-07,0.00260517407143325,6.89252731334692e-05,0.000583744490486424,0.00116844509627317,0.0403937568791556,0.0940633118445107
587,"wordnet","Informational",8.99967809321598,5.53207138472792,0.655310095756619,144867385392.952,7.72525246817305e-09,-0.0623248415737792,7.62075840128802e-05,6.16399420099174e-05,0.000103726455953446,0.0957733287871584,1
589,"yeast_transcription","Biological",3.17101449275362,1.44025974025974,0.0900413341992826,28.855605975202,2.8679203930771e-11,-0.217323112168736,0.00386566124350002,0.00230117162028565,0.00275746963010162,0.0162223056702967,0.00184842883548983
