"Name","Domain","Nodes","Edges","Iterations_1","Iteration_2","Iteration_3","Iteration_4","Iteration_5","Iteration_6","Iteration_7","Iteration_8","Iteration_9","Iteration_10","Mean"
"7th_graders","Social,Offline",29,740,57,55,53,39,47,78,99,55,52,34,56.9
"add_health_comm1","Social,Offline",69,305,161,187,120,245,161,200,438,184,178,153,202.7
"add_health_comm10","Social,Offline",678,3441,1577,1384,1645,1455,1533,1543,1583,1530,1341,1496,1508.7
"add_health_comm11","Social,Offline",411,1975,951,963,950,917,978,1005,1188,1261,966,1163,1034.2
"add_health_comm12","Social,Offline",581,3585,1343,1556,1268,1485,1676,1214,1327,1398,1455,1363,1408.5
"add_health_comm13","Social,Offline",654,2936,1598,1824,1728,1710,1589,1607,1603,1338,1510,1465,1597.2
"add_health_comm14","Social,Offline",562,3344,1283,1550,1461,1507,1522,1422,1311,1277,1091,1476,1390
"add_health_comm15","Social,Offline",1062,5370,2535,2465,2467,2479,2467,2457,2495,2370,2357,2549,2464.1
"add_health_comm16","Social,Offline",778,4125,1898,1860,1907,1662,1824,1871,1595,1892,1933,1788,1823
"add_health_comm17","Social,Offline",1218,6488,2598,2665,2560,2848,2972,2702,2611,2884,3163,2314,2731.7
"add_health_comm18","Social,Offline",284,1511,765,684,650,786,685,537,550,608,845,723,683.3
"add_health_comm19","Social,Offline",492,2675,1184,1177,1093,1221,973,1052,1151,1042,1253,1233,1137.9
"add_health_comm2","Social,Offline",105,447,335,206,293,256,224,198,405,248,244,335,274.4
"add_health_comm20","Social,Offline",910,5229,1998,1986,2129,1932,2315,2167,2248,2081,2196,2206,2125.8
"add_health_comm21","Social,Offline",377,2021,1003,1043,906,942,966,879,917,1032,1079,851,961.8
"add_health_comm22","Social,Offline",614,3133,1405,1530,1485,1424,1638,1712,1300,1474,1635,1892,1549.5
"add_health_comm23","Social,Offline",667,3783,1543,1420,1631,1482,1474,1686,1577,1570,1686,1482,1555.1
"add_health_comm24","Social,Offline",853,3739,2332,2346,2112,2257,2097,2323,2222,2254,2050,2053,2204.6
"add_health_comm25","Social,Offline",798,3197,1913,2181,1955,1965,1881,1895,1973,1887,1941,1808,1939.9
"add_health_comm26","Social,Offline",551,2624,1394,1272,1392,1362,1308,1379,1421,1492,1358,1439,1381.7
"add_health_comm27","Social,Offline",1169,3303,3792,4011,3400,3959,3516,4220,3872,3443,3633,3557,3740.3
"add_health_comm28","Social,Offline",1138,5721,2600,2596,2348,2504,2724,2493,2735,2550,2620,2723,2589.3
"add_health_comm29","Social,Offline",569,3203,1397,1744,1464,1303,1501,1769,1448,1360,1327,1448,1476.1
"add_health_comm3","Social,Offline",32,127,66,84,123,46,78,48,120,110,56,77,80.8
"add_health_comm30","Social,Offline",718,3442,1715,1703,1877,1619,1620,1772,1705,1881,1794,1806,1749.2
"add_health_comm31","Social,Offline",751,2028,2264,2170,2516,2202,2377,2389,2182,2255,2285,2378,2301.8
"add_health_comm32","Social,Offline",855,4192,2119,1829,1864,1889,1807,2058,1833,1956,1948,2168,1947.1
"add_health_comm33","Social,Offline",1987,5858,5117,5215,5178,4923,5187,5462,5040,5045,5417,5532,5211.6
"add_health_comm34","Social,Offline",1607,6985,3711,3669,3809,3536,3575,3564,3712,3833,3732,3539,3668
"add_health_comm35","Social,Offline",851,3735,1977,1902,1885,2024,1972,1908,2063,1942,1941,2155,1976.9
"add_health_comm36","Social,Offline",2154,9880,4976,4999,5203,5114,5070,5340,5171,5136,5126,5034,5116.9
"add_health_comm37","Social,Offline",373,879,1227,1194,1095,1206,1309,969,1127,991,1020,1195,1133.3
"add_health_comm38","Social,Offline",521,2340,1145,1316,1200,1241,1187,1303,1295,1241,1250,1330,1250.8
"add_health_comm39","Social,Offline",991,4883,2286,2536,2574,2165,2564,2456,2305,2398,2176,2131,2359.1
"add_health_comm4","Social,Offline",281,1396,696,676,607,529,578,593,514,601,759,678,623.1
"add_health_comm40","Social,Offline",2002,10488,4658,4893,4731,4397,4796,4714,4684,4226,5031,4428,4655.8
"add_health_comm41","Social,Offline",2064,10503,5158,4509,4827,4660,4957,5037,4616,4755,5221,4927,4866.7
"add_health_comm42","Social,Offline",1407,5622,3388,3175,3084,3306,3296,3434,3152,3259,3525,3204,3282.3
"add_health_comm43","Social,Offline",1642,6343,4108,4021,3933,3894,3629,3749,4199,3866,4169,3847,3941.5
"add_health_comm44","Social,Offline",1127,6189,2419,2615,2612,2518,2675,2546,3035,2474,2573,2439,2590.6
"add_health_comm45","Social,Offline",936,3231,2285,2509,2374,2390,2330,2354,2799,2373,2531,2413,2435.8
"add_health_comm46","Social,Offline",1519,7149,3548,3830,3451,3402,3575,3138,3427,3679,3525,3436,3501.1
"add_health_comm47","Social,Offline",985,5410,2302,2284,2433,2336,2137,2149,2350,2216,2323,2410,2294
"add_health_comm48","Social,Offline",1171,6217,2728,2704,2607,2860,2563,2933,2680,2946,2878,2609,2750.8
"add_health_comm49","Social,Offline",1884,8873,4420,4519,4601,4360,4567,5135,4857,4445,4303,4687,4589.4
"add_health_comm5","Social,Offline",157,945,427,393,338,343,344,409,306,381,364,397,370.2
"add_health_comm50","Social,Offline",2539,12969,5592,5508,6101,6166,5845,5837,5903,5784,6061,5985,5878.2
"add_health_comm51","Social,Offline",683,1953,1799,2036,1908,1884,1907,1937,1891,1915,1840,2056,1917.3
"add_health_comm52","Social,Offline",1723,6774,4380,4124,4075,4185,4167,4033,4305,3956,4236,3875,4133.6
"add_health_comm53","Social,Offline",581,1815,1802,1618,1426,1526,1734,1912,1635,1680,1515,1526,1637.4
"add_health_comm54","Social,Offline",1041,3713,2700,2545,2478,2513,2647,3048,2765,2759,2777,2624,2685.6
"add_health_comm55","Social,Offline",336,1010,897,1068,914,858,1027,1032,965,831,952,981,952.5
"add_health_comm56","Social,Offline",446,1653,927,1284,1101,1135,1137,1370,1197,1140,1297,1025,1161.3
"add_health_comm57","Social,Offline",1193,4292,2849,3263,3220,3316,3254,3198,3184,3469,3188,3102,3204.3
"add_health_comm58","Social,Offline",1715,7021,4400,4035,4170,4385,4702,4388,4024,4425,4480,4789,4379.8
"add_health_comm59","Social,Offline",975,4160,2534,2426,2297,2402,2905,2547,2569,2535,2160,2258,2463.3
"add_health_comm6","Social,Offline",108,457,270,341,348,276,192,310,255,415,259,222,288.8
"add_health_comm60","Social,Offline",1143,4693,2984,2876,2836,2788,3192,2743,3194,2816,2980,2920,2932.9
"add_health_comm61","Social,Offline",1743,5402,4358,4620,4344,4471,4567,4841,4898,5139,4906,5388,4753.2
"add_health_comm62","Social,Offline",1051,3328,2753,2681,2818,2862,2768,2904,2487,2941,2920,2967,2810.1
"add_health_comm63","Social,Offline",98,353,245,307,309,217,363,420,429,196,275,265,302.6
"add_health_comm64","Social,Offline",696,3545,1769,1611,1776,1363,1618,1466,1799,1589,1672,1694,1635.7
"add_health_comm65","Social,Offline",559,2329,1290,1500,1398,1620,1238,1446,1269,1262,1416,1327,1376.6
"add_health_comm66","Social,Offline",644,3591,1520,1554,1620,1422,1595,1650,1410,1428,1346,1403,1494.8
"add_health_comm67","Social,Offline",456,1080,1437,1376,1449,1593,1654,1471,1397,1535,1541,1388,1484.1
"add_health_comm68","Social,Offline",1393,4849,3385,3993,3512,3760,3539,3411,3608,3761,3636,3507,3611.2
"add_health_comm69","Social,Offline",893,4562,2073,1966,2212,1951,1906,2160,2136,2055,2082,2031,2057.2
"add_health_comm7","Social,Offline",441,2158,1235,924,1019,1050,1101,1014,999,1166,926,1218,1065.2
"add_health_comm70","Social,Offline",76,440,428,161,185,224,142,288,174,139,256,267,226.4
"add_health_comm71","Social,Offline",74,466,259,147,144,150,149,208,252,141,663,176,228.9
"add_health_comm72","Social,Offline",352,1784,879,851,936,817,801,733,1065,828,1045,936,889.1
"add_health_comm73","Social,Offline",1632,8557,3671,3927,3888,3840,3873,3587,3692,3825,3616,3642,3756.1
"add_health_comm74","Social,Offline",656,2066,1566,1738,1678,1508,1639,1679,1834,1831,2076,1933,1748.2
"add_health_comm75","Social,Offline",994,5459,2351,2113,2454,2221,2331,2049,2064,2442,2322,2472,2281.9
"add_health_comm76","Social,Offline",43,250,90,134,203,144,103,122,82,212,134,109,133.3
"add_health_comm77","Social,Offline",25,145,99,40,46,94,82,49,34,56,91,153,74.4
"add_health_comm78","Social,Offline",432,1719,1022,1234,1023,1252,1231,1095,1165,1004,941,1191,1115.8
"add_health_comm79","Social,Offline",1195,5374,2920,2891,3130,2740,2706,2649,3472,2984,2835,2805,2913.2
"add_health_comm8","Social,Offline",204,1012,406,594,521,496,423,478,534,459,515,466,489.2
"add_health_comm80","Social,Offline",594,2188,1613,1551,1526,1578,1578,1804,1613,1570,1957,1545,1633.5
"add_health_comm81","Social,Offline",1290,4689,3233,2877,3296,3513,3193,3181,3119,3002,2958,3385,3175.7
"add_health_comm82","Social,Offline",925,5096,2123,2109,2112,2186,2229,1954,2073,2415,2334,2101,2163.6
"add_health_comm83","Social,Offline",1268,4524,3230,3023,3030,3311,3151,3288,3320,3283,2984,3578,3219.8
"add_health_comm84","Social,Offline",1569,4794,4528,4350,3979,4182,4118,4245,4251,4305,4410,4085,4245.3
"add_health_comm9","Social,Offline",248,1264,869,498,522,548,629,571,569,591,608,524,592.9
"adjnoun","Informational",112,425,230,249,227,219,224,486,304,199,211,211,256
"advogato","Social,Online",6539,51127,45442,49997,48088,48950,47786,52269,48319,49870,47629,48633,48698.3
"aids_blogs_(2005)","Informational",146,180,216,342,400,317,223,318,247,266,309,467,310.5
"amazon_pages_(2012)","Informational",2879,3886,4377,4270,4425,4311,4353,4498,4451,4431,4442,4571,4412.9
"amazon_political_books_(2004)","Economic",105,441,235,256,145,239,199,201,220,301,201,293,229
"anaheim_traffic_network_(1992)","Transportation",416,634,2025,1361,1185,1252,1834,1248,1663,1448,1491,2126,1563.3
"anybeat","Social,Online",12645,67053,35825,36566,34896,34678,35131,35457,35544,36218,35722,35255,35529.2
"barcelona_traffic_(2016)","Transportation",930,1798,3196,3036,2955,3030,3094,2984,3065,2752,2839,3711,3066.2
"berlin_traffic_(2005)_1","Transportation",224,376,851,821,975,803,975,935,893,717,649,768,838.7
"berlin_traffic_(2005)_2","Transportation",397,644,1447,2124,1636,1486,1528,1625,1487,1633,2096,1960,1702.2
"berlin_traffic_(2005)_3","Transportation",974,1611,3442,4197,4957,4187,3408,3909,3643,3757,4210,4396,4010.6
"berlin_traffic_(2005)_4","Transportation",350,553,1210,1640,1112,1110,1320,1154,1575,1246,1506,1756,1362.9
"berlin_traffic_(2005)_5","Transportation",359,595,1499,1380,1706,1504,1430,2033,1471,1345,1414,1695,1547.7
"bible_nouns","Informational",1773,9131,4263,3966,4142,4208,4276,4110,4044,4152,4367,4074,4160.2
"binary_interactomes_(various_species;_2012)_1","Biological",297,560,941,922,836,1076,1533,764,965,942,873,1214,1006.6
"binary_interactomes_(various_species;_2012)_10","Biological",297,1028,1088,1172,893,944,898,889,908,1165,1021,1025,1000.3
"binary_interactomes_(various_species;_2012)_11","Biological",128,108,197,180,235,206,196,203,305,158,161,207,204.8
"binary_interactomes_(various_species;_2012)_12","Biological",50,1329,357,229,247,241,210,333,390,156,301,301,276.5
"binary_interactomes_(various_species;_2012)_13","Biological",26,117,68,65,101,130,85,288,98,52,134,65,108.6
"binary_interactomes_(various_species;_2012)_14","Biological",32,153,131,186,149,98,149,83,253,222,122,46,143.9
"binary_interactomes_(various_species;_2012)_15","Biological",974,114,3138,3126,3101,3186,3258,3348,3103,2986,3085,3111,3144.2
"binary_interactomes_(various_species;_2012)_16","Biological",3155,56,8444,8969,8119,7946,8157,8247,8292,8465,8075,8319,8303.3
"binary_interactomes_(various_species;_2012)_17","Biological",705,118,1811,1964,2016,1968,1900,1955,2428,2177,1798,1984,2000.1
"binary_interactomes_(various_species;_2012)_2","Biological",537,560,1335,1134,1207,1230,1397,1296,1185,1257,1335,1304,1268
"binary_interactomes_(various_species;_2012)_3","Biological",81,134,243,196,228,328,204,272,287,209,274,302,254.3
"binary_interactomes_(various_species;_2012)_4","Biological",890,53,1956,2027,2263,1942,2255,2174,1992,1949,2219,1930,2070.7
"binary_interactomes_(various_species;_2012)_5","Biological",104,56,252,308,220,186,374,290,267,273,229,320,271.9
"binary_interactomes_(various_species;_2012)_6","Biological",129,37,702,385,449,344,451,437,484,325,358,606,454.1
"binary_interactomes_(various_species;_2012)_7","Biological",96,2299,236,259,328,307,421,285,204,385,412,316,315.3
"binary_interactomes_(various_species;_2012)_8","Biological",28,5648,56,50,56,52,85,49,145,134,71,123,82.1
"binary_interactomes_(various_species;_2012)_9","Biological",90,1243,174,179,183,160,175,167,177,185,209,367,197.6
"bitcoin","Social,Online",3783,24186,10160,10089,9289,9439,9885,10222,9877,9950,9821,9973,9870.5
"bitcoin_alpha","Economic",5881,35592,14972,15327,15630,15227,14976,14693,15096,15488,15131,15565,15210.5
"blumenau_drug","Biological",75,181,135,217,253,116,164,138,242,226,138,160,178.9
"budapest_connectome_all_1m","Biological",1015,121755,1944,1997,1846,1886,1961,1953,1936,2036,1906,2059,1952.4
"budapest_connectome_all_200k","Biological",1015,105293,1950,2017,1835,1810,1760,2057,1915,1945,1980,1960,1922.9
"budapest_connectome_all_20k","Biological",1015,71604,1970,1840,1842,1918,1990,1997,2031,1892,1964,1984,1942.8
"budapest_connectome_female_1m","Biological",1015,112890,1942,1768,2050,1985,1896,1809,1936,1996,1843,1893,1911.8
"budapest_connectome_female_200k","Biological",1015,96857,2180,1895,1835,1916,1974,1940,1853,1902,1737,1884,1911.6
"budapest_connectome_female_20k","Biological",1015,63448,2068,2151,1926,1949,1831,1921,1923,1849,1892,1921,1943.1
"budapest_connectome_male_1m","Biological",1015,93708,1847,1801,2026,2030,1894,1884,2096,2072,1857,2019,1952.6
"budapest_connectome_male_200k","Biological",1015,80270,1816,1835,1905,1789,2091,2213,1995,1976,1898,1807,1932.5
"budapest_connectome_male_20k","Biological",1015,54480,1886,1744,1830,1885,1960,1884,1913,2014,1864,1815,1879.5
"c._elegans_interactomes_(2009)_1","Biological",345,400,957,985,763,827,748,896,992,955,1115,978,921.6
"c._elegans_interactomes_(2009)_2","Biological",683,1543,1699,1609,1630,1901,1515,1664,1586,1592,1834,1931,1696.1
"c._elegans_interactomes_(2009)_3","Biological",117,123,165,270,240,244,214,208,269,179,179,202,217
"c._elegans_interactomes_(2009)_4","Biological",1084,1602,2520,2613,2487,2724,2412,2791,2405,2359,2420,2648,2537.9
"c._elegans_interactomes_(2009)_5","Biological",1108,1500,2236,2549,2807,2688,2503,2704,2533,2705,2818,2769,2631.2
"c._elegans_interactomes_(2009)_6","Biological",2214,3538,5209,5346,5301,4895,5149,5535,5179,5354,5086,5143,5219.7
"c._elegans_interactomes_(2009)_7","Biological",297,2148,629,530,495,530,623,484,533,670,632,636,576.2
"c._elegans_interactomes_(2009)_8","Biological",279,2287,605,430,491,529,492,516,462,606,492,571,519.4
"c._elegans_interactomes_(2009)_9","Biological",269,2902,621,543,574,555,483,474,622,621,513,473,547.9
"c._elegans_neurons_(1986)","Biological",297,2148,614,550,637,535,681,686,501,553,548,611,591.6
"cat_brain_(2013)","Biological",65,730,258,183,128,139,108,176,131,172,119,123,153.7
"cat_cerebral_hemisphere_1","Biological",95,1170,192,202,288,233,182,217,200,169,241,192,211.6
"cat_cerebral_hemisphere_2","Biological",52,515,97,104,112,110,155,68,146,92,118,100,110.2
"celegans_2019_hermaphrodite_chemical_corrected","Biological",446,4879,994,934,1003,1031,1026,852,910,1026,1140,998,991.4
"celegans_2019_hermaphrodite_chemical_synapse","Biological",357,3701,850,880,987,647,926,870,761,690,687,854,815.2
"celegans_2019_hermaphrodite_gap_junction_corrected","Biological",462,1450,1261,1340,1637,1235,1518,2185,1168,1405,1430,1350,1452.9
"celegans_2019_hermaphrodite_gap_junction_synapse","Biological",315,2056,800,880,717,840,880,743,719,851,707,780,791.7
"celegans_2019_male_chemical_corrected","Biological",559,5306,1234,1117,1418,1384,1402,1419,1387,1279,1338,1408,1338.6
"celegans_2019_male_chemical_synapse","Biological",328,3531,831,701,714,801,889,697,604,728,703,942,761
"celegans_2019_male_gap_junction_corrected","Biological",543,1758,1779,2163,2632,2600,1721,2003,2122,1464,1875,1717,2007.6
"celegans_2019_male_gap_junction_synapse","Biological",300,2363,785,756,656,1157,1432,1041,876,845,726,949,922.3
"celegans_interactomes_BPmaps","Biological",537,554,4389,NA,NA,NA,NA,4392,4298,NA,3210,3893,NA
"celegans_interactomes_Genetic","Biological",759,1593,2507,2329,2134,2098,2243,2208,2284,2012,2395,2241,2245.1
"celegans_interactomes_IntegratedNetwork","Biological",6176,178151,70101,66031,68116,72874,67508,66632,72652,67526,68632,70603,69067.5
"celegans_interactomes_Interolog","Biological",2724,14322,13693,12927,13844,13166,12940,13961,14692,13830,13085,12960,13509.8
"celegans_interactomes_LCI","Biological",431,438,NA,NA,NA,NA,NA,NA,2553,NA,NA,NA,NA
"celegans_interactomes_Microarray","Biological",2436,136930,22683,21765,22948,20987,24412,20921,21433,22340,21273,25112,22387.4
"celegans_interactomes_Phenotypes","Biological",912,22738,1770,1869,1893,1717,1895,1732,1751,1896,1922,1950,1839.5
"celegans_interactomes_WI8","Biological",2528,3864,7500,7716,7530,7604,7626,7328,7430,7249,6852,6916,7375.1
"celegans_interactomes_wi2004","Biological",1237,1735,3122,3300,3642,3334,3497,3687,3308,3686,3425,3598,3459.9
"celegans_interactomes_wi2007","Biological",1496,1816,5760,5305,5497,6494,5890,6019,5332,5885,6493,5946,5862.1
"celegans_metabolic","Biological",453,4596,935,914,1062,1002,1023,1069,991,1132,992,988,1010.8
"celegansneural","Biological",297,2359,554,614,552,540,667,491,612,488,575,539,563.2
"centrality_literature_(1948-1979)","Informational",118,613,240,212,284,251,214,329,225,218,245,233,245.1
"chicago_road","Transportation",12979,39018,46016,48337,47282,45020,44491,44771,44339,49137,47726,45065,46218.4
"college_freshmen","Social,Offline",32,3062,40,61,556,45,61,100,37,452,38,40,143
"collins_yeast","Biological",1622,9070,27505,34010,NA,67260,NA,26881,35910,35140,32176,53425,NA
"contact","Social,Offline",274,28244,8405,9067,9028,6968,6839,8127,8418,8416,8242,8773,8228.3
"contiguous_usa","Transportation",49,107,160,143,178,308,174,142,151,184,154,142,173.6
"copenhagen_calls","Social,Offline",536,3600,8722,9294,NA,9153,11456,NA,10577,10187,13413,NA,NA
"copenhagen_fb_friends","Social,Offline",800,6429,1751,1592,1677,1759,1621,1623,1706,1645,1699,1719,1679.2
"copenhagen_sms","Social,Offline",568,24333,13162,16022,10608,14458,15087,11919,13918,10716,13432,13020,13234.2
"cora","Informational",23166,91500,56919,57283,57296,58639,55849,56364,57398,56924,56743,56504,56991.9
"deezer_europe","Social,Online",28281,92752,71816,71402,73227,74194,69477,72754,73662,72641,72936,70971,72308
"digg_reply","Social,Online",30398,87627,74622,75626,75292,76183,75215,74184,75261,76397,75327,75930,75403.7
"diseasome_shared","Biological",516,2376,1723,1462,1701,1739,1939,1720,1641,2277,2138,1783,1812.3
"dnc","Social,Online",906,12085,6814,6304,6863,7246,7199,7648,6577,7722,7460,8036,7186.9
"dutch_school_klas12b-net-1","Social,Offline",26,91,60,56,99,52,81,151,43,220,100,51,91.3
"dutch_school_klas12b-net-2","Social,Offline",26,144,56,68,51,71,58,141,80,110,72,55,76.2
"dutch_school_klas12b-net-3","Social,Offline",26,234,37,32,31,52,33,41,43,67,47,35,41.8
"dutch_school_klas12b-net-4","Social,Offline",26,170,52,26,40,62,92,55,39,48,93,45,55.2
"ecoli_transcription_v1.0","Biological",424,577,1408,1372,1390,1783,1734,1474,1219,1198,1695,1313,1458.6
"ecoli_transcription_v1.1","Biological",423,578,1303,1633,1606,1950,1579,1575,1167,1434,1287,1537,1507.1
"ego_social_facebook_combined","Social,Online",4039,88234,12955,12604,13158,11950,12049,12339,11713,11710,11600,11962,12204
"email_network","Social,Online",1133,10903,2341,2451,2684,2499,2513,2424,2539,2617,2746,2587,2540.1
"email_network_(uni._r-v,_spain,_2003)","Social,Offline",1133,5451,2476,2462,2651,2641,2472,2515,2463,2490,2727,2489,2538.6
"eu_airlines","Transportation",417,3588,1216,1416,1408,1367,1200,1390,1294,1327,1280,1399,1329.7
"european_airline_network","Transportation",417,2953,1229,1042,1197,1005,1165,1225,1174,1147,1150,1188,1152.2
"euroroad","Transportation",1174,1417,5417,5304,4728,5287,5961,6042,5010,5270,5578,5663,5426
"euroroad_network_(2011)","Transportation",1039,1305,4712,4537,4150,5029,4842,4326,4090,4691,4608,4144,4512.9
"faa_preferred_routes_(2010)","Transportation",1226,2408,2731,3722,2953,3007,3405,3096,3115,3129,3011,3108,3127.7
"faa_routes","Transportation",1226,2615,3252,3403,3451,3307,2917,3003,3066,3169,3145,3335,3204.8
"facebook_friends","Social,Online",348,1988,1068,961,1087,969,1193,873,937,994,1246,1131,1045.9
"facebook_organizations_L1","Social,Online",5793,45266,37851,37584,37638,36668,38072,36717,37432,36406,35205,37797,37137
"facebook_organizations_L2","Social,Online",5524,94219,11649,11116,11238,11680,11264,11504,11556,10985,11303,11681,11397.6
"facebook_organizations_M1","Social,Online",1429,32876,3367,3545,3239,3229,3313,3223,3229,3211,3173,3518,3304.7
"facebook_organizations_M2","Social,Online",3862,87324,7363,7052,7508,7657,7231,7539,7309,7222,7108,7358,7334.7
"facebook_organizations_S1","Social,Online",320,2369,646,668,636,678,708,685,693,818,805,688,702.5
"facebook_organizations_S2","Social,Online",165,726,471,548,547,374,364,430,281,326,325,324,399
"faculty_hiring_networks_(comp._sci.,_business,_history)_1","Economic",206,2741,417,340,409,364,418,308,405,369,431,419,388
"faculty_hiring_networks_(comp._sci.,_business,_history)_2","Economic",113,2944,165,205,192,218,197,259,179,205,215,218,205.3
"faculty_hiring_networks_(comp._sci.,_business,_history)_3","Economic",145,2266,213,272,272,314,260,227,272,212,231,268,254.1
"family_planning_in_korea_1","Social,Offline",33,68,257,115,160,61,137,42,102,110,275,98,135.7
"family_planning_in_korea_2","Social,Offline",35,84,186,142,124,125,64,115,116,140,258,104,137.4
"fao_multiplex_trade_network","Economic",183,945,382,306,354,344,362,262,402,400,326,426,356.4
"fao_trade","Economic",214,318346,696,703,768,878,708,551,606,802,729,760,720.1
"florentine_families","Social,Offline",15,35,30,27,24,40,47,31,30,44,34,55,36.2
"foldoc","Informational",13356,120238,27098,27558,26942,26975,27022,27095,27604,26741,26829,27291,27115.5
"foodweb_baywet","Biological",128,2106,199,224,197,284,301,252,239,298,271,217,248.2
"foodweb_little_rock","Biological",183,2494,568,421,401,420,363,348,389,317,313,272,381.2
"fungal_growth_networks_1","Biological",305,465,1336,1295,1133,1105,1207,1236,1314,1318,1247,1509,1270
"fungal_growth_networks_10","Biological",251,302,1032,1103,1283,1164,1221,1395,1194,848,1106,1351,1169.7
"fungal_growth_networks_11","Biological",192,488,871,971,1083,530,1308,667,931,774,984,773,889.2
"fungal_growth_networks_12","Biological",199,159,1208,956,721,841,923,1007,730,650,784,803,862.3
"fungal_growth_networks_13","Biological",283,199,1113,1166,1227,1084,939,1392,2016,1061,925,1275,1219.8
"fungal_growth_networks_14","Biological",305,134,1733,1170,1201,1387,1197,1351,1737,2720,1493,1070,1505.9
"fungal_growth_networks_15","Biological",281,381,1220,1209,1330,1011,1120,1037,1323,1238,1487,1331,1230.6
"fungal_growth_networks_16","Biological",311,369,1337,1224,1295,1269,1180,1411,1748,1351,1208,1452,1347.5
"fungal_growth_networks_17","Biological",224,443,841,786,692,838,1186,1307,1192,710,1617,895,1006.4
"fungal_growth_networks_18","Biological",257,460,927,973,1572,1844,1601,951,1334,1589,1171,1094,1305.6
"fungal_growth_networks_19","Biological",411,417,2170,1612,1584,1864,1735,1729,2870,2017,2060,1672,1931.3
"fungal_growth_networks_2","Biological",142,399,954,584,1472,569,980,568,610,552,428,722,743.9
"fungal_growth_networks_20","Biological",176,286,917,699,662,1271,673,1205,876,1014,922,722,896.1
"fungal_growth_networks_21","Biological",116,200,527,607,509,595,474,644,381,1126,818,1131,681.2
"fungal_growth_networks_22","Biological",318,163,1805,2657,1416,1166,1450,1696,998,1276,1481,1472,1541.7
"fungal_growth_networks_23","Biological",339,276,2369,1493,2190,1911,1409,1079,2116,1359,1964,2039,1792.9
"fungal_growth_networks_24","Biological",359,224,1746,2262,1042,1654,1500,1461,1303,1821,1818,1663,1627
"fungal_growth_networks_25","Biological",386,171,1818,1498,2150,1928,1691,2191,1494,1856,1431,1545,1760.2
"fungal_growth_networks_26","Biological",346,404,1524,1693,1216,1417,1538,1790,1231,1255,1792,1746,1520.2
"fungal_growth_networks_27","Biological",254,175,984,1413,1162,1089,1311,1150,1101,989,1280,1395,1187.4
"fungal_growth_networks_28","Biological",158,154,572,607,440,946,688,619,589,783,619,566,642.9
"fungal_growth_networks_29","Biological",120,412,276,389,423,317,519,421,536,335,423,297,393.6
"fungal_growth_networks_3","Biological",223,307,696,729,782,1028,1116,863,911,1153,934,798,901
"fungal_growth_networks_30","Biological",182,86,590,640,830,774,843,666,410,715,654,545,666.7
"fungal_growth_networks_31","Biological",132,218,443,363,454,450,516,496,391,420,370,584,448.7
"fungal_growth_networks_4","Biological",322,311,1510,1475,1023,998,1174,1341,1164,1877,1284,1374,1322
"fungal_growth_networks_5","Biological",146,437,913,484,484,1295,678,1022,714,555,371,663,717.9
"fungal_growth_networks_6","Biological",121,477,462,489,334,470,328,348,357,373,383,341,388.5
"fungal_growth_networks_7","Biological",332,429,1604,1719,1808,1461,1066,1219,1510,1734,1145,1796,1506.2
"fungal_growth_networks_8","Biological",84,474,236,257,296,373,498,242,235,236,386,494,325.3
"fungal_growth_networks_9","Biological",187,348,673,811,978,769,997,701,619,757,705,809,781.9
"garfield's_citation_networks_(2001)_1","Informational",207,777,484,438,427,657,489,620,398,469,399,513,489.4
"garfield's_citation_networks_(2001)_2","Informational",1024,4916,2025,2077,2039,1830,2006,2036,1989,2072,2028,1921,2002.3
"gemsec_ro","Social,Online",41773,125826,98890,99421,99878,99675,98256,98550,99178,98568,98971,97705,98909.2
"genetic_multiplex_Arabidopsis","Biological",6980,18655,16666,17523,16839,16989,16486,17077,16928,16549,17033,16770,16886
"genetic_multiplex_Bos_Multiplex_Genetic","Biological",325,322,NA,NA,NA,NA,NA,NA,NA,NA,NA,NA,NA
"genetic_multiplex_Candida","Biological",367,398,675,755,757,701,671,1092,652,801,760,1407,827.1
"genetic_multiplex_Celegans","Biological",3879,8182,9447,8947,9202,9469,8924,9020,8990,8886,9390,9309,9158.4
"genetic_multiplex_DanioRerio","Biological",155,188,NA,NA,NA,NA,NA,NA,NA,NA,NA,NA,NA
"genetic_multiplex_Drosophila","Biological",8215,43367,23630,23450,23379,23993,24028,23046,23488,22952,23425,23492,23488.3
"genetic_multiplex_Gallus","Biological",313,389,1055,909,910,NA,NA,838,847,1249,1107,1410,NA
"genetic_multiplex_Homo","Biological",18222,170899,61935,62170,62654,64429,62861,62100,62007,63809,62608,62465,62703.8
"genetic_multiplex_HumanHIV1","Biological",1005,259,1525,1452,1499,1621,1526,1408,1357,1341,1609,1496,1483.4
"genetic_multiplex_HumanHerpes4","Biological",216,1355,427,555,682,548,475,473,497,406,407,454,492.4
"genetic_multiplex_Mus","Biological",7747,19843,19347,18934,18747,18700,19481,19111,18807,18973,19254,19305,19065.9
"genetic_multiplex_Oryctolagus","Biological",144,144,NA,NA,NA,NA,NA,NA,NA,NA,NA,NA,NA
"genetic_multiplex_Plasmodium","Biological",1203,2522,2785,2926,2719,2666,2804,2523,2882,2872,2655,2643,2747.5
"genetic_multiplex_Rattus","Biological",2640,4268,5967,6027,5977,6125,5376,5962,6188,5637,6271,5984,5951.4
"genetic_multiplex_Sacchcere","Biological",6570,282755,17372,17180,17636,17662,17549,16990,17644,17513,17142,17861,17454.9
"genetic_multiplex_Sacchpomb","Biological",4092,63677,11969,12769,12293,12318,12702,11844,12531,12632,12234,11716,12300.8
"genetic_multiplex_Xenopus","Biological",461,620,2358,2714,NA,NA,4822,NA,4449,NA,NA,3364,NA
"german_highway_system_(2002)","Transportation",1168,1243,6149,6986,7610,6085,6565,6261,6391,6670,6319,6972,6600.8
"github_2","Social,Online",37700,289003,93736,93995,95264,94984,94566,95537,94600,94555,96655,93672,94756.4
"global_language_network_(2014)_1","Informational",247,415,399,383,411,393,473,425,441,376,420,407,412.8
"global_language_network_(2014)_2","Informational",134,282,209,220,223,215,228,238,296,264,223,213,232.9
"gnutella_04","Technological",10876,39994,23898,24298,24483,24604,24736,23837,23616,24318,23815,24315,24192
"gnutella_06","Technological",8717,31525,18913,19199,19339,19531,18924,19459,18776,19850,19286,18722,19199.9
"gnutella_08","Technological",6301,20777,14610,14284,14678,14759,14579,14918,14938,14919,15002,14886,14757.3
"gnutella_09","Technological",8114,26013,20069,19453,19181,18692,19389,18672,18628,19757,19182,18920,19194.3
"gnutella_24","Technological",26518,65369,58967,59361,59507,59151,58923,59457,58929,59317,59328,59171,59211.1
"gnutella_25","Technological",22687,54705,51216,51063,50388,50175,51603,49651,50886,50855,51233,50249,50731.9
"gnutella_30","Technological",36682,88328,85013,83493,82942,84103,84342,84362,84263,84062,84130,83943,84065.3
"google","Social,Online",15763,171206,36567,36697,36753,36394,36968,36467,36021,36713,37000,37253,36683.3
"gplus","Social,Online",23628,39242,36754,36683,37597,36707,37406,36743,36307,36895,36573,36718,36838.3
"gplus_1","Social,Online",4805,344852,10515,11056,10704,10783,11093,11386,10922,10456,11219,11189,10932.3
"gplus_10","Social,Online",1650,151766,3179,3492,3121,3463,3615,3353,3317,3361,3482,3390,3377.3
"gplus_3","Social,Online",1604,165655,3193,3393,3356,3558,3397,3284,3208,3580,3465,3248,3368.2
"gplus_4","Social,Online",4604,430977,10853,10714,10691,10707,10313,10177,10388,10751,10450,10146,10519
"gplus_5","Social,Online",4842,263128,11720,11697,11143,11758,11761,11553,11893,11524,12058,11760,11686.7
"gplus_6","Social,Online",3545,259796,10495,9861,9838,9549,10155,9846,9732,9863,9634,10276,9924.9
"gplus_7","Social,Online",3870,469544,7847,8161,7937,7693,7683,7644,7754,8016,7972,7792,7849.9
"gplus_8","Social,Online",2761,152646,6080,5880,5546,6060,5684,5593,5549,5926,5852,5989,5815.9
"gplus_9","Social,Online",2455,433841,4779,4623,4921,4957,4737,4934,4694,4789,4694,4910,4803.8
"guava_library_dependencies_(2012)","Technological",457,926,1830,1407,1580,1414,1618,1464,1612,1433,1521,1177,1505.6
"hamsterer","Social,Online",2426,16630,8345,8403,8348,8965,9416,8959,8423,8779,8933,8723,8729.4
"high_school_dynamic_contacts_(2011-2012)_1","Social,Offline",126,1709,200,221,278,275,250,208,232,271,233,182,235
"high_school_dynamic_contacts_(2011-2012)_2","Social,Offline",180,2220,473,537,410,349,370,414,364,387,248,350,390.2
"high_tech_company","Social,Offline",21,312,56,51,51,53,27,37,26,38,38,41,41.8
"highschool","Social,Offline",70,366,231,159,145,179,123,225,112,183,158,155,167
"highschool_2011","Social,Offline",126,28561,375,394,296,443,442,421,436,417,389,367,398
"highschool_2012","Social,Offline",180,45047,628,734,552,515,568,690,765,765,933,656,680.6
"hiv_transmission","Social,Offline",35229,85890,85429,85283,87719,85472,86667,84063,84464,86794,86361,88347,86059.9
"india_bus_routes_(2016)_1","Transportation",1103,2149,2759,2737,2809,2992,3043,3020,3128,2935,3225,3207,2985.5
"india_bus_routes_(2016)_2","Transportation",1009,1610,3916,3861,3202,3496,3274,3401,3697,3545,3512,3408,3531.2
"india_bus_routes_(2016)_3","Transportation",1554,3599,3713,3959,3754,3590,3679,3972,4143,4024,3854,3806,3849.4
"india_bus_routes_(2016)_4","Transportation",1087,2952,2442,2374,2358,2473,2722,2317,2238,2383,2212,2130,2364.9
"india_bus_routes_(2016)_5","Transportation",519,877,1694,1332,1422,1443,1664,1384,1447,1394,1457,1286,1452.3
"india_bus_routes_(2016)_6","Transportation",2266,3041,11726,11218,12050,10430,11175,10989,10471,10403,11539,10575,11057.6
"inploid","Social,Online",14629,57276,41309,41592,41258,41233,40333,41537,42365,41394,41908,41371,41430
"interactome_figeys","Biological",2239,6452,5149,5071,5092,5223,4980,5296,5054,4914,4838,5002,5061.9
"interactome_pdz","Biological",212,244,851,1062,812,844,782,674,739,883,651,890,818.8
"interactome_stelzl","Biological",1706,6207,4550,4954,4462,4654,4593,4316,4687,4481,4079,4439,4521.5
"interactome_vidal","Biological",3133,6726,9278,8788,8820,8777,8935,8645,9313,9004,8579,9351,8949
"interactome_yeast","Biological",1870,2277,6061,7342,7512,7564,6761,7162,6488,6530,7048,6728,6919.6
"internet_as","Technological",22963,48436,40310,39879,40100,40665,40508,39747,40734,40516,39902,39610,40197.1
"iscas89_benchmark_circuits_1","Technological",588,1038,1405,1434,1914,1731,1454,1624,1322,1443,1416,1504,1524.7
"iscas89_benchmark_circuits_10","Technological",567,308,1473,1271,1386,1421,1415,1469,1450,1418,1394,1516,1421.3
"iscas89_benchmark_circuits_11","Technological",819,313,2689,1961,2297,2140,2599,2589,2661,2493,2468,2524,2442.1
"iscas89_benchmark_circuits_12","Technological",692,360,1462,1407,1478,1441,1474,1506,1469,1495,1414,1437,1458.3
"iscas89_benchmark_circuits_13","Technological",686,327,1435,1681,1339,1673,1269,1413,1425,1423,1492,1315,1446.5
"iscas89_benchmark_circuits_14","Technological",131,400,386,452,549,442,403,468,556,342,503,351,445.2
"iscas89_benchmark_circuits_16","Technological",156,363,419,695,390,606,464,536,514,582,576,644,542.6
"iscas89_benchmark_circuits_17","Technological",219,437,818,724,730,781,632,585,624,648,599,655,679.6
"iscas89_benchmark_circuits_18","Technological",220,472,634,612,585,883,733,1082,819,521,862,770,750.1
"iscas89_benchmark_circuits_19","Technological",183,472,636,595,521,658,513,773,574,488,598,432,578.8
"iscas89_benchmark_circuits_2","Technological",185,1070,422,531,650,385,533,355,430,361,559,589,481.5
"iscas89_benchmark_circuits_20","Technological",187,575,510,464,525,435,596,512,501,550,507,480,508
"iscas89_benchmark_circuits_21","Technological",269,627,908,781,1089,785,880,902,824,891,914,734,870.8
"iscas89_benchmark_circuits_22","Technological",249,781,739,823,958,660,859,899,888,1039,1153,902,892
"iscas89_benchmark_circuits_23","Technological",210,793,544,1104,571,787,474,639,658,908,658,471,681.4
"iscas89_benchmark_circuits_24","Technological",249,820,746,814,651,636,698,894,621,662,581,821,712.4
"iscas89_benchmark_circuits_25","Technological",244,704,747,699,573,506,729,619,611,651,523,625,628.3
"iscas89_benchmark_circuits_26","Technological",245,772,692,660,578,824,653,935,768,651,606,800,716.7
"iscas89_benchmark_circuits_3","Technological",467,1237,2504,2211,2301,2032,1870,1993,1827,2219,2192,2179,2132.8
"iscas89_benchmark_circuits_4","Technological",481,1412,2314,1879,2465,2303,1878,2060,1971,2330,2401,1764,2136.5
"iscas89_benchmark_circuits_5","Technological",336,1418,684,744,713,693,674,771,829,794,844,839,758.5
"iscas89_benchmark_circuits_6","Technological",334,190,663,700,723,799,713,602,686,639,820,831,717.6
"iscas89_benchmark_circuits_7","Technological",545,176,1984,1640,1790,1767,1546,2176,1548,2274,1834,1723,1828.2
"iscas89_benchmark_circuits_8","Technological",491,264,2044,1514,1743,1747,1676,1759,1633,1557,1407,1754,1683.4
"iscas89_benchmark_circuits_9","Technological",446,304,1195,1269,1152,1342,1411,1102,1172,1149,1053,1273,1211.8
"itc99_benchmark_circuits_1","Technological",149,273,303,455,409,387,411,374,294,526,390,423,397.2
"itc99_benchmark_circuits_10","Technological",737,617,2084,1919,2099,1930,2041,1904,2150,1992,2255,2313,2068.7
"itc99_benchmark_circuits_2","Technological",998,1341,2551,2776,2560,2692,2720,2791,2722,2886,2930,2625,2725.3
"itc99_benchmark_circuits_3","Technological",441,1928,1220,1177,1009,1287,1159,1225,1200,1376,1502,1270,1242.5
"itc99_benchmark_circuits_4","Technological",167,802,425,376,620,534,464,475,371,338,399,561,456.3
"itc99_benchmark_circuits_5","Technological",159,309,377,500,479,497,390,368,414,375,490,424,431.4
"itc99_benchmark_circuits_6","Technological",189,293,425,603,506,497,510,536,400,683,516,674,535
"itc99_benchmark_circuits_7","Technological",770,361,2401,2203,1873,2353,2291,2064,2090,2058,1939,1907,2117.9
"itc99_benchmark_circuits_8","Technological",1036,1415,2949,2717,2637,2466,2822,2901,2360,2553,2802,2833,2704
"itc99_benchmark_circuits_9","Technological",362,2022,1021,1036,1166,1407,1144,1029,973,1736,1170,881,1156.3
"ito_core_yeast_interactome_(2001)","Biological",426,521,1006,1198,1062,1249,1366,1216,1264,1106,1489,1149,1210.5
"java_library_dependencies_(2014)","Technological",249,802,600,625,607,596,522,641,505,617,621,598,593.2
"java_packages_(various)_1","Technological",105,292,286,239,265,355,246,205,174,365,209,253,259.7
"java_packages_(various)_2","Technological",192,488,348,498,543,398,390,408,508,400,532,517,454.2
"java_packages_(various)_3","Technological",228,491,701,603,690,465,988,703,550,570,626,632,652.8
"java_packages_(various)_4","Technological",398,943,861,989,878,819,987,1080,804,737,846,863,886.4
"java_packages_(various)_5","Technological",504,1139,1158,1194,1446,1113,1255,1158,1401,1248,1236,1253,1246.2
"java_packages_(various)_6","Technological",486,2717,966,902,925,950,912,1039,1118,1101,997,996,990.6
"javax,_java,_jung,_appengine_dependencies_(2010)_1","Technological",96,179,173,236,232,454,375,437,315,282,287,323,311.4
"javax,_java,_jung,_appengine_dependencies_(2010)_2","Technological",435,1303,1012,1140,917,1035,904,773,957,1013,894,944,958.9
"javax,_java,_jung,_appengine_dependencies_(2010)_3","Technological",1031,4408,2272,2048,2178,2014,2080,2366,2108,2187,2112,2197,2156.2
"jdk","Technological",6434,150985,17687,17198,16902,16830,17268,17044,16967,17333,16781,17178,17118.8
"jung","Technological",6120,138706,16324,16151,16251,16086,16568,16557,16378,16324,16332,16622,16359.3
"kapferer_tailor_shop_(1972)_1","Social,Offline",39,169,68,95,83,89,48,74,111,451,101,84,120.4
"kapferer_tailor_shop_(1972)_2","Social,Offline",39,248,50,102,100,85,81,65,59,66,76,74,75.8
"lastfm_asia","Social,Online",7624,27806,19892,20627,21072,19951,20087,20317,19888,20044,19729,19768,20137.5
"law_firm","Social,Offline",71,2571,162,132,105,118,212,128,103,126,140,128,135.4
"linux","Technological",30837,213954,64140,63612,65013,63625,63103,63284,63941,63460,64865,63836,63887.9
"london_transport","Transportation",369,441,1822,1705,2965,1998,1793,1502,2036,1551,1648,1948,1896.8
"london_transport_network","Transportation",369,430,1718,2160,2043,2466,2597,2434,1662,1706,2083,2679,2154.8
"macaque_cortical_connectivity_(cocomac)_1","Biological",94,1515,271,233,183,191,316,157,256,142,199,145,209.3
"macaque_cortical_connectivity_(cocomac)_2","Biological",71,438,293,182,147,222,166,156,158,141,143,174,178.2
"macaque_cortical_connectivity_(cocomac)_3","Biological",47,313,162,69,115,69,115,128,105,148,145,76,113.2
"macaque_visual_cortex_(1991)_1","Biological",30,190,40,53,80,60,122,75,77,63,71,50,69.1
"macaque_visual_cortex_(1991)_2","Biological",32,194,45,60,100,97,49,79,62,50,84,68,69.4
"medieval_russia_trade_network","Economic",39,53,138,120,161,134,150,82,169,150,175,84,136.3
"messal_shale","Biological",700,6444,1240,1382,1386,1290,1464,1345,1195,1361,1322,1410,1339.5
"metabolic_networks_from_kegg_(2006)_1","Biological",880,2296,1725,1756,1521,1733,1761,1669,1661,1737,1957,1691,1721.1
"metabolic_networks_from_kegg_(2006)_10","Biological",861,1425,1835,1715,1619,1856,1638,1790,1665,1624,1856,1818,1741.6
"metabolic_networks_from_kegg_(2006)_11","Biological",769,1476,1520,1706,1449,1438,1534,1399,1436,1433,1446,1430,1479.1
"metabolic_networks_from_kegg_(2006)_12","Biological",619,1482,1223,1279,1140,1297,1406,1090,1301,1346,1255,1088,1242.5
"metabolic_networks_from_kegg_(2006)_13","Biological",464,1481,963,819,829,1072,964,941,901,977,1051,906,942.3
"metabolic_networks_from_kegg_(2006)_14","Biological",813,1421,1789,1595,1764,1530,1543,1483,1514,1552,1504,1624,1589.8
"metabolic_networks_from_kegg_(2006)_15","Biological",601,1986,1111,1191,1339,1155,1314,1146,1222,1196,1446,1146,1226.6
"metabolic_networks_from_kegg_(2006)_16","Biological",1042,1977,2047,2162,1950,1986,2076,1839,2028,2104,2112,2191,2049.5
"metabolic_networks_from_kegg_(2006)_17","Biological",808,2186,1710,1736,1705,1545,1630,1654,1663,1599,1617,1538,1639.7
"metabolic_networks_from_kegg_(2006)_18","Biological",598,806,1267,1050,1192,1337,1225,1286,1302,1378,1229,1206,1247.2
"metabolic_networks_from_kegg_(2006)_19","Biological",609,1771,1222,1124,1124,1376,1129,1143,1354,1222,1141,1144,1197.9
"metabolic_networks_from_kegg_(2006)_2","Biological",610,2011,1261,1213,1340,1285,1181,1314,1099,1119,1238,1353,1240.3
"metabolic_networks_from_kegg_(2006)_20","Biological",610,1657,1315,1188,1463,1260,1125,1294,1217,1164,1132,1151,1230.9
"metabolic_networks_from_kegg_(2006)_21","Biological",600,2353,1159,1400,1310,1049,1161,1092,1193,1190,1174,1117,1184.5
"metabolic_networks_from_kegg_(2006)_22","Biological",783,1289,1705,1585,1454,1631,1562,1565,1481,1524,1544,1537,1558.8
"metabolic_networks_from_kegg_(2006)_23","Biological",816,856,1621,1776,1575,1674,1624,1664,1536,1774,1498,1573,1631.5
"metabolic_networks_from_kegg_(2006)_24","Biological",896,887,1731,1791,1919,1807,1718,1765,1818,1851,1595,1664,1765.9
"metabolic_networks_from_kegg_(2006)_25","Biological",337,1818,759,664,659,706,725,854,671,751,785,584,715.8
"metabolic_networks_from_kegg_(2006)_26","Biological",759,712,1475,1504,1589,1582,1557,1496,1520,1598,1662,1592,1557.5
"metabolic_networks_from_kegg_(2006)_3","Biological",725,1858,1278,1477,1342,1450,1486,1325,1307,1635,1500,1451,1425.1
"metabolic_networks_from_kegg_(2006)_4","Biological",965,1501,1698,1946,1865,1970,1764,1922,1735,1824,1878,1851,1845.3
"metabolic_networks_from_kegg_(2006)_5","Biological",546,1115,1090,1050,1133,1250,1020,1005,1035,1068,1160,1158,1096.9
"metabolic_networks_from_kegg_(2006)_6","Biological",354,2103,635,667,603,726,682,773,750,840,754,659,708.9
"metabolic_networks_from_kegg_(2006)_7","Biological",360,1536,808,804,954,774,682,698,683,637,700,780,752
"metabolic_networks_from_kegg_(2006)_8","Biological",774,2764,1505,1590,1811,1746,1506,1620,1564,1484,1431,1521,1577.8
"metabolic_networks_from_kegg_(2006)_9","Biological",300,2105,619,575,627,692,556,536,509,577,592,657,594
"montreal","Social,Offline",33,78,70,65,119,68,107,98,NA,90,NA,182,NA
"moreno_taro","Social,Offline",22,78,56,58,54,84,77,41,56,71,103,61,66.1
"mouse_suprachiasmatic_nucleus_1","Biological",179,705,632,670,585,417,452,497,496,719,451,590,550.9
"mouse_suprachiasmatic_nucleus_2","Biological",155,744,415,334,516,419,387,353,305,463,363,397,395.2
"mouse_suprachiasmatic_nucleus_3","Biological",176,803,462,503,349,413,483,533,558,425,390,364,448
"mouse_visual_cortex_(2011)_1","Biological",29,44,85,76,75,115,45,71,89,72,88,51,76.7
"mouse_visual_cortex_(2011)_2","Biological",193,214,290,318,310,448,505,511,397,328,381,570,405.8
"new_guinea_tribes","Social,Offline",16,58,43,50,22,26,44,25,49,43,40,36,37.8
"openflights","Transportation",3214,66771,16938,16525,16241,16582,15593,16057,15821,15927,16622,16520,16282.6
"p._pacificus_nematode_(2013)_1","Biological",54,141,173,207,147,131,126,115,113,136,126,167,144.1
"p._pacificus_nematode_(2013)_2","Biological",50,141,119,101,130,90,113,82,80,71,129,126,104.1
"pgp_strong","Social,Online",39796,301498,153320,153248,155222,152963,150497,149988,154438,152646,152142,151705,152616.9
"physician_trust","Social,Offline",241,1098,492,506,549,618,564,849,673,541,800,676,626.8
"polblogs","Informational",1224,19090,3388,3323,3652,3578,3386,3320,3581,3348,3457,3332,3436.5
"political_books_network_(2004)","Informational",105,441,257,204,627,187,310,200,180,360,252,193,277
"power","Technological",4941,6594,18035,18043,17331,17641,18994,19066,18359,18268,18842,17105,18168.4
"reactome","Biological",6327,147547,37107,38155,37792,38174,37948,36427,37944,34050,37323,37149,37206.9
"reguly_yeast_interactome_(2006)","Biological",1213,2556,3812,3666,4089,4086,3975,4291,3980,3874,4520,4003,4029.6
"residence_hall","Social,Offline",217,2672,437,449,502,430,420,423,500,488,413,395,445.7
"rhesus_brain_(2012)","Biological",242,3054,477,410,443,435,513,535,533,532,580,475,493.3
"rhesus_cortex_(2014)","Biological",91,1401,121,329,204,164,224,162,128,136,141,165,177.4
"roget's_thesaurus_(1879)","Informational",994,3640,2255,2495,2174,2164,2202,2270,2193,2187,2277,2067,2228.4
"rome_roads_(1999)","Transportation",3353,4831,13398,12736,13303,12360,12026,13407,13026,13287,12801,12580,12892.4
"route_views_as_graphs_(1997-1998)_1","Technological",493,1145,965,936,1081,1074,1173,1169,1029,1079,1042,1157,1070.5
"route_views_as_graphs_(1997-1998)_2","Technological",522,1198,1131,1085,1209,1117,1071,1056,1081,1122,1188,1136,1119.6
"route_views_as_graphs_(1997-1998)_3","Technological",512,1181,1026,1092,1115,1214,1112,1167,1028,1091,1093,1200,1113.8
"route_views_as_graphs_(1999-2000)_1","Technological",541,1233,1279,1240,1068,1105,1129,1160,1101,1166,1296,1198,1174.2
"route_views_as_graphs_(1999-2000)_10","Technological",527,1249,1157,1188,1093,1156,1064,1075,1242,1144,1030,1058,1120.7
"route_views_as_graphs_(1999-2000)_11","Technological",530,239,1071,1060,1040,1284,1088,1106,1095,1163,1134,1053,1109.4
"route_views_as_graphs_(1999-2000)_12","Technological",545,4218,1196,1143,1250,1199,1191,1126,1281,1210,1107,1214,1191.7
"route_views_as_graphs_(1999-2000)_13","Technological",544,4347,1107,1215,1149,1180,1107,1212,1113,1105,1130,1185,1150.3
"route_views_as_graphs_(1999-2000)_2","Technological",538,1198,1215,1159,1262,1168,1134,1038,1212,1109,1253,1065,1161.5
"route_views_as_graphs_(1999-2000)_3","Technological",557,1198,1225,1101,1158,1184,1155,1236,1170,1040,1346,1288,1190.3
"route_views_as_graphs_(1999-2000)_4","Technological",553,1246,1021,1282,1078,1202,1218,1096,1203,1140,1193,1197,1163
"route_views_as_graphs_(1999-2000)_5","Technological",561,1240,1232,1043,1121,1224,1336,1199,1202,1322,1197,1214,1209
"route_views_as_graphs_(1999-2000)_6","Technological",549,1225,1061,1068,1199,1165,1152,1165,1217,1079,1170,1224,1150
"route_views_as_graphs_(1999-2000)_7","Technological",103,1278,221,294,214,257,198,184,196,164,204,253,218.5
"route_views_as_graphs_(1999-2000)_8","Technological",2067,1264,4072,3936,4005,3880,4224,3907,4026,3982,4080,4039,4015.1
"route_views_as_graphs_(1999-2000)_9","Technological",2132,1280,4207,4159,3943,3969,4001,4232,4032,4290,4114,3896,4084.3
"scotus_majority_2007","Informational",34613,202167,88722,88175,87921,86997,88794,89287,90160,87991,87926,88724,88469.7
"scotus_majority_2008","Informational",25417,216738,66239,67276,67105,66840,67612,66274,67567,67840,66081,66998,66983.2
"software_function-callgraphs_(2002)_1","Technological",1035,1719,2337,2652,2635,2780,2490,2526,2143,2466,2482,2101,2461.2
"software_function-callgraphs_(2002)_2","Technological",162,252,454,505,431,446,271,484,480,393,418,489,437.1
"software_function-callgraphs_(2002)_3","Technological",771,1357,1858,1763,1636,1739,1715,1662,1651,1909,1878,1613,1742.4
"software_function-callgraphs_(2002)_4","Technological",971,1802,2447,2256,2335,2390,2351,2705,2462,2387,3029,2505,2486.7
"student_cooperation","Social,Offline",185,360,1426,1353,1115,1115,1662,946,837,951,991,1864,1226
"terrassa_traffic_(2016)","Transportation",1603,2320,6342,6585,6072,6176,7141,5955,6384,6821,6172,6291,6393.9
"turker_network","Social,Online",1389,5268,10443,9377,9201,8229,11948,8919,8068,11372,12509,7860,9792.6
"twitch_de","Social,Online",9498,153138,21206,21335,21259,21387,20850,20977,21230,21616,20765,20495,21112
"twitch_engb","Social,Online",7126,35324,15731,16188,16121,16624,16075,16137,15977,15728,16246,15899,16072.6
"twitch_es","Social,Online",4648,59382,10549,10515,10445,10585,10386,10910,10493,10571,10844,10980,10627.8
"twitch_fr","Social,Online",6549,112666,13730,13467,13634,13450,13507,13999,13558,13315,13539,13229,13542.8
"twitch_ptbr","Social,Online",1912,31299,3853,3990,4372,4096,4161,4045,4231,4445,4093,4074,4136
"twitch_ru","Social,Online",4385,37304,9859,9514,9941,9732,9713,9933,9950,9646,10250,9783,9832.1
"twitter_1","Social,Online",246,9630,419,667,516,466,466,452,498,442,525,544,499.5
"twitter_10","Social,Online",216,9715,349,395,345,436,460,452,454,413,426,473,420.3
"twitter_11","Social,Online",194,8972,396,405,349,383,329,387,332,361,520,440,390.2
"twitter_12","Social,Online",193,13538,357,337,337,376,381,379,345,451,325,387,367.5
"twitter_2","Social,Online",184,12105,377,331,317,388,397,296,357,365,369,356,355.3
"twitter_3","Social,Online",228,9938,470,426,438,480,407,359,417,391,481,410,427.9
"twitter_4","Social,Online",201,8888,466,344,323,344,420,329,375,432,427,387,384.7
"twitter_5","Social,Online",183,9451,361,388,267,345,326,289,320,381,322,355,335.4
"twitter_6","Social,Online",232,8896,456,548,554,525,419,560,469,573,442,517,506.3
"twitter_7","Social,Online",184,9042,363,376,399,375,284,357,379,378,371,380,366.2
"twitter_8","Social,Online",239,9105,465,414,457,395,453,517,525,438,436,428,452.8
"twitter_9","Social,Online",213,17930,410,417,449,479,466,398,361,425,362,393,416
"uc_irvine_students","Social,Online",1899,59835,5753,5693,5842,5548,5621,5783,5662,5857,5761,5876,5739.6
"uetz_screen_yeast_interactome_(2000)","Biological",263,281,777,802,927,757,1592,1049,655,1256,756,930,950.1
"ugandan_village_friendship-1","Social,Offline",203,600,503,471,432,558,419,526,381,498,402,429,461.9
"ugandan_village_friendship-10","Social,Offline",207,1180,381,411,453,321,474,368,362,445,433,483,413.1
"ugandan_village_friendship-11","Social,Offline",250,1183,611,572,470,493,660,484,538,486,520,447,528.1
"ugandan_village_friendship-12","Social,Offline",229,962,424,487,472,457,560,551,491,490,472,607,501.1
"ugandan_village_friendship-13","Social,Offline",183,873,427,411,334,426,485,367,408,502,364,345,406.9
"ugandan_village_friendship-14","Social,Offline",124,603,286,229,248,256,256,188,428,335,419,240,288.5
"ugandan_village_friendship-15","Social,Offline",120,295,294,371,315,253,230,311,258,248,297,355,293.2
"ugandan_village_friendship-16","Social,Offline",372,1475,648,927,820,772,678,757,772,801,724,801,770
"ugandan_village_friendship-17","Social,Offline",65,300,160,144,103,126,134,204,129,134,279,237,165
"ugandan_village_friendship-2","Social,Offline",182,775,387,363,447,434,322,418,408,305,468,324,387.6
"ugandan_village_friendship-3","Social,Offline",192,1181,353,360,505,373,397,410,405,435,413,450,410.1
"ugandan_village_friendship-4","Social,Offline",320,2302,565,687,671,588,643,547,700,666,679,654,640
"ugandan_village_friendship-5","Social,Offline",184,822,419,425,338,340,375,365,478,320,394,381,383.5
"ugandan_village_friendship-6","Social,Offline",139,709,216,324,283,291,251,214,264,231,315,396,278.5
"ugandan_village_friendship-7","Social,Offline",121,929,266,264,222,256,272,274,372,391,281,249,284.7
"ugandan_village_friendship-8","Social,Offline",369,1902,857,820,783,758,804,714,833,612,785,830,779.6
"ugandan_village_friendship-9","Social,Offline",178,1248,342,353,271,305,350,390,399,299,418,364,349.1
"ugandan_village_health-advice_1","Social,Offline",190,473,471,421,402,386,411,416,425,471,488,414,430.5
"ugandan_village_health-advice_10","Social,Offline",205,884,471,444,442,518,374,408,385,378,369,421,421
"ugandan_village_health-advice_11","Social,Offline",240,588,524,473,546,490,578,595,554,530,588,676,555.4
"ugandan_village_health-advice_12","Social,Offline",221,579,504,463,560,452,452,521,561,431,445,679,506.8
"ugandan_village_health-advice_13","Social,Offline",173,358,556,435,601,706,608,438,544,567,487,572,551.4
"ugandan_village_health-advice_14","Social,Offline",120,365,285,248,305,229,227,286,242,224,501,263,281
"ugandan_village_health-advice_15","Social,Offline",117,210,234,314,278,266,370,300,288,218,341,274,288.3
"ugandan_village_health-advice_16","Social,Offline",350,984,722,732,672,628,765,708,587,657,659,688,681.8
"ugandan_village_health-advice_17","Social,Offline",63,159,119,113,172,182,109,163,149,115,113,117,135.2
"ugandan_village_health-advice_2","Social,Offline",170,432,348,279,384,573,388,334,374,358,419,291,374.8
"ugandan_village_health-advice_3","Social,Offline",185,682,308,365,285,284,330,285,279,347,300,334,311.7
"ugandan_village_health-advice_4","Social,Offline",316,1118,582,800,743,532,610,728,621,551,633,679,647.9
"ugandan_village_health-advice_5","Social,Offline",168,423,383,470,469,343,470,422,378,373,321,329,395.8
"ugandan_village_health-advice_6","Social,Offline",134,322,229,228,257,240,267,215,257,277,320,302,259.2
"ugandan_village_health-advice_7","Social,Offline",121,577,420,265,350,238,308,239,266,240,422,261,300.9
"ugandan_village_health-advice_8","Social,Offline",361,1360,899,662,1008,723,836,859,652,704,792,582,771.7
"ugandan_village_health-advice_9","Social,Offline",173,678,264,423,385,412,259,408,392,400,328,336,360.7
"us_airport_network_(top_500;_2002)","Transportation",500,2980,1821,2013,1885,1666,1991,1689,1831,1896,2155,1753,1870
"water_distribution_network_1","Technological",1893,2418,7582,8874,9361,9230,9267,8623,9166,9911,8867,9199,9008
"water_distribution_network_2","Technological",873,957,4984,4974,4881,5871,5686,5210,5045,7023,5401,5301,5437.6
"water_distribution_network_3","Technological",1786,1992,8010,8076,7574,7865,7905,8296,8040,6714,8026,7566,7807.2
"webkb_webkb_cornell_cocite","Informational",346,26832,926,717,938,1010,876,897,861,996,1049,987,925.7
"webkb_webkb_cornell_link1","Informational",349,1393,704,759,679,800,734,690,727,716,785,661,725.5
"webkb_webkb_texas_cocite","Informational",334,32988,889,923,875,896,888,914,688,753,763,748,833.7
"webkb_webkb_texas_link1","Informational",286,1002,535,582,757,570,669,625,607,561,670,704,628
"webkb_webkb_washington_cocite","Informational",434,30462,1835,1598,1400,1329,1423,1530,1343,1410,1357,1373,1459.8
"webkb_webkb_washington_link1","Informational",433,1941,855,1051,898,981,1113,928,887,893,867,1045,951.8
"webkb_webkb_wisconsin_cocite","Informational",348,33250,917,958,794,687,915,769,759,980,728,847,835.4
"webkb_webkb_wisconsin_link1","Informational",300,1155,808,924,971,809,731,1061,836,953,975,1026,909.4
"wiki_science","Informational",687,6523,1587,2008,1763,1870,1683,1878,1948,1788,1624,1787,1793.6
"winnipeg_traffic_(2016)_1","Transportation",948,1384,3693,4036,4471,3950,3639,3820,3735,3579,3503,3744,3817
"winnipeg_traffic_(2016)_2","Transportation",1040,1595,4422,4688,4571,3957,4453,5355,3653,4064,4386,5082,4463.1
"word_adjacencies_of_david_copperfield","Informational",112,425,220,230,240,263,198,227,284,232,222,214,233
"word_adjacency_darwin","Informational",7381,46281,19127,19588,19232,18976,19862,19287,19494,19420,19397,18807,19319
"word_adjacency_french","Informational",8325,24295,15709,16102,16109,16315,15751,15597,16454,16122,15781,15816,15975.6
"word_adjacency_japanese","Informational",2704,8300,5560,5686,5379,5539,5487,5511,5569,5692,5580,5752,5575.5
"word_adjacency_spanish","Informational",11586,45129,26632,26384,26791,26191,26927,26329,25722,26889,26435,26698,26499.8
"word_assoc","Informational",23132,312342,87394,85890,85675,86753,87612,87296,85016,86646,88020,85763,86606.5
"world_subways_(2009)_1","Transportation",128,143,769,632,621,763,584,596,561,833,1603,511,747.3
"world_subways_(2009)_10","Transportation",104,356,431,789,1023,394,506,409,669,278,488,654,564.1
"world_subways_(2009)_11","Transportation",170,158,746,1502,1380,1518,1657,933,1066,1225,750,959,1173.6
"world_subways_(2009)_12","Transportation",141,262,2076,764,1650,940,1254,808,990,756,861,2186,1228.5
"world_subways_(2009)_2","Transportation",266,114,1896,1387,1496,1719,1452,1641,1127,1197,1351,1007,1427.3
"world_subways_(2009)_3","Transportation",209,182,807,1589,980,859,1419,925,1082,1129,761,998,1054.9
"world_subways_(2009)_4","Transportation",147,149,705,1167,740,1061,937,922,835,1887,727,731,971.2
"world_subways_(2009)_5","Transportation",134,308,806,628,904,821,737,863,989,707,583,570,760.8
"world_subways_(2009)_6","Transportation",433,240,2171,2133,2358,2594,2231,2138,2715,2402,1952,2083,2277.7
"world_subways_(2009)_7","Transportation",299,164,1322,1523,1632,1181,1494,1541,1294,1322,1507,1320,1413.6
"world_subways_(2009)_8","Transportation",148,156,804,1174,583,1421,716,1242,731,502,1115,916,920.4
"world_subways_(2009)_9","Transportation",217,475,1046,1237,1210,747,936,1079,848,860,1018,1133,1011.4
"yeast_transcription","Biological",690,1094,1597,1672,1641,1505,1563,1416,1550,1553,1476,1497,1547
"yu_yeast_interactomes_(2008)_1","Biological",964,1487,2153,2339,2142,2310,2648,2553,2334,2405,2345,2533,2376.2
"yu_yeast_interactomes_(2008)_2","Biological",1647,2518,4189,4105,4087,4256,4102,4214,3935,4042,3950,4052,4093.2
"zachary_karate_club_1","Social,Offline",34,76,53,55,173,74,59,42,67,65,88,68,74.4
"zachary_karate_club_2","Social,Offline",34,78,39,133,92,48,79,82,54,78,48,92,74.5
