"Node1","Node2"
1,1
1,2
1,3
1,4
1,5
1,6
1,7
1,8
1,9
1,10
1,11
1,12
1,13
1,14
1,15
1,16
1,17
1,18
1,19
1,20
1,21
1,22
1,23
1,24
1,25
1,26
1,27
1,28
1,29
1,30
1,31
1,32
1,33
1,34
1,35
1,36
1,37
1,38
1,39
1,40
1,41
1,42
1,43
1,44
1,45
1,46
1,47
1,48
1,49
1,50
1,51
1,52
1,53
1,54
1,55
1,56
1,57
1,58
1,59
1,60
1,61
1,62
1,63
1,64
1,65
1,66
1,67
1,68
1,69
1,70
1,71
1,72
1,73
1,74
1,75
1,76
1,77
1,78
1,79
1,80
1,81
1,82
1,83
1,84
1,85
1,86
1,87
1,88
1,89
1,90
1,91
1,92
1,93
1,94
1,95
1,96
1,97
1,98
1,99
1,100
1,101
1,102
1,103
1,104
1,105
1,106
1,107
1,108
1,109
1,110
1,111
1,112
1,113
1,114
1,115
1,116
1,117
1,118
1,119
1,120
1,121
1,122
1,123
1,124
1,125
1,126
1,127
1,128
1,129
1,130
1,131
1,132
1,133
1,134
1,135
1,136
2,3
2,137
2,6
2,7
2,138
2,139
2,8
2,10
2,140
2,12
2,15
2,19
2,141
2,142
2,143
2,25
2,144
2,145
2,146
2,33
2,34
2,35
2,38
2,39
2,147
2,148
2,45
2,149
2,49
2,150
2,151
2,55
2,152
2,57
2,153
2,154
2,155
2,156
2,157
2,68
2,158
2,159
2,160
2,161
2,77
2,162
2,163
2,164
2,165
2,166
2,167
2,168
2,169
2,170
2,81
2,171
2,172
2,173
2,174
2,175
2,176
2,177
2,178
2,179
2,180
2,181
2,182
2,183
2,184
2,185
2,186
2,187
2,188
2,189
2,190
2,191
2,192
2,193
2,194
2,195
2,196
2,197
2,198
2,199
2,200
2,201
2,202
2,203
2,204
2,205
2,206
2,98
2,207
2,208
2,209
2,210
2,211
2,212
2,213
2,214
2,215
2,216
2,217
2,218
2,107
2,219
2,220
2,221
2,222
2,223
2,224
2,225
2,226
2,227
3,4
3,137
3,6
3,139
3,12
3,14
3,228
3,20
3,229
3,31
3,32
3,230
3,231
3,232
3,233
3,48
3,234
3,152
3,235
3,158
3,236
3,237
3,238
3,76
3,239
3,240
3,241
3,242
3,243
3,244
3,245
3,246
3,247
3,248
3,249
4,1
4,3
4,250
6,2
6,272
6,273
7,1
7,2
7,4
7,5
7,6
7,138
7,139
7,10
7,19
7,141
7,274
7,145
7,31
7,275
7,276
7,39
7,46
7,277
7,151
7,152
7,278
7,279
7,280
7,281
7,282
7,283
7,284
7,285
7,286
7,183
7,191
7,267
7,114
8,1
8,2
8,7
8,144
8,274
8,276
8,147
8,46
8,278
8,279
8,270
8,298
8,301
9,1
9,5
9,6
9,7
9,8
9,12
9,14
9,25
9,144
9,31
9,302
9,45
9,149
9,49
9,220
9,221
9,222
11,1
11,6
11,161
11,303
12,6
12,147
12,46
13,46
13,92
14,4
14,5
14,6
14,139
14,10
14,228
14,19
14,145
14,323
14,39
14,150
14,154
14,324
14,325
14,326
14,119
14,327
15,1
15,6
15,7
15,8
15,12
15,144
15,147
15,337
15,158
15,185
15,191
15,197
15,223
15,224
15,225
15,227
16,350
16,352
16,353
17,6
17,34
17,354
17,77
18,6
18,8
18,12
18,228
18,233
18,151
18,355
18,356
18,202
21,1
21,7
21,8
21,12
21,19
21,141
21,142
21,23
21,145
21,38
21,368
21,206
21,101
21,112
22,6
22,7
22,8
22,12
22,15
22,19
22,339
22,149
22,69
22,184
22,368
22,212
22,226
23,6
23,7
23,138
23,14
23,55
23,209
25,8
25,141
25,145
25,39
25,374
25,153
25,160
25,198
26,1
26,138
26,8
26,9
26,12
26,14
26,329
26,376
26,178
26,219
27,8
27,13
27,311
27,312
27,377
27,313
28,378
30,6
30,7
30,8
30,10
30,15
30,351
30,364
30,141
30,142
30,25
30,145
30,38
30,153
30,160
30,198
31,1
31,3
31,268
31,139
31,269
31,18
31,385
31,386
31,251
31,387
31,250
32,1
32,391
32,326
33,6
33,10
33,15
33,323
33,39
33,392
33,393
33,67
33,153
34,33
35,4
35,5
35,269
35,142
35,31
35,231
35,396
36,6
36,33
36,354
36,397
36,217
37,4
37,5
37,6
37,7
37,31
37,55
37,158
37,237
37,227
38,6
38,10
38,276
38,147
41,1
41,12
41,147
41,401
41,399
41,402
41,403
45,6
45,19
45,147
45,278
48,10
48,365
49,7
49,64
49,69
53,6
53,152
54,6
54,81
55,6
55,7
55,37
55,460
55,96
55,223
56,9
56,24
57,6
57,7
57,57
58,6
58,143
60,6
60,77
61,18
61,386
62,448
63,6
63,10
63,19
63,323
63,38
63,276
63,150
63,154
63,156
63,283
63,163
63,172
65,5
65,18
65,31
65,385
65,386
65,251
66,38
66,490
66,491
66,492
67,9
67,33
68,6
68,157
68,158
68,172
70,15
70,71
72,6
72,276
72,68
72,285
76,8
76,12
76,15
76,45
77,81
77,217
78,54
78,78
80,568
81,217
86,6
86,217
92,42
92,47
96,6
96,7
96,15
96,98
98,6
98,7
98,192
99,7
99,559
101,8
101,114
101,118
106,14
106,459
107,738
107,739
112,23
112,113
113,118
116,51
116,59
116,116
137,5
137,139
137,9
137,14
137,228
137,20
137,31
137,231
137,232
137,45
137,53
137,152
137,251
137,252
137,158
137,253
137,237
137,238
137,254
137,255
137,256
137,241
137,257
137,258
137,191
137,89
137,243
137,244
137,245
137,259
137,260
137,261
137,262
137,263
137,264
137,265
137,266
137,267
138,1
138,4
138,5
138,139
138,228
138,287
138,23
138,288
138,289
138,290
138,291
138,252
138,292
138,293
138,294
138,295
138,296
139,6
139,14
139,297
139,147
139,49
139,298
141,6
141,8
141,10
141,19
141,141
141,39
142,6
142,39
143,7
143,8
143,140
143,58
144,3
144,6
144,7
144,8
144,12
144,14
144,15
144,25
144,302
144,45
144,49
144,67
144,98
144,375
145,7
145,14
145,380
145,381
145,245
145,99
146,138
146,390
148,8
148,410
148,411
148,412
148,377
148,413
149,8
149,9
149,12
149,22
149,193
150,6
150,65
151,7
151,18
152,7
152,53
152,461
153,231
153,404
154,19
154,65
155,6
155,154
157,6
157,156
158,4
158,5
158,31
158,237
159,8
159,374
160,231
160,393
161,7
161,11
162,6
162,7
162,214
163,39
163,65
164,3
164,8
164,12
164,15
165,6
165,138
167,6
167,7
167,208
167,213
167,215
168,6
168,170
169,8
169,165
170,6
170,7
170,139
170,148
171,6
171,7
171,162
172,10
172,65
177,37
177,460
190,7
190,380
197,6
197,7
197,197
198,231
198,404
199,37
199,96
204,146
204,300
205,14
205,404
208,38
208,490
211,8
211,518
212,661
212,694
213,38
213,491
214,6
214,7
214,215
215,38
215,492
217,6
217,392
217,393
217,218
218,231
218,404
223,6
223,7
223,224
228,6
228,7
228,138
228,14
228,18
228,146
228,151
228,291
228,328
228,329
228,325
228,330
228,89
228,331
228,332
228,333
228,334
228,335
228,300
228,336
230,23
230,289
235,139
235,297
235,325
235,421
236,3
236,8
251,2
251,6
251,10
251,19
251,21
251,25
251,30
251,39
251,65
251,93
251,94
251,95
252,1
252,228
252,291
253,31
253,37
253,55
253,96
257,1
257,631
268,269
268,231
268,270
268,271
269,1
269,232
273,279
273,283
274,8
274,12
274,177
275,8
275,351
275,398
276,1
276,399
281,275
281,448
281,281
285,536
289,138
289,183
290,138
290,390
290,331
290,453
290,454
290,455
290,456
290,457
290,458
291,228
291,233
297,41
297,379
299,300
300,6
300,7
300,204
304,1
304,2
304,139
304,13
304,274
304,32
304,305
304,306
304,307
304,308
304,309
304,310
304,311
304,312
304,313
304,314
304,315
304,316
304,317
304,318
304,319
304,320
304,321
304,322
304,129
329,18
329,385
329,386
329,251
329,560
329,482
331,139
331,290
331,260
332,8
332,364
336,1
336,780
337,6
337,7
337,162
338,15
338,339
338,340
338,341
338,342
338,343
338,344
338,240
338,345
338,346
338,347
338,348
338,349
339,1
339,139
339,14
339,145
340,139
340,421
349,14
349,572
350,16
350,28
350,74
351,4
351,31
351,48
352,6
352,7
352,138
352,8
352,12
352,363
352,166
352,171
352,89
353,18
353,560
354,14
354,381
357,6
357,7
357,138
357,8
357,12
357,26
357,37
357,358
357,176
357,199
357,359
357,360
361,8
361,361
362,228
362,356
363,6
363,7
363,8
363,12
363,167
363,201
364,7
364,10
364,365
364,245
364,366
364,367
365,512
366,6
366,7
366,221
367,6
367,7
367,222
368,12
368,661
369,138
369,8
369,12
369,173
369,330
370,1
370,4
370,5
370,15
370,31
370,232
370,83
370,371
370,372
373,8
373,9
373,12
373,64
373,175
374,142
374,396
374,471
375,14
375,517
378,33
379,297
379,392
380,7
380,467
381,430
381,67
381,420
381,354
381,499
381,77
381,675
381,397
381,551
381,395
381,466
381,449
381,464
381,676
381,591
381,615
382,7
382,64
383,8
383,12
383,196
384,8
384,12
384,15
384,341
384,195
386,8
386,9
386,12
386,14
386,61
386,343
386,240
386,188
388,142
388,145
388,323
388,38
388,153
388,160
388,198
389,8
389,12
389,15
389,345
389,182
390,139
390,290
390,254
390,260
390,261
390,262
390,263
390,264
390,265
390,266
393,7
393,99
394,60
394,354
394,86
394,395
395,77
395,86
397,6
397,231
397,238
397,218
398,1
398,542
398,554
400,4
400,5
400,6
400,31
400,35
400,234
400,238
401,392
401,378
402,33
402,41
402,392
402,393
402,379
404,4
404,5
404,297
404,31
404,33
404,231
404,41
404,53
404,392
404,152
404,393
405,8
405,12
405,207
406,8
406,12
406,15
406,342
406,174
407,142
407,408
407,409
410,8
410,411
411,8
411,412
414,4
414,5
414,7
414,19
414,31
414,45
414,76
414,368
415,2
415,8
415,361
415,142
415,145
415,38
415,150
415,65
416,8
416,9
416,12
416,13
416,417
416,307
416,186
418,138
418,228
418,355
418,335
419,420
419,354
420,18
420,67
420,493
422,5
422,26
422,37
422,157
422,158
422,253
423,424
423,425
426,4
426,5
426,8
426,12
426,31
426,180
426,243
427,4
427,5
427,139
427,14
428,18
428,339
428,328
429,430
429,354
430,33
430,474
430,217
431,6
431,183
432,46
432,88
433,139
433,290
433,254
434,435
434,436
434,437
438,8
438,12
438,15
438,340
438,179
439,54
440,4
440,14
440,31
441,8
441,12
441,187
442,142
442,443
442,444
445,8
445,200
446,8
446,141
447,6
447,205
448,354
448,449
450,46
450,283
451,6
451,157
452,4
452,229
452,31
453,5
453,265
456,455
456,457
459,4
459,5
459,20
459,31
459,119
462,6
462,9
462,68
462,163
463,354
463,464
464,54
464,80
465,354
465,466
467,1
467,14
467,15
467,302
467,468
467,375
469,4
469,14
469,31
470,4
470,5
470,241
472,14
472,473
475,6
475,10
475,323
475,39
475,160
475,476
477,8
477,361
477,21
477,142
477,145
477,38
477,65
477,154
478,6
478,7
478,15
478,146
478,49
478,204
479,280
479,283
480,12
480,41
481,18
481,385
481,386
481,251
481,482
483,1
483,67
483,354
483,484
484,1
484,484
485,6
485,278
485,155
485,285
486,269
486,270
486,69
487,142
487,471
488,489
490,10
490,366
492,10
492,367
494,6
494,150
495,275
495,286
496,278
496,283
497,138
497,334
498,354
498,499
500,8
500,12
500,15
500,344
500,189
500,346
501,5
501,6
501,252
501,168
502,4
502,239
503,8
503,361
503,142
503,25
503,38
503,65
503,163
504,8
504,361
504,142
504,38
504,156
504,398
505,8
505,142
505,30
505,38
505,65
505,68
505,172
506,4
506,31
506,32
507,6
507,9
507,10
507,19
507,142
507,323
507,150
507,63
507,154
507,156
507,163
507,172
508,9
508,14
508,84
509,36
509,103
510,5
510,6
510,31
510,257
510,258
510,190
511,343
511,348
513,5
513,256
514,9
514,14
514,47
515,46
515,285
516,16
516,28
516,74
517,1
517,8
517,518
518,6
518,7
518,158
519,142
519,444
520,4
520,138
520,235
520,325
520,421
520,521
520,522
523,138
523,360
524,343
524,347
525,41
526,138
526,421
527,1
527,145
527,53
528,529
530,1
530,531
532,6
532,159
533,8
533,12
533,201
534,9
534,253
535,35
535,40
536,32
536,404
537,8
537,361
538,6
538,7
538,214
539,139
539,289
540,541
542,255
542,259
543,145
543,324
544,268
544,269
545,546
547,548
549,8
549,12
549,182
550,354
550,551
552,13
552,310
553,6
553,169
554,255
555,6
555,194
556,102
557,9
557,72
558,228
558,294
559,1
559,257
560,350
560,352
560,353
561,138
561,521
562,4
562,5
562,6
562,7
562,31
562,171
562,245
563,564
565,1
565,566
567,4
567,31
567,233
568,6
568,10
568,323
568,39
568,198
569,392
569,387
570,139
570,38
570,147
570,270
571,14
571,572
573,1
573,556
574,358
575,7
575,29
576,4
576,5
576,31
576,244
577,5
577,31
577,191
578,7
578,75
579,7
579,44
580,2
580,8
580,147
580,279
580,164
580,298
580,273
581,2
581,272
582,35
582,52
583,5
583,254
584,1
584,12
584,518
584,211
585,586
585,587
588,278
588,589
590,354
590,591
591,81
591,85
592,6
592,49
593,6
593,181
594,36
594,104
595,8
595,12
595,166
596,8
596,12
596,175
597,8
597,12
597,193
597,226
598,8
598,12
598,184
599,8
599,12
599,188
600,8
600,12
600,225
601,8
601,12
601,185
602,8
602,12
602,176
603,8
603,12
603,186
604,8
604,12
604,189
605,8
605,12
605,174
606,8
606,12
606,173
607,8
607,12
607,177
607,216
608,8
608,12
608,195
609,8
609,12
609,180
610,8
610,12
610,178
611,8
611,12
611,187
612,8
612,12
612,196
613,8
613,12
613,179
614,354
614,615
616,283
616,284
617,282
617,283
618,60
618,82
619,435
619,436
619,437
620,278
620,589
621,622
623,7
623,24
624,9
624,90
625,9
625,14
625,47
626,87
627,350
627,352
627,353
628,13
628,321
629,630
632,110
633,4
633,31
633,249
634,138
634,522
635,4
635,31
635,242
636,65
636,95
637,106
637,119
638,1
638,6
638,7
638,144
638,147
638,199
639,640
641,29
641,35
642,277
642,283
643,271
644,139
644,274
644,306
644,314
645,138
645,336
646,5
646,255
647,1
647,648
649,7
649,79
650,370
650,651
652,115
653,7
653,66
654,7
654,44
655,656
656,97
656,117
657,1
657,70
657,417
658,287
658,290
659,5
659,267
660,1
660,303
662,663
664,138
664,333
665,29
665,80
666,667
666,668
669,27
669,91
670,5
670,9
670,89
671,14
671,672
673,7
673,44
674,6
674,203
676,73
676,81
677,1
677,678
679,1
679,680
681,65
681,93
682,65
682,94
683,8
683,12
683,202
684,1
684,685
686,8
686,364
687,17
687,34
688,6
688,210
689,5
689,260
690,5
690,263
691,5
691,262
692,5
692,266
693,38
693,453
693,100
693,454
694,6
694,7
694,147
694,301
694,209
695,6
695,7
695,213
696,8
696,12
696,207
697,6
697,7
697,139
697,192
697,212
698,1
698,699
698,584
698,114
700,142
700,408
701,14
701,297
701,325
702,9
702,703
702,704
705,308
705,314
705,315
705,317
706,308
706,314
706,315
706,317
707,139
707,290
707,265
708,1
708,709
710,1
710,711
712,1
712,713
714,1
714,715
716,1
716,717
718,1
718,719
720,13
720,316
721,7
721,8
721,12
721,216
721,107
722,138
722,359
723,1
723,232
723,372
724,5
724,259
725,4
725,246
726,105
727,1
727,728
729,280
729,285
730,300
731,4
731,247
732,106
732,119
733,734
735,1
735,736
737,142
737,443
739,740
739,741
740,738
740,739
742,9
742,14
742,108
743,62
743,109
744,139
744,290
744,261
745,5
745,261
746,139
746,290
746,262
747,139
747,290
747,263
748,139
748,290
748,264
749,5
749,264
750,139
750,290
750,266
751,752
751,753
754,13
754,318
755,13
755,319
756,13
756,320
757,13
757,305
757,322
758,4
758,240
759,17
759,111
760,667
760,668
761,6
761,7
761,220
762,6
762,7
762,208
763,12
763,300
764,15
764,349
765,1
765,232
765,371
766,4
766,31
766,230
767,1
767,768
769,456
769,458
770,9
770,56
771,489
772,142
772,409
773,138
773,67
773,332
774,354
774,676
775,327
776,7
776,50
777,564
777,424
777,425
778,12
778,300
779,18
779,120
781,752
781,753
782,586
782,587
783,228
783,293
784,121
785,125
786,231
786,787
788,1
788,3
788,250
789,228
789,292
790,791
790,792
793,794
795,796
797,798
799,123
800,124
801,288
801,292
802,548
802,529
803,791
803,792
804,8
804,413
805,14
805,127
806,740
806,741
807,23
807,128
808,7
808,122
809,354
809,675
810,13
810,32
810,129
811,130
812,131
813,131
814,289
814,295
815,402
815,403
816,43
816,126
817,13
817,309
818,14
818,132
819,4
819,31
819,248
820,14
820,133
821,14
821,134
822,135
823,288
823,296
824,136
825,139
825,387
