"Name","Entropy","Complexity"
"metabolic_networks_from_kegg_(2006)_26.txt",0.167692793613515,0.165672405074743
"twitter_10.txt",0.699291462574259,0.513230370094637
"javax,_java,_jung,_appengine_dependencies_(2010)_2.txt",0.243307702062139,0.239234958693602
"fao_multiplex_trade_network.txt",0.304691895351318,0.292109492108586
"ugandan_village_health-advice_6.txt",0.22179954230505,0.215218164305843
"kapferer_tailor_shop_(1972)_2.txt",0.662928285769886,0.466104867705617
"twitter_6.txt",0.67000583461956,0.53116642659724
"route_views_as_graphs_(1997-1998)_1.txt",0.151338152501009,0.149246533142325
"add_health_comm80.txt",0.245600800218527,0.243754858688451
"internet_as.txt",0.0693894394909259,0.0688278008484831
"budapest_connectome_all_20k.txt",0.69229263099427,0.603238361338975
"add_health_comm57.txt",0.214496743787512,0.21328021740169
"add_health_comm43.txt",0.222526384626556,0.221763476308844
"email_network_(uni._r-v,_spain,_2003).txt",0.253457413737192,0.251594078165372
"iscas89_benchmark_circuits_11.txt",0.146192600834519,0.142045086441881
"ugandan_village_friendship-9.txt",0.438423195622692,0.417598563178248
"power.txt",0.0943040671967606,0.0910330295369105
"celegans_interactomes_wi2004.txt",0.0782907612704088,0.0753101067413273
"java_packages_(various)_1.txt",0.268105843690241,0.252565808039825
"ugandan_village_friendship-8.txt",0.35149907619375,0.344045407845386
"iscas89_benchmark_circuits_10.txt",0.188584742988984,0.185443541985426
"add_health_comm42.txt",0.236019292023842,0.234830516463337
"gplus.txt",0.0332985984222529,0.0326641001976408
"ito_core_yeast_interactome_(2001).txt",0.090945395223969,0.0876984657515999
"add_health_comm56.txt",0.263662886127261,0.260081036770072
"add_health_comm81.txt",0.218766758485195,0.217212936745296
"twitter_7.txt",0.753710054971447,0.498915454343
"macaque_visual_cortex_(1991)_1.txt",0.737676585007462,0.401590341763589
"ugandan_village_health-advice_7.txt",0.382523235192354,0.356323430778239
"javax,_java,_jung,_appengine_dependencies_(2010)_3.txt",0.247997075856786,0.24701517825008
"twitter_11.txt",0.74402125684828,0.518850139210338
"metabolic_networks_from_kegg_(2006)_6.txt",0.20625142562288,0.203590748343168
"budapest_connectome_female_200k.txt",0.739180301370237,0.606809840792491
"metabolic_networks_from_kegg_(2006)_4.txt",0.164689327969459,0.16362246853455
"metabolic_networks_from_kegg_(2006)_19.txt",0.180392548211422,0.17897557464304
"metabolic_networks_from_kegg_(2006)_25.txt",0.206825906836611,0.203547019947507
"genetic_multiplex_Bos_Multiplex_Genetic.txt",0.059558780236355,0.0544057603674177
"ugandan_village_health-advice_5.txt",0.228040119416147,0.22291387601128
"webkb_webkb_texas_link1.txt",0.147154845544594,0.143654868409523
"javax,_java,_jung,_appengine_dependencies_(2010)_1.txt",0.246678110928986,0.238423587557372
"kapferer_tailor_shop_(1972)_1.txt",0.540510117275663,0.432790724651697
"github_2.txt",0.170416034002439,0.170377840233802
"webkb_webkb_washington_link1.txt",0.166818476517287,0.165886861474156
"celegans_interactomes_WI8.txt",0.0754884460886515,0.0734265663163238
"twitter_5.txt",0.783388484135381,0.496098933536647
"add_health_comm83.txt",0.214156839919462,0.212582404931743
"route_views_as_graphs_(1997-1998)_2.txt",0.148200011208592,0.146670027417289
"add_health_comm68.txt",0.211116529213995,0.210233588159776
"add_health_comm40.txt",0.257730399469177,0.256307169851265
"add_health_comm54.txt",0.222292380936015,0.221092672279831
"iscas89_benchmark_circuits_12.txt",0.182951255516976,0.1804807556987
"java_packages_(various)_3.txt",0.204153650122807,0.200669554115404
"anybeat.txt",0.0920891040947139,0.0920252512117792
"celegans_interactomes_wi2007.txt",0.0591557749477023,0.056413639210933
"cat_brain_(2013).txt",0.719365139455759,0.48842697557554
"foodweb_baywet.txt",0.693072903264925,0.521018238800519
"java_packages_(various)_2.txt",0.222858143628244,0.218747815358304
"iscas89_benchmark_circuits_13.txt",0.184950051780814,0.183060160424542
"add_health_comm55.txt",0.23149083823229,0.227294434576613
"celegans_2019_male_chemical_synapse.txt",0.445123654156345,0.424883474697125
"add_health_comm41.txt",0.25660949384604,0.255547548693697
"add_health_comm69.txt",0.285685686591687,0.28327447572539
"word_adjacencies_of_david_copperfield.txt",0.36015061002156,0.336760605076175
"route_views_as_graphs_(1997-1998)_3.txt",0.149187814351007,0.147575701745565
"physician_trust.txt",0.347646200335413,0.335239132750643
"add_health_comm82.txt",0.289311265400721,0.286617557821571
"twitter_4.txt",0.695668471440768,0.509528809994936
"facebook_friends.txt",0.336717129310057,0.326383785124869
"macaque_visual_cortex_(1991)_2.txt",0.693034390212537,0.432068217213351
"ugandan_village_health-advice_4.txt",0.281129922441356,0.277978020468783
"twitter_12.txt",0.784841368669252,0.481204418128677
"metabolic_networks_from_kegg_(2006)_24.txt",0.166018252900795,0.164883384531527
"metabolic_networks_from_kegg_(2006)_18.txt",0.179817775233164,0.177673235582725
"metabolic_networks_from_kegg_(2006)_5.txt",0.18263187202844,0.180979960941285
"budapest_connectome_all_200k.txt",0.75318250351076,0.606330036622454
"metabolic_networks_from_kegg_(2006)_20.txt",0.1805013467689,0.178432448375766
"metabolic_networks_from_kegg_(2006)_1.txt",0.176875137923105,0.175085627502848
"mouse_visual_cortex_(2011)_2.txt",0.0476254503034496,0.0438883580001025
"add_health_comm9.txt",0.354134285841412,0.342146500817629
"medieval_russia_trade_network.txt",0.250308563982276,0.232232155586632
"interactome_yeast.txt",0.070756270432201,0.067371659181963
"p._pacificus_nematode_(2013)_2.txt",0.316310161784134,0.286579285081208
"add_health_comm45.txt",0.215594246649775,0.214223280427745
"diseasome_shared.txt",0.193204645986409,0.190669719831664
"add_health_comm51.txt",0.203437444134784,0.200893756535948
"add_health_comm79.txt",0.248896244655818,0.247436666804329
"iscas89_benchmark_circuits_17.txt",0.164698290851575,0.15836858709861
"java_packages_(various)_6.txt",0.285146565325803,0.280809388809598
"rhesus_brain_(2012).txt",0.523102191441491,0.476554500857644
"ecoli_transcription_v1.0.txt",0.0810465222285161,0.0770534177199787
"rhesus_cortex_(2014).txt",0.711895093685941,0.492069454008917
"jdk.txt",0.237081737152578,0.236601687675356
"global_language_network_(2014)_2.txt",0.143415318386363,0.138044615029125
"ecoli_transcription_v1.1.txt",0.0811312319256086,0.0769832982056999
"iscas89_benchmark_circuits_16.txt",0.207668585586548,0.199617862416986
"add_health_comm78.txt",0.270194015753841,0.265984568769739
"add_health_comm50.txt",0.248122530574188,0.24708533597363
"add_health_comm44.txt",0.289602550150107,0.287282954480277
"twitter_1.txt",0.67841145817111,0.546390952317079
"facebook_organizations_S1.txt",0.40267572422834,0.387231819493459
"barcelona_traffic_(2016).txt",0.190526257358841,0.188450066990295
"add_health_comm8.txt",0.360752204727858,0.346279380946629
"wiki_science.txt",0.369483568563949,0.360916088913549
"budapest_connectome_all_1m.txt",0.77617849250294,0.600309166601553
"celegans_interactomes_Genetic.txt",0.148946833337825,0.147356973674576
"genetic_multiplex_Oryctolagus.txt",0.0364931800408159,0.0334808994205331
"scotus_majority_2007.txt",0.166576807332882,0.166537293147994
"ugandan_village_health-advice_1.txt",0.224766418782357,0.216668132353261
"metabolic_networks_from_kegg_(2006)_21.txt",0.179160550292826,0.177644324475455
"linux.txt",0.180045571679251,0.179988401153959
"metabolic_networks_from_kegg_(2006)_23.txt",0.170305940542449,0.168766432256679
"genetic_multiplex_Celegans.txt",0.0848545594654411,0.0840886886363426
"deezer_europe.txt",0.13439972888192,0.134290184185196
"world_subways_(2009)_8.txt",0.142540430487147,0.131764449184846
"metabolic_networks_from_kegg_(2006)_2.txt",0.180805255896367,0.179229805668824
"ugandan_village_health-advice_3.txt",0.301874374221433,0.294155715860876
"celegans_2019_male_gap_junction_corrected.txt",0.232500694427658,0.230505618841995
"mouse_visual_cortex_(2011)_1.txt",0.289237528238007,0.278687497160374
"route_views_as_graphs_(1999-2000)_8.txt",0.0969449384406122,0.0963308393227721
"contiguous_usa.txt",0.361097176449482,0.33585655830388
"residence_hall.txt",0.506434911255633,0.46775184603416
"p._pacificus_nematode_(2013)_1.txt",0.287963952005623,0.262467645007081
"twitter_3.txt",0.71118559627764,0.531389616417627
"add_health_comm52.txt",0.222136603599526,0.221044179713352
"add_health_comm46.txt",0.252640391912648,0.251357449873911
"contact.txt",0.264944328077345,0.256003113523052
"iscas89_benchmark_circuits_14.txt",0.195965339916593,0.188332715982979
"java_packages_(various)_5.txt",0.130429328390987,0.128805108906007
"hiv_transmission.txt",0.0409731864943067,0.0397291004587159
"global_language_network_(2014)_1.txt",0.0952277820277157,0.0924216903839765
"java_packages_(various)_4.txt",0.192985905841323,0.191097589924548
"add_health_comm47.txt",0.29577027717642,0.293688867168009
"add_health_comm53.txt",0.217401432130755,0.215277047419115
"faa_routes.txt",0.155323902186366,0.152936701202289
"twitter_2.txt",0.83663468181803,0.438354403786063
"add_health_comm84.txt",0.191992221898834,0.190612660089387
"facebook_organizations_S2.txt",0.340254822940887,0.321531928999846
"route_views_as_graphs_(1999-2000)_9.txt",0.096419119665684,0.0955084782610857
"anaheim_traffic_network_(1992).txt",0.175924881759093,0.169033364267097
"highschool.txt",0.461192839706106,0.418061397863703
"ugandan_village_health-advice_2.txt",0.225237001833513,0.221421990871348
"world_subways_(2009)_9.txt",0.148664093741638,0.138555902384697
"metabolic_networks_from_kegg_(2006)_3.txt",0.1664083037457,0.164378113140619
"metabolic_networks_from_kegg_(2006)_22.txt",0.172001864281892,0.170450997593557
"webkb_webkb_cornell_cocite.txt",0.639386657471996,0.514475518167578
"ugandan_village_health-advice_15.txt",0.177448054670329,0.171344721229184
"itc99_benchmark_circuits_4.txt",0.237724242056668,0.232574688530391
"c._elegans_interactomes_(2009)_3.txt",0.0407561428575988,0.037043177599603
"celegans_2019_male_chemical_corrected.txt",0.38533979678402,0.375083213906515
"law_firm.txt",0.773172271209211,0.465474175328382
"india_bus_routes_(2016)_1.txt",0.166707378252727,0.16458655002513
"iscas89_benchmark_circuits_2.txt",0.225673140563625,0.221180775952763
"fungal_growth_networks_17.txt",0.202618863540371,0.195876038901246
"celegans_interactomes_IntegratedNetwork.txt",0.262145315167621,0.260757050962417
"ugandan_village_friendship-15.txt",0.267002345839958,0.259207630015744
"london_transport_network.txt",0.130998316916841,0.12468364486419
"add_health_comm34.txt",0.239538675699837,0.238152056272283
"fungal_growth_networks_5.txt",0.135124835178312,0.128365738185997
"add_health_comm20.txt",0.300868983773395,0.298179759286538
"cat_cerebral_hemisphere_1.txt",0.66236438979243,0.506030463097601
"yeast_transcription.txt",0.0993561712463443,0.0960357707762262
"genetic_multiplex_Mus.txt",0.087617237271185,0.0870236048235633
"twitch_de.txt",0.291018805866383,0.290264595695497
"dnc.txt",0.251875757679616,0.247918758094809
"celegans_interactomes_Microarray.txt",0.406228172721728,0.393532476550451
"facebook_organizations_M2.txt",0.439365914318259,0.434627694503708
"fungal_growth_networks_4.txt",0.127515663812592,0.120731113715101
"add_health_comm21.txt",0.326256407638684,0.318110535659865
"zachary_karate_club_2.txt",0.36621761085645,0.329124507874628
"add_health_comm35.txt",0.267688941041486,0.265635790899066
"faculty_hiring_networks_(comp._sci.,_business,_history)_1.txt",0.568412720814545,0.496901333268062
"genetic_multiplex_Arabidopsis.txt",0.098025323460341,0.0975291424772953
"chicago_road.txt",0.112467274409388,0.110142782371483
"gnutella_04.txt",0.16106775796929,0.160934794886893
"ugandan_village_friendship-14.txt",0.405423112920929,0.384013333548214
"fungal_growth_networks_16.txt",0.188147050487171,0.183563814143738
"iscas89_benchmark_circuits_3.txt",0.124662915316925,0.118840415733586
"montreal.txt",0.339386592905269,0.304857301788985
"digg_reply.txt",0.097657486814448,0.0975024998214655
"genetic_multiplex_DanioRerio.txt",0.104707390718798,0.0971526724558967
"c._elegans_interactomes_(2009)_2.txt",0.165078229695507,0.163263803174523
"itc99_benchmark_circuits_5.txt",0.244064473176808,0.238893872052878
"student_cooperation.txt",0.216684264085736,0.209791141243385
"ugandan_village_health-advice_14.txt",0.30436026812383,0.284276220879631
"interactome_stelzl.txt",0.0987703187316437,0.0974566468117247
"berlin_traffic_(2005)_4.txt",0.183313020104345,0.178310586884755
"gemsec_ro.txt",0.137139533625826,0.136950169918217
"ugandan_village_health-advice_16.txt",0.211249437148446,0.20853146846138
"itc99_benchmark_circuits_7.txt",0.180614032345249,0.178157532005565
"london_transport.txt",0.130998316916841,0.123871612140025
"college_freshmen.txt",0.944601934600399,0.137027330426873
"india_bus_routes_(2016)_2.txt",0.140661547814524,0.137747396050098
"fungal_growth_networks_28.txt",0.146027362994829,0.139262631813276
"celegans_interactomes_BPmaps.txt",0.0612538865105849,0.0568256048752589
"fungal_growth_networks_14.txt",0.192817981573567,0.188338478088758
"iscas89_benchmark_circuits_1.txt",0.177580018113242,0.173658973899521
"political_books_network_(2004).txt",0.421462148376825,0.384735189060126
"german_highway_system_(2002).txt",0.0988111709405219,0.0921519577112398
"ugandan_village_friendship-16.txt",0.301385840663346,0.294819716860756
"gnutella_06.txt",0.163680350159238,0.163494172065925
"faculty_hiring_networks_(comp._sci.,_business,_history)_3.txt",0.648874551937402,0.517934317529677
"copenhagen_calls.txt",0.101189120687791,0.0966444882970065
"add_health_comm23.txt",0.309340444364749,0.30449232942554
"cat_cerebral_hemisphere_2.txt",0.738256998715082,0.471358084738228
"celegans_2019_hermaphrodite_gap_junction_corrected.txt",0.249195736407631,0.246732582265868
"fungal_growth_networks_6.txt",0.149066888510764,0.139614137638692
"add_health_comm37.txt",0.188284447400639,0.183610095676956
"bitcoin.txt",0.131356799105338,0.131121990266574
"celegans_interactomes_Interolog.txt",0.18861322675637,0.188145036899519
"budapest_connectome_male_200k.txt",0.711670329484813,0.605640850606747
"facebook_organizations_M1.txt",0.395022958740485,0.388150931412884
"add_health_comm36.txt",0.235919762343336,0.235251979003171
"zachary_karate_club_1.txt",0.353503600750287,0.321556300192037
"add_health_comm22.txt",0.294773892361971,0.291060350765634
"fungal_growth_networks_7.txt",0.124786591138778,0.120228289241272
"faculty_hiring_networks_(comp._sci.,_business,_history)_2.txt",0.816764734904728,0.445482091663079
"ugandan_village_friendship-17.txt",0.4423379577403,0.393618474711681
"faa_preferred_routes_(2010).txt",0.155323902186366,0.153481158065036
"fungal_growth_networks_15.txt",0.191485450902032,0.185383309478278
"fungal_growth_networks_29.txt",0.159732605678964,0.152174367389745
"india_bus_routes_(2016)_3.txt",0.175550123905121,0.174419511585836
"polblogs.txt",0.33899261833499,0.333815246629025
"itc99_benchmark_circuits_6.txt",0.237936286267531,0.232146471378573
"c._elegans_interactomes_(2009)_1.txt",0.0844956701064165,0.080236844525713
"ugandan_village_health-advice_17.txt",0.306615804268313,0.278319292992274
"berlin_traffic_(2005)_5.txt",0.194167199553638,0.190003478715555
"roget's_thesaurus_(1879).txt",0.254973098183545,0.253062393976252
"berlin_traffic_(2005)_1.txt",0.209738449798296,0.20184696050019
"c._elegans_interactomes_(2009)_5.txt",0.0760691121154624,0.0734385657281395
"itc99_benchmark_circuits_2.txt",0.17839440672567,0.175710718808906
"ugandan_village_health-advice_13.txt",0.194931661095393,0.186380341207415
"moreno_taro.txt",0.405998920341621,0.290342916547701
"fungal_growth_networks_11.txt",0.215019599519966,0.20728228625634
"iscas89_benchmark_circuits_4.txt",0.132274768141182,0.126736674997573
"gplus_9.txt",0.691564491922,0.604605589558539
"ugandan_village_friendship-13.txt",0.375805328492455,0.357332405807172
"florentine_families.txt",0.449336939040497,0.338602966114768
"uetz_screen_yeast_interactome_(2000).txt",0.0908837975568535,0.0850091794638249
"fungal_growth_networks_3.txt",0.129021545333905,0.125445519951635
"add_health_comm26.txt",0.291790514244918,0.288525662667159
"garfield's_citation_networks_(2001)_1.txt",0.263786714888836,0.2562736766679
"add_health_comm32.txt",0.281810691123101,0.279292840556212
"facebook_organizations_L1.txt",0.157197445394527,0.156995385031295
"highschool_2012.txt",0.592529978071551,0.516489909579594
"blumenau_drug.txt",0.280610862035341,0.264123116521727
"guava_library_dependencies_(2012).txt",0.143627679268637,0.141264531519366
"budapest_connectome_female_20k.txt",0.672339878394909,0.594319306152512
"word_adjacency_french.txt",0.105212864904562,0.105045835138784
"celegans_2019_hermaphrodite_gap_junction_synapse.txt",0.269130540234341,0.263088697360873
"add_health_comm33.txt",0.177573335686593,0.176385953408209
"fungal_growth_networks_2.txt",0.128737370634631,0.122306246429637
"java_library_dependencies_(2014).txt",0.261976142496825,0.256121913412661
"add_health_comm27.txt",0.187834082596774,0.186316218820219
"ugandan_village_friendship-12.txt",0.323470784844196,0.313671601728336
"gplus_8.txt",0.509705470621723,0.493410334867214
"iscas89_benchmark_circuits_5.txt",0.221124487959549,0.217141424058945
"high_school_dynamic_contacts_(2011-2012)_2.txt",0.592529978071551,0.516059465782285
"fungal_growth_networks_10.txt",0.204723373372126,0.199117866241366
"india_bus_routes_(2016)_6.txt",0.115987785551138,0.111467438698738
"foodweb_little_rock.txt",0.555520178803403,0.485956822219225
"ugandan_village_health-advice_12.txt",0.246507603047301,0.2414525054029
"itc99_benchmark_circuits_3.txt",0.198533478376321,0.193708157031485
"reactome.txt",0.315041939005275,0.313379825692219
"c._elegans_interactomes_(2009)_4.txt",0.088338258620659,0.0857375632156528
"berlin_traffic_(2005)_2.txt",0.183598002345938,0.176782814383268
"itc99_benchmark_circuits_1.txt",0.239412829101016,0.231090252564136
"interactome_vidal.txt",0.110268133407449,0.109119907858895
"c._elegans_interactomes_(2009)_6.txt",0.0848915361935485,0.0825384652092174
"ugandan_village_health-advice_10.txt",0.334786617503384,0.324088911603781
"india_bus_routes_(2016)_4.txt",0.193609643815786,0.19266741653018
"budapest_connectome_male_20k.txt",0.650348828581347,0.586873898592352
"iscas89_benchmark_circuits_7.txt",0.156781993478194,0.150884912100872
"fungal_growth_networks_12.txt",0.209272880050327,0.199699604921451
"ugandan_village_friendship-10.txt",0.408529635411647,0.390623292687789
"garfield's_citation_networks_(2001)_2.txt",0.24335755121276,0.241603732159411
"add_health_comm31.txt",0.182591393314159,0.180668936433475
"add_health_comm25.txt",0.252074416011755,0.250152175450774
"add_health_comm19.txt",0.324030574744295,0.318837107576998
"facebook_organizations_L2.txt",0.37035328378103,0.368400199117582
"highschool_2011.txt",0.653245960241102,0.508667176728125
"genetic_multiplex_HumanHIV1.txt",0.0201824851202853,0.0189369832559206
"twitch_es.txt",0.289827880656639,0.288613734677902
"celegans_interactomes_LCI.txt",0.0556067076996749,0.051362565939162
"add_health_comm18.txt",0.353639028385804,0.344213973152381
"add_health_comm24.txt",0.262410753464012,0.260303543239593
"fungal_growth_networks_1.txt",0.185878411123411,0.17993705788574
"add_health_comm30.txt",0.283263168973907,0.280561654549678
"ugandan_village_friendship-11.txt",0.348783983332959,0.337972289675976
"fungal_growth_networks_13.txt",0.192134076546925,0.186986432014134
"word_adjacency_spanish.txt",0.104216392906841,0.104130465876005
"iscas89_benchmark_circuits_6.txt",0.224520283183297,0.220214993796113
"high_school_dynamic_contacts_(2011-2012)_1.txt",0.653245960241102,0.522947280197623
"eu_airlines.txt",0.297240786593713,0.29042561185744
"india_bus_routes_(2016)_5.txt",0.167029960196211,0.161546921844431
"ugandan_village_health-advice_11.txt",0.207124655270325,0.204857478744343
"c._elegans_interactomes_(2009)_7.txt",0.416997186749809,0.395530349696765
"berlin_traffic_(2005)_3.txt",0.163508075901612,0.160142611581953
"reguly_yeast_interactome_(2006).txt",0.147741774718455,0.145655103131274
"fungal_growth_networks_22.txt",0.125207573692324,0.119709172375918
"gplus_6.txt",0.497167049101519,0.48121576091547
"gnutella_24.txt",0.0995807037671424,0.0992572680940059
"gnutella_24.txt",0.0995807037671424,0.0992395597778451
"gnutella_30.txt",0.0918690181044529,0.0914877330273182
"add_health_comm29.txt",0.319944858738346,0.316537103760701
"add_health_comm15.txt",0.276968299276522,0.274817975289117
"water_distribution_network_1.txt",0.111101934580683,0.107051730196289
"mouse_suprachiasmatic_nucleus_3.txt",0.34268140763004,0.32428897925649
"webkb_webkb_cornell_link1.txt",0.160690089701851,0.157580986501335
"us_airport_network_(top_500;_2002).txt",0.2503677086629,0.246154770527689
"twitch_fr.txt",0.317958867196911,0.316639142319864
"mouse_suprachiasmatic_nucleus_2.txt",0.350509096239702,0.330130281133749
"add_health_comm14.txt",0.334680060351367,0.329501990972991
"dutch_school_klas12b-net-4.txt",0.62849566111673,0.483385524334421
"add_health_comm28.txt",0.276324697374071,0.274178858339894
"gnutella_25.txt",0.100313791436227,0.0999163408913501
"gplus_7.txt",0.596673284766618,0.565415797332733
"fungal_growth_networks_23.txt",0.104000371177233,0.0963021088914749
"celegans_2019_hermaphrodite_chemical_corrected.txt",0.431925776122615,0.417136125905107
"c._elegans_interactomes_(2009)_9.txt",0.484456846672162,0.447997960820939
"iscas89_benchmark_circuits_8.txt",0.153421313976057,0.146998754957867
"fungal_growth_networks_21.txt",0.145373335894123,0.13597419779752
"twitch_ru.txt",0.244577356528757,0.243977497968763
"genetic_multiplex_Homo.txt",0.159251985300884,0.159167185406844
"gplus_5.txt",0.463873342392318,0.455495299685201
"twitch_ptbr.txt",0.360511860704531,0.355615111086723
"add_health_comm16.txt",0.302289233807945,0.298689951694044
"water_distribution_network_2.txt",0.104158790876281,0.0979546017290109
"google.txt",0.212948218163936,0.212793611852379
"mouse_suprachiasmatic_nucleus_1.txt",0.308736771421018,0.295428350836268
"water_distribution_network_3.txt",0.0894977632823875,0.0844713019466657
"add_health_comm17.txt",0.282282518684243,0.280164463865009
"uc_irvine_students.txt",0.235357658643865,0.233924393061223
"gplus_4.txt",0.536866292278336,0.519134581896108
"fungal_growth_networks_20.txt",0.130628858205653,0.123666456716663
"iscas89_benchmark_circuits_9.txt",0.187879654215545,0.183485327529744
"high_tech_company.txt",0.900785201063771,0.219580649028241
"c._elegans_interactomes_(2009)_8.txt",0.460240595437651,0.435928669522028
"cora.txt",0.154143965171171,0.154067570756798
"genetic_multiplex_Sacchpomb.txt",0.273085544650436,0.271745351477985
"word_assoc.txt",0.21183766229531,0.211674171120174
"foldoc.txt",0.258521647792861,0.258299608751708
"fungal_growth_networks_30.txt",0.135028617057478,0.126333248572673
"pgp_strong.txt",0.140080544552683,0.140049688189159
"fungal_growth_networks_24.txt",0.13169064601285,0.126606951426233
"route_views_as_graphs_(1999-2000)_11.txt",0.145247765245386,0.14369101198637
"fungal_growth_networks_18.txt",0.129804696640866,0.120603593252855
"add_health_comm13.txt",0.274726964922713,0.271894046392613
"advogato.txt",0.203408127408617,0.203017771752637
"dutch_school_klas12b-net-3.txt",0.755704962071914,0.37764028535102
"jung.txt",0.235382276074234,0.234931836927429
"winnipeg_traffic_(2016)_2.txt",0.153813761514525,0.149197900571484
"lastfm_asia.txt",0.151955016080259,0.151809554680807
"dutch_school_klas12b-net-2.txt",0.58713039000623,0.41077648377685
"centrality_literature_(1948-1979).txt",0.396264705520384,0.369917633681546
"add_health_comm12.txt",0.334545384899529,0.330251258986347
"family_planning_in_korea_1.txt",0.341447160620183,0.297856741961172
"hamsterer.txt",0.247562286353353,0.246706690136144
"gplus_1.txt",0.499632841378155,0.487606774418813
"word_adjacency_darwin.txt",0.159393936553048,0.159248354559285
"celegans_2019_hermaphrodite_chemical_synapse.txt",0.429145379177705,0.411408203162862
"collins_yeast.txt",0.21604880403961,0.214797775354488
"fungal_growth_networks_19.txt",0.119650677282992,0.115634591362043
"route_views_as_graphs_(1999-2000)_10.txt",0.145601152779685,0.144672917516366
"fungal_growth_networks_25.txt",0.120033020949603,0.115034324649284
"fungal_growth_networks_31.txt",0.149317428601526,0.140847862643189
"european_airline_network.txt",0.297240786593713,0.290008717124171
"webkb_webkb_texas_cocite.txt",0.698520449771693,0.513307882855159
"gplus_10.txt",0.620443052390535,0.56184295406688
"celegansneural.txt",0.416997186749809,0.398926607437466
"itc99_benchmark_circuits_8.txt",0.183666299177719,0.181259058881164
"fungal_growth_networks_27.txt",0.116427641276157,0.110496660858826
"aids_blogs_(2005).txt",0.0608864433774238,0.0577391950426136
"budapest_connectome_female_1m.txt",0.763477638462786,0.603180904554752
"route_views_as_graphs_(1999-2000)_12.txt",0.146855583112597,0.145460418225375
"gplus_3.txt",0.645218344448188,0.574613237197063
"gnutella_09.txt",0.142437200956502,0.142221312824938
"add_health_comm10.txt",0.296395519628417,0.293907086375894
"fungal_growth_networks_9.txt",0.125620501526206,0.118987213683518
"add_health_comm38.txt",0.291156593525194,0.288278831074821
"7th_graders.txt",0.836494748726627,0.302443690376125
"winnipeg_traffic_(2016)_1.txt",0.148320115938527,0.143686908756427
"interactome_pdz.txt",0.0918842945626571,0.0874000981285194
"copenhagen_fb_friends.txt",0.36697420737905,0.360383837464081
"itc99_benchmark_circuits_10.txt",0.180713028897237,0.178093160166728
"genetic_multiplex_Candida.txt",0.0222554998187817,0.0209140724324442
"add_health_comm39.txt",0.275019368929048,0.272765137127132
"adjnoun.txt",0.36015061002156,0.336847350255897
"fungal_growth_networks_8.txt",0.11257790426057,0.103070821338838
"dutch_school_klas12b-net-1.txt",0.441450396965073,0.347378498864666
"family_planning_in_korea_2.txt",0.391918950547739,0.334111137869136
"add_health_comm11.txt",0.312779714129315,0.307351220701331
"gnutella_08.txt",0.151654521509921,0.151404097479437
"route_views_as_graphs_(1999-2000)_13.txt",0.146737883561564,0.14480075718108
"fungal_growth_networks_26.txt",0.118743013835587,0.112472824667303
"genetic_multiplex_Rattus.txt",0.0585489449451942,0.0566487518868539
"genetic_multiplex_HumanHerpes4.txt",0.0227014150391056,0.0210252160077837
"c._elegans_neurons_(1986).txt",0.41699718674981,0.398508378485886
"itc99_benchmark_circuits_9.txt",0.194588836323144,0.189490071725394
"inploid.txt",0.0929986773115681,0.0929008518567893
"world_subways_(2009)_4.txt",0.149565886934838,0.140375131542125
"metabolic_networks_from_kegg_(2006)_13.txt",0.192384807824955,0.190892932045291
"webkb_webkb_wisconsin_link1.txt",0.165856573052107,0.161422317745692
"celegans_2019_male_gap_junction_synapse.txt",0.288850110005524,0.280872199304811
"add_health_comm6.txt",0.382219845572982,0.367419035612157
"route_views_as_graphs_(1999-2000)_4.txt",0.145663736020137,0.14303451675277
"rome_roads_(1999).txt",0.120748526670948,0.117811861475955
"add_health_comm76.txt",0.556437866336556,0.442247141889521
"add_health_comm62.txt",0.209844270819641,0.208484919503733
"iscas89_benchmark_circuits_24.txt",0.204569373778141,0.197975749593114
"iscas89_benchmark_circuits_18.txt",0.165971255338751,0.159570736016299
"genetic_multiplex_Xenopus.txt",0.0783698544530579,0.0745808368790956
"software_function-callgraphs_(2002)_1.txt",0.108659001015188,0.106477649830155
"iscas89_benchmark_circuits_19.txt",0.207656972895553,0.19996801708692
"ugandan_village_friendship-1.txt",0.274970701740309,0.270189787712488
"iscas89_benchmark_circuits_25.txt",0.214102253457296,0.210340324322892
"add_health_comm63.txt",0.329413022505844,0.320937154266157
"add_health_comm77.txt",0.648331709432871,0.401680810137609
"ego_social_facebook_combined.txt",0.381916139175517,0.378403411544408
"route_views_as_graphs_(1999-2000)_5.txt",0.14482966186528,0.143318194251787
"add_health_comm7.txt",0.30445241462111,0.29945646100288
"amazon_pages_(2012).txt",0.0159351065168167,0.0154064885417259
"scotus_majority_2008.txt",0.21931783623572,0.21920371674292
"bible_nouns.txt",0.240045815653459,0.23872990360534
"metabolic_networks_from_kegg_(2006)_12.txt",0.183561617879997,0.182024621469353
"world_subways_(2009)_5.txt",0.154333940910771,0.141966067593055
"metabolic_networks_from_kegg_(2006)_10.txt",0.165679407416063,0.164099271269949
"world_subways_(2009)_7.txt",0.138162104821958,0.130178863559218
"add_health_comm5.txt",0.417565325272205,0.391399310215546
"route_views_as_graphs_(1999-2000)_7.txt",0.21336000212764,0.20719487131465
"webkb_webkb_wisconsin_cocite.txt",0.698858503224106,0.528855960116343
"add_health_comm49.txt",0.240143560993399,0.238897166512977
"add_health_comm61.txt",0.187927789158408,0.186605251631277
"add_health_comm75.txt",0.291762093718483,0.289648032346332
"bitcoin_alpha.txt",0.118917790394383,0.118727206287786
"ugandan_village_friendship-3.txt",0.413011364022287,0.388483561901804
"genetic_multiplex_Gallus.txt",0.0441354558559336,0.0407639567167723
"software_function-callgraphs_(2002)_3.txt",0.113849716237369,0.112200992459691
"copenhagen_sms.txt",0.108590639328723,0.103414625421097
"software_function-callgraphs_(2002)_2.txt",0.149130751881348,0.1424041828424
"ugandan_village_friendship-2.txt",0.34277878231427,0.3311707041363
"webkb_webkb_washington_cocite.txt",0.575400210075802,0.496070680835932
"iscas89_benchmark_circuits_26.txt",0.213168216408865,0.208100912737546
"add_health_comm74.txt",0.214311561581802,0.211096273645251
"interactome_figeys.txt",0.118647939376345,0.118250991173713
"add_health_comm60.txt",0.235193281239407,0.233788903152082
"add_health_comm48.txt",0.281444870821098,0.279799671773579
"email_network.txt",0.253457413737192,0.251945665249245
"word_adjacency_japanese.txt",0.118594668797185,0.118277516896426
"route_views_as_graphs_(1999-2000)_6.txt",0.146374059849427,0.144467942401549
"add_health_comm4.txt",0.341278299306873,0.330419511925011
"world_subways_(2009)_6.txt",0.122017184918857,0.11482664397077
"metabolic_networks_from_kegg_(2006)_11.txt",0.172759499625733,0.171416508011149
"twitch_engb.txt",0.179338760430525,0.179167258721073
"metabolic_networks_from_kegg_(2006)_15.txt",0.193846647794978,0.192028465366442
"world_subways_(2009)_2.txt",0.138411272434257,0.131325755917819
"metabolic_networks_from_kegg_(2006)_8.txt",0.16676715646026,0.16474869745361
"ugandan_village_health-advice_9.txt",0.315163666414302,0.303657989651218
"route_views_as_graphs_(1999-2000)_2.txt",0.146911415830055,0.145232843787567
"genetic_multiplex_Drosophila.txt",0.164121184657551,0.16396975400334
"macaque_cortical_connectivity_(cocomac)_2.txt",0.548258314934195,0.461493118220677
"twitter_9.txt",0.844598658820698,0.417311437710175
"add_health_comm64.txt",0.296227302966121,0.293369662498024
"add_health_comm70.txt",0.486392783793828,0.427836187369915
"add_health_comm58.txt",0.22497727357141,0.223980950525994
"ugandan_village_friendship-6.txt",0.408078936399021,0.383083041595037
"celegans_metabolic.txt",0.289148417436991,0.285952358079094
"iscas89_benchmark_circuits_22.txt",0.170891667710469,0.163209788462224
"turker_network.txt",0.155419385982247,0.155038965777635
"world_subways_(2009)_12.txt",0.142257775650894,0.128926216093424
"iscas89_benchmark_circuits_23.txt",0.206413653796654,0.201135494729945
"euroroad_network_(2011).txt",0.118317323021374,0.112863661978784
"ugandan_village_friendship-7.txt",0.502132433748569,0.457522315284284
"add_health_comm59.txt",0.249657084916369,0.247390456843221
"add_health_comm71.txt",0.509095118225074,0.446674408675696
"add_health_comm65.txt",0.276248786503456,0.274058598652855
"twitter_8.txt",0.675151092967017,0.522093174501042
"genetic_multiplex_Sacchcere.txt",0.373820211565393,0.370913343049799
"macaque_cortical_connectivity_(cocomac)_3.txt",0.639580674126402,0.455910764127561
"euroroad.txt",0.109695656913594,0.105255566381733
"add_health_comm1.txt",0.410346403715773,0.376150256048426
"yu_yeast_interactomes_(2008)_1.txt",0.0991344916325601,0.0972333831574863
"route_views_as_graphs_(1999-2000)_3.txt",0.146277750729388,0.144708581076177
"ugandan_village_health-advice_8.txt",0.286628166697187,0.281052057473067
"amazon_political_books_(2004).txt",0.421462148376825,0.388625533235791
"messal_shale.txt",0.394202458579866,0.385940262401997
"world_subways_(2009)_3.txt",0.144202772076131,0.133649360510333
"metabolic_networks_from_kegg_(2006)_9.txt",0.213353607218813,0.210429756995673
"metabolic_networks_from_kegg_(2006)_14.txt",0.179245431132284,0.177910483882918
"world_subways_(2009)_1.txt",0.153975005522507,0.142748244235189
"metabolic_networks_from_kegg_(2006)_16.txt",0.172834280626723,0.171569417433186
"genetic_multiplex_Plasmodium.txt",0.124224627683152,0.122849558817812
"route_views_as_graphs_(1999-2000)_1.txt",0.145964457608073,0.145290082658073
"celegans_interactomes_Phenotypes.txt",0.515494704434082,0.491626900041247
"add_health_comm3.txt",0.448496531924298,0.329307009772499
"macaque_cortical_connectivity_(cocomac)_1.txt",0.714060800757537,0.480291492929963
"terrassa_traffic_(2016).txt",0.136629855766914,0.132984658317548
"add_health_comm73.txt",0.26635137671889,0.265049856503319
"add_health_comm67.txt",0.186563294613167,0.183587673718416
"ugandan_village_friendship-5.txt",0.351492644846909,0.337205833204248
"iscas89_benchmark_circuits_21.txt",0.17471092321592,0.169204477995348
"budapest_connectome_male_1m.txt",0.736062167971688,0.608993642526818
"world_subways_(2009)_10.txt",0.158890537743716,0.145432011907056
"world_subways_(2009)_11.txt",0.139019162679936,0.126302167344173
"software_function-callgraphs_(2002)_4.txt",0.135271734690841,0.133817235640032
"iscas89_benchmark_circuits_20.txt",0.211317316000323,0.206507989789464
"ugandan_village_friendship-4.txt",0.411610801893017,0.396094110360809
"add_health_comm66.txt",0.311603238441904,0.308087737178891
"add_health_comm72.txt",0.327179859500122,0.321682417644068
"new_guinea_tribes.txt",0.717880736619274,0.359715887049561
"add_health_comm2.txt",0.362003299996314,0.343063300409734
"yu_yeast_interactomes_(2008)_2.txt",0.094250450568755,0.0916648889762618
"openflights.txt",0.177595121255105,0.17724860630637
"metabolic_networks_from_kegg_(2006)_7.txt",0.209188241447053,0.20498364082153
