"Name","NetworkDomain","Nodes","Edges","MeanConstraint","GiniConstraint"
"7th_graders","Social,Offline",29,250,0.171697322708437,0.0917307694922679
"add_health_comm1","Social,Offline",69,220,0.330171844930906,0.21932425841179
"add_health_comm10","Social,Offline",678,2795,0.238735474335038,0.343912572856448
"add_health_comm11","Social,Offline",411,1590,0.237793533425899,0.336325278819803
"add_health_comm12","Social,Offline",581,2805,0.195423310240676,0.306695928698571
"add_health_comm13","Social,Offline",654,2351,0.271623420083858,0.356651864916837
"add_health_comm14","Social,Offline",562,2688,0.191630505591455,0.303884655991786
"add_health_comm15","Social,Offline",1062,4391,0.229278230682106,0.363504126751466
"add_health_comm16","Social,Offline",778,3462,0.213802132760108,0.355960948330554
"add_health_comm17","Social,Offline",1218,5337,0.207648190093649,0.352762662002421
"add_health_comm18","Social,Offline",284,1189,0.213549470403858,0.286175878407869
"add_health_comm19","Social,Offline",492,2096,0.220493901561608,0.312499395985679
"add_health_comm2","Social,Offline",105,349,0.331661513757129,0.321813709685639
"add_health_comm20","Social,Offline",910,4075,0.202731079698533,0.321818971437236
"add_health_comm21","Social,Offline",377,1531,0.253470666622406,0.324653900230046
"add_health_comm22","Social,Offline",614,2450,0.263778232701376,0.343228811042038
"add_health_comm23","Social,Offline",667,2897,0.21711137795643,0.323091984947384
"add_health_comm24","Social,Offline",853,3005,0.276343263300932,0.347591812307417
"add_health_comm25","Social,Offline",798,2578,0.296609340075703,0.346839883144236
"add_health_comm26","Social,Offline",551,2066,0.269568038387517,0.326336958545858
"add_health_comm27","Social,Offline",1169,2541,0.418952773814136,0.287986599229344
"add_health_comm28","Social,Offline",1138,4716,0.218123417453809,0.336413953421579
"add_health_comm29","Social,Offline",569,2534,0.219825910595029,0.317301151178049
"add_health_comm3","Social,Offline",32,91,0.404058525544886,0.293994390539045
"add_health_comm30","Social,Offline",718,2740,0.248427465340342,0.340516784960224
"add_health_comm31","Social,Offline",751,1648,0.462067928022315,0.351341535366291
"add_health_comm32","Social,Offline",855,3441,0.229606335510573,0.359347034063151
"add_health_comm33","Social,Offline",1987,4840,0.384377084820002,0.370971259749111
"add_health_comm34","Social,Offline",1607,5749,0.258779019529502,0.387059208446439
"add_health_comm35","Social,Offline",851,3151,0.250193690404287,0.379572340479606
"add_health_comm36","Social,Offline",2154,7987,0.257374375299727,0.363682058273042
"add_health_comm37","Social,Offline",373,702,0.47044222711542,0.322823277238841
"add_health_comm38","Social,Offline",521,1925,0.249403301522813,0.352903344324077
"add_health_comm39","Social,Offline",991,3917,0.230031896968723,0.358568750929539
"add_health_comm4","Social,Offline",281,1136,0.235575773255482,0.333377340522075
"add_health_comm40","Social,Offline",2002,8525,0.213642954908095,0.364760439346818
"add_health_comm41","Social,Offline",2064,8646,0.208868627203546,0.349823685419474
"add_health_comm42","Social,Offline",1407,4932,0.269531437923391,0.407415611862454
"add_health_comm43","Social,Offline",1642,5244,0.289248144209151,0.384161347919346
"add_health_comm44","Social,Offline",1127,5096,0.202894797163223,0.357999665803961
"add_health_comm45","Social,Offline",936,2753,0.357986917234458,0.419693968146738
"add_health_comm46","Social,Offline",1519,5749,0.234867848137892,0.35319628774793
"add_health_comm47","Social,Offline",985,4378,0.196269031903238,0.320590909148788
"add_health_comm48","Social,Offline",1171,4990,0.208866055062391,0.318616549733398
"add_health_comm49","Social,Offline",1884,7035,0.261652656241846,0.36606424225651
"add_health_comm5","Social,Offline",157,730,0.205869470115055,0.276073457911564
"add_health_comm50","Social,Offline",2539,10455,0.212193817317276,0.345548189790536
"add_health_comm51","Social,Offline",683,1669,0.391825631788479,0.37237583764574
"add_health_comm52","Social,Offline",1723,5440,0.291255890267322,0.352727422196041
"add_health_comm53","Social,Offline",581,1511,0.385900468292846,0.363259050455981
"add_health_comm54","Social,Offline",1041,3040,0.329649549137396,0.367816425026792
"add_health_comm55","Social,Offline",336,803,0.409596006901697,0.327320609342492
"add_health_comm56","Social,Offline",446,1394,0.324307518719174,0.362993438891807
"add_health_comm57","Social,Offline",1193,3487,0.33829870207242,0.378950597361518
"add_health_comm58","Social,Offline",1715,5611,0.299044905392145,0.363354982761104
"add_health_comm59","Social,Offline",975,3341,0.288342094629509,0.367134384648853
"add_health_comm6","Social,Offline",108,378,0.279730773499534,0.262449825655128
"add_health_comm60","Social,Offline",1143,3705,0.311978423912817,0.364409241533318
"add_health_comm61","Social,Offline",1743,4419,0.379264555863359,0.354457400965764
"add_health_comm62","Social,Offline",1051,2743,0.352081247825744,0.330169045170631
"add_health_comm63","Social,Offline",98,283,0.391330583768861,0.338788449650428
"add_health_comm64","Social,Offline",696,2862,0.223147912180397,0.354746823695459
"add_health_comm65","Social,Offline",559,1870,0.263203561125744,0.316563385595261
"add_health_comm66","Social,Offline",644,2865,0.209493844794164,0.343126279397918
"add_health_comm67","Social,Offline",456,926,0.485758276207036,0.336518347159145
"add_health_comm68","Social,Offline",1393,3875,0.326770837043599,0.343468591030007
"add_health_comm69","Social,Offline",893,3679,0.220276685786752,0.345316980719365
"add_health_comm7","Social,Offline",441,1700,0.258956406521411,0.364246309439975
"add_health_comm70","Social,Offline",76,344,0.230684073274433,0.223671200774763
"add_health_comm71","Social,Offline",74,358,0.223278296284311,0.209348411477948
"add_health_comm72","Social,Offline",352,1398,0.245165757873506,0.28506057635068
"add_health_comm73","Social,Offline",1632,6814,0.213921317246467,0.330403386763647
"add_health_comm74","Social,Offline",656,1678,0.391822207223054,0.363165361929888
"add_health_comm75","Social,Offline",994,4396,0.213477800372149,0.365352495277408
"add_health_comm76","Social,Offline",43,185,0.234258538474736,0.193215729368304
"add_health_comm77","Social,Offline",25,106,0.279392885109134,0.135147172623046
"add_health_comm78","Social,Offline",432,1334,0.322057277521673,0.334427735303449
"add_health_comm79","Social,Offline",1195,4157,0.265793193664951,0.353173871967709
"add_health_comm8","Social,Offline",204,809,0.247010676840148,0.307971599304469
"add_health_comm80","Social,Offline",594,1745,0.324357402346215,0.333791677308649
"add_health_comm81","Social,Offline",1290,3795,0.313372554604968,0.364242592182888
"add_health_comm82","Social,Offline",925,4022,0.220458292748978,0.381939283892798
"add_health_comm83","Social,Offline",1268,3587,0.333433701955801,0.354106427389358
"add_health_comm84","Social,Offline",1569,4017,0.371663936570739,0.355743088599356
"add_health_comm9","Social,Offline",248,1004,0.244260252849269,0.28514946833945
"adjnoun","Informational",112,425,0.289070951603961,0.418399898299178
"advogato","Social,Online",5155,39285,0.383100240170521,0.512249654458346
"aids_blogs_(2005)","Informational",146,180,0.865653698309076,0.12938520915394
"amazon_pages_(2012)","Informational",2879,3886,0.944617261098041,0.0541610029128804
"amazon_political_books_(2004)","Economic",105,441,0.258010393330159,0.22228041738743
"anaheim_traffic_network_(1992)","Transportation",416,634,0.41870794934783,0.161300562918093
"anybeat","Social,Online",12645,49132,0.639938451084155,0.321505895408368
"barcelona_traffic_(2016)","Transportation",930,1798,0.324048513734954,0.188450997189428
"berlin_traffic_(2005)_1","Transportation",224,376,0.426086607659557,0.199531936228316
"berlin_traffic_(2005)_2","Transportation",397,644,0.441943869718461,0.19259176861686
"berlin_traffic_(2005)_3","Transportation",974,1611,0.424191753737491,0.190425417915373
"berlin_traffic_(2005)_4","Transportation",350,553,0.442478128747795,0.208700692579014
"berlin_traffic_(2005)_5","Transportation",359,595,0.414696850788013,0.179556047371227
"bible_nouns","Informational",1773,9131,0.376008940347372,0.391991116927522
"bitcoin","Social,Online",3783,14124,0.539105600243062,0.385424347767985
"bitcoin_alpha","Economic",5881,21492,0.558939041958455,0.372128560720615
"blumenau_drug","Biological",75,181,0.451782755552842,0.407178021684131
"budapest_connectome_all_1m","Biological",1015,120748,0.0129693771921634,0.175910039079023
"budapest_connectome_all_200k","Biological",1015,104292,0.0148988581963717,0.193451877262998
"budapest_connectome_all_20k","Biological",1015,70654,0.0218174903999108,0.243447569073782
"budapest_connectome_female_1m","Biological",1015,111889,0.0139609446542147,0.190333348816734
"budapest_connectome_female_200k","Biological",1015,95867,0.0161714738669176,0.208571806891939
"budapest_connectome_female_20k","Biological",1015,62552,0.0248078013731318,0.266431342342004
"budapest_connectome_male_1m","Biological",1015,92705,0.0167041649397991,0.201491480769446
"budapest_connectome_male_200k","Biological",1015,79278,0.019393385725439,0.218447243804093
"budapest_connectome_male_20k","Biological",1015,53586,0.0284465935070404,0.260964827758249
"c._elegans_interactomes_(2009)_1","Biological",345,400,0.738887588135894,0.229648736767008
"c._elegans_interactomes_(2009)_2","Biological",683,1543,0.521792419773896,0.343696804360255
"c._elegans_interactomes_(2009)_3","Biological",117,123,0.913189703997713,0.0838720831249598
"c._elegans_interactomes_(2009)_4","Biological",1084,1602,0.680835952636371,0.272767324941679
"c._elegans_interactomes_(2009)_5","Biological",1108,1500,0.723895605424625,0.242750558150134
"c._elegans_interactomes_(2009)_6","Biological",2214,3538,0.670323220820556,0.283573379150299
"c._elegans_interactomes_(2009)_7","Biological",297,2148,0.177920155963324,0.435029669337624
"c._elegans_interactomes_(2009)_8","Biological",279,2287,0.126763378955186,0.299765571115112
"c._elegans_interactomes_(2009)_9","Biological",269,2902,0.155610990213157,0.492302705787072
"c._elegans_neurons_(1986)","Biological",297,2148,0.177920155963324,0.435029669337624
"cat_brain_(2013)","Biological",65,730,0.126813710487569,0.213965232134012
"cat_cerebral_hemisphere_1","Biological",95,1170,0.114475288207696,0.285969707159145
"cat_cerebral_hemisphere_2","Biological",52,515,0.138132452432472,0.165401648561012
"celegans_2019_hermaphrodite_chemical_corrected","Biological",446,4172,0.153468881891445,0.478574855468466
"celegans_2019_hermaphrodite_chemical_synapse","Biological",357,3079,0.172663946240822,0.478754825043954
"celegans_2019_hermaphrodite_gap_junction_corrected","Biological",462,1433,0.324384276724434,0.333813460416717
"celegans_2019_hermaphrodite_gap_junction_synapse","Biological",315,1021,0.331583373137364,0.390488191615212
"celegans_2019_male_chemical_corrected","Biological",559,4500,0.183972661076538,0.482083989693694
"celegans_2019_male_chemical_synapse","Biological",328,2832,0.145607857774231,0.389234576025655
"celegans_2019_male_gap_junction_corrected","Biological",543,1724,0.376690894518028,0.373033624880327
"celegans_2019_male_gap_junction_synapse","Biological",300,1172,0.324934593979898,0.424578872264986
"celegans_interactomes_BPmaps","Biological",521,517,0.796402575271415,0.186304338434996
"celegans_interactomes_Genetic","Biological",759,1593,0.564011565561431,0.331821674571048
"celegans_interactomes_IntegratedNetwork","Biological",6125,177267,0.349954462881642,0.570309325113261
"celegans_interactomes_Interolog","Biological",2624,13564,0.452487321098812,0.42376499023557
"celegans_interactomes_LCI","Biological",425,417,0.854887275993304,0.135822124254046
"celegans_interactomes_Microarray","Biological",2436,136930,0.235170824997383,0.680533643924829
"celegans_interactomes_Phenotypes","Biological",912,22738,0.0923788102697746,0.505915180974975
"celegans_interactomes_WI8","Biological",2500,3706,0.700551577692018,0.262300237025575
"celegans_interactomes_wi2004","Biological",1228,1686,0.710254755150238,0.252205320912706
"celegans_interactomes_wi2007","Biological",1465,1714,0.773257765943195,0.20436770551547
"celegans_metabolic","Biological",453,2025,0.316714339266262,0.309482651162827
"celegansneural","Biological",297,2148,0.177920155963324,0.435029669337624
"centrality_literature_(1948-1979)","Informational",118,613,0.297904213313514,0.438983332806173
"chicago_road","Transportation",12979,20627,0.411956182301804,0.271946614174211
"college_freshmen","Social,Offline",32,422,0.132660345543241,0.0325184047613641
"collins_yeast","Biological",1622,9070,0.53226093464617,0.387498979234922
"contact","Social,Offline",274,2124,0.483963914290591,0.429739832308282
"contiguous_usa","Transportation",49,107,0.452912200999069,0.189229002792221
"copenhagen_calls","Social,Offline",536,621,0.687369843784521,0.233691371956137
"copenhagen_fb_friends","Social,Offline",800,6418,0.17098352077214,0.43150585041466
"copenhagen_sms","Social,Offline",568,697,0.659324024950472,0.25614510256836
"cora","Informational",23166,89157,0.371844226038632,0.418353770164525
"deezer_europe","Social,Online",28281,92752,0.419979940260984,0.436874981300375
"digg_reply","Social,Online",30360,85155,0.546196344892446,0.385053193164305
"diseasome_shared","Biological",516,1188,0.608944902976593,0.252833816867829
"dnc","Social,Online",906,10429,0.520525642296243,0.440836537702668
"dutch_school_klas12b-net-1","Social,Offline",26,63,0.491390646088583,0.256472266841216
"dutch_school_klas12b-net-2","Social,Offline",26,101,0.341209682451266,0.193102909665634
"dutch_school_klas12b-net-3","Social,Offline",26,164,0.220703290164262,0.112581206824139
"dutch_school_klas12b-net-4","Social,Offline",26,111,0.278602086792902,0.146201648871933
"ecoli_transcription_v1.0","Biological",419,519,0.752624403367988,0.216587224085523
"ecoli_transcription_v1.1","Biological",418,519,0.753455519473007,0.216076581873299
"ego_social_facebook_combined","Social,Online",4039,88234,0.139897977285158,0.546299074189424
"email_network","Social,Online",1133,5451,0.318735503770398,0.477536776722113
"email_network_(uni._r-v,_spain,_2003)","Social,Offline",1133,5451,0.318735503770398,0.477536776722113
"eu_airlines","Transportation",417,2953,0.363759848991754,0.494183786396665
"european_airline_network","Transportation",417,2953,0.363759848991754,0.494183786396665
"euroroad","Transportation",1174,1417,0.517151894719736,0.225677829879817
"euroroad_network_(2011)","Transportation",1039,1305,0.491517155342608,0.214827426968888
"faa_preferred_routes_(2010)","Transportation",1226,2408,0.413737621468377,0.285621688333144
"faa_routes","Transportation",1226,2408,0.413737621468377,0.285621688333144
"facebook_friends","Social,Online",348,1988,0.351378935630965,0.412043509152897
"facebook_organizations_L1","Social,Online",5793,30753,0.483229064773212,0.428013341619994
"facebook_organizations_L2","Social,Online",5524,94218,0.0780542666065847,0.374333418844891
"facebook_organizations_M1","Social,Online",1429,19357,0.120161911949983,0.417617756531816
"facebook_organizations_M2","Social,Online",3862,87324,0.0453929716857646,0.276617043494432
"facebook_organizations_S1","Social,Online",320,2369,0.202148123801819,0.391032049500938
"facebook_organizations_S2","Social,Online",165,726,0.367631544358738,0.423553915216954
"faculty_hiring_networks_(comp._sci.,_business,_history)_1","Economic",206,2741,0.0816122911398459,0.281595459605213
"faculty_hiring_networks_(comp._sci.,_business,_history)_2","Economic",113,2944,0.050870967765521,0.118642206375805
"faculty_hiring_networks_(comp._sci.,_business,_history)_3","Economic",145,2266,0.0736721465599955,0.199215970392732
"family_planning_in_korea_1","Social,Offline",33,68,0.567843258175047,0.288609731939221
"family_planning_in_korea_2","Social,Offline",35,84,0.410789537680732,0.244132825596487
"fao_multiplex_trade_network","Economic",183,945,0.339226408623875,0.445663892835894
"florentine_families","Social,Offline",15,27,0.521248006687243,0.218844527363337
"foldoc","Informational",13356,91471,0.155539447366163,0.252052922027498
"foodweb_baywet","Biological",128,2075,0.0622652378619207,0.24456790934502
"foodweb_little_rock","Biological",183,2434,0.110467629777519,0.433337021072334
"fungal_growth_networks_1","Biological",305,465,0.436106098389568,0.195031185145515
"fungal_growth_networks_10","Biological",251,399,0.41602844801507,0.15264186633961
"fungal_growth_networks_11","Biological",192,307,0.432926645806213,0.163944680073318
"fungal_growth_networks_12","Biological",199,311,0.403455776124893,0.154484981601378
"fungal_growth_networks_13","Biological",283,437,0.428826820513574,0.193657363805935
"fungal_growth_networks_14","Biological",305,477,0.418535174694043,0.172464762925353
"fungal_growth_networks_15","Biological",281,429,0.436994145687799,0.177261709691493
"fungal_growth_networks_16","Biological",311,474,0.427110190643484,0.180322044773179
"fungal_growth_networks_17","Biological",224,348,0.431883766672178,0.176261335930204
"fungal_growth_networks_18","Biological",257,302,0.599558083537493,0.268929244356522
"fungal_growth_networks_19","Biological",411,488,0.601820452599802,0.274074874008313
"fungal_growth_networks_2","Biological",142,159,0.641205877238741,0.266040964763645
"fungal_growth_networks_20","Biological",176,199,0.616536239127385,0.269916517689371
"fungal_growth_networks_21","Biological",116,134,0.618827160493827,0.27159668295528
"fungal_growth_networks_22","Biological",318,381,0.599720281077723,0.277803666727606
"fungal_growth_networks_23","Biological",339,369,0.658746164736516,0.265043163873701
"fungal_growth_networks_24","Biological",359,443,0.567292924017332,0.2743934158472
"fungal_growth_networks_25","Biological",386,460,0.600672495682211,0.279475518973024
"fungal_growth_networks_26","Biological",346,417,0.626260207586032,0.276789535184565
"fungal_growth_networks_27","Biological",254,286,0.634822440659699,0.271829425207334
"fungal_growth_networks_28","Biological",158,200,0.604068162860916,0.285927975746996
"fungal_growth_networks_29","Biological",120,163,0.612072094246171,0.28657976369724
"fungal_growth_networks_3","Biological",223,276,0.626437558480477,0.280819030431909
"fungal_growth_networks_30","Biological",182,224,0.626698296215744,0.278556440815544
"fungal_growth_networks_31","Biological",132,171,0.620273751396288,0.277913156279969
"fungal_growth_networks_4","Biological",322,404,0.598989906067684,0.28654101096737
"fungal_growth_networks_5","Biological",146,175,0.636731691360667,0.276858955052325
"fungal_growth_networks_6","Biological",121,154,0.627354711939075,0.272545740274408
"fungal_growth_networks_7","Biological",332,412,0.603608312139571,0.285824605720587
"fungal_growth_networks_8","Biological",84,86,0.7181108079806,0.236532352955072
"fungal_growth_networks_9","Biological",187,218,0.64180163563742,0.267836142434475
"garfield's_citation_networks_(2001)_1","Informational",207,777,0.416769619016247,0.406228645782533
"garfield's_citation_networks_(2001)_2","Informational",1024,4916,0.323285780931688,0.450936619862805
"gemsec_ro","Social,Online",41773,125826,0.349832835427144,0.419890276040249
"genetic_multiplex_Arabidopsis","Biological",6938,16211,0.602317157365527,0.333447092152581
"genetic_multiplex_Bos_Multiplex_Genetic","Biological",323,291,0.819522069574637,0.16484553586977
"genetic_multiplex_Candida","Biological",365,359,0.953800233501448,0.0474085864172559
"genetic_multiplex_Celegans","Biological",3866,7754,0.665311026271369,0.292797715487857
"genetic_multiplex_DanioRerio","Biological",154,159,0.767805187340689,0.199711056384311
"genetic_multiplex_Drosophila","Biological",8210,38964,0.414783515271087,0.472773211510572
"genetic_multiplex_Gallus","Biological",312,325,0.864638115481641,0.123981153014374
"genetic_multiplex_Homo","Biological",18190,137659,0.415082785966952,0.490627794730781
"genetic_multiplex_HumanHIV1","Biological",1005,1155,0.924133529130767,0.0719796333681857
"genetic_multiplex_HumanHerpes4","Biological",216,214,0.945123169153387,0.0543982872389745
"genetic_multiplex_Mus","Biological",7727,17060,0.634741050181069,0.315246834460185
"genetic_multiplex_Oryctolagus","Biological",144,130,0.906682636663105,0.0888945673140023
"genetic_multiplex_Plasmodium","Biological",1200,2423,0.578180045850723,0.355121522235274
"genetic_multiplex_Rattus","Biological",2634,3677,0.767965543245684,0.207350109757549
"genetic_multiplex_Sacchcere","Biological",6570,223542,0.142051562011188,0.729231523604199
"genetic_multiplex_Sacchpomb","Biological",4087,55256,0.247792976271149,0.593480805871819
"genetic_multiplex_Xenopus","Biological",461,506,0.764743600804456,0.206318094468286
"german_highway_system_(2002)","Transportation",1168,1243,0.521910668207423,0.114176513759047
"github_2","Social,Online",37700,289003,0.309277814410016,0.512468597842947
"global_language_network_(2014)_1","Informational",247,415,0.774935705004357,0.20096143419286
"global_language_network_(2014)_2","Informational",134,282,0.693828728093031,0.25423408615515
"gnutella_04","Technological",10876,39994,0.380948418910086,0.500673867656954
"gnutella_06","Technological",8717,31525,0.381499822570671,0.497738805925741
"gnutella_08","Technological",6301,20777,0.434888118200905,0.465911807764463
"gnutella_09","Technological",8114,26013,0.457180270377796,0.457775763731418
"gnutella_24","Technological",26518,65369,0.555456015441744,0.389921191102828
"gnutella_25","Technological",22687,54705,0.555575768421898,0.388183858724368
"gnutella_30","Technological",36682,88328,0.580841041672755,0.373893531177154
"google","Social,Online",15763,148585,0.307311839262867,0.49502717700698
"gplus","Social,Online",23628,39194,0.811223810323951,0.169434018219552
"gplus_1","Social,Online",4805,344852,0.0514117800583765,0.686643130208164
"gplus_10","Social,Online",1650,151766,0.048429232158954,0.745877624808781
"gplus_3","Social,Online",1604,165655,0.032552035383116,0.677532796910986
"gplus_4","Social,Online",4604,430977,0.03358631302406,0.658188999587716
"gplus_5","Social,Online",4842,263128,0.077010004265965,0.699004718882584
"gplus_6","Social,Online",3545,259796,0.0726773359492415,0.728121178135979
"gplus_7","Social,Online",3870,469544,0.022628379674486,0.649520852216526
"gplus_8","Social,Online",2761,152646,0.0540479887643286,0.636703477168152
"gplus_9","Social,Online",2455,433841,0.0159144677575116,0.649276445161705
"guava_library_dependencies_(2012)","Technological",457,926,0.605022428515814,0.304304100329705
"hamsterer","Social,Online",2426,16630,0.399765220678585,0.476920106432724
"high_school_dynamic_contacts_(2011-2012)_1","Social,Offline",126,1709,0.099505856409112,0.239366133127973
"high_school_dynamic_contacts_(2011-2012)_2","Social,Offline",180,2220,0.0973449307988093,0.242340843543004
"high_tech_company","Social,Offline",21,159,0.199185623302196,0.0276769808799725
"highschool","Social,Offline",70,274,0.270693734254304,0.198983418028989
"highschool_2011","Social,Offline",126,1709,0.099505856409112,0.239366133127973
"highschool_2012","Social,Offline",180,2220,0.0973449307988093,0.242340843543004
"hiv_transmission","Social,Offline",35229,48889,0.790537777598442,0.193023913232515
"india_bus_routes_(2016)_1","Transportation",1103,2149,0.404925346010435,0.217167039224484
"india_bus_routes_(2016)_2","Transportation",1009,1610,0.463936056372617,0.264549255619359
"india_bus_routes_(2016)_3","Transportation",1554,3599,0.369623852191257,0.249309350947173
"india_bus_routes_(2016)_4","Transportation",1087,2952,0.363050104277021,0.251507115787044
"india_bus_routes_(2016)_5","Transportation",519,877,0.415215012824222,0.182054902354718
"india_bus_routes_(2016)_6","Transportation",2266,3041,0.496146581380132,0.15907056472476
"inploid","Social,Online",14629,49485,0.613074408006688,0.33475305290277
"interactome_figeys","Biological",2239,6432,0.589520955338633,0.356424872545642
"interactome_pdz","Biological",212,242,0.735790828668187,0.234813115275165
"interactome_stelzl","Biological",1702,3155,0.636659836335702,0.309706633434237
"interactome_vidal","Biological",3023,6149,0.578829480763876,0.341685945090554
"interactome_yeast","Biological",1846,2203,0.733887464774083,0.230883634023986
"internet_as","Technological",22963,48436,0.612562775673528,0.266992891838701
"iscas89_benchmark_circuits_1","Technological",588,1038,0.364773224196994,0.258496490133319
"iscas89_benchmark_circuits_10","Technological",567,1070,0.343965068650966,0.255939283210365
"iscas89_benchmark_circuits_11","Technological",819,1237,0.424776760367893,0.258228463589345
"iscas89_benchmark_circuits_12","Technological",692,1412,0.335502368483885,0.200409784127174
"iscas89_benchmark_circuits_13","Technological",686,1418,0.33161229819134,0.197339207637222
"iscas89_benchmark_circuits_14","Technological",131,190,0.437468193384224,0.273621100435118
"iscas89_benchmark_circuits_16","Technological",156,264,0.419866547270393,0.324312410395964
"iscas89_benchmark_circuits_17","Technological",219,304,0.476163296368776,0.289295344346976
"iscas89_benchmark_circuits_18","Technological",220,308,0.4733170995671,0.290698841718796
"iscas89_benchmark_circuits_19","Technological",183,313,0.398585385470631,0.305516487560062
"iscas89_benchmark_circuits_2","Technological",185,360,0.357830267242032,0.280715980657277
"iscas89_benchmark_circuits_20","Technological",187,327,0.389775180643583,0.305198767752122
"iscas89_benchmark_circuits_21","Technological",269,400,0.427612556794713,0.272663401864655
"iscas89_benchmark_circuits_22","Technological",249,354,0.441834002677376,0.275758560530907
"iscas89_benchmark_circuits_23","Technological",210,363,0.416980837728821,0.282760001894972
"iscas89_benchmark_circuits_24","Technological",249,437,0.372352847955258,0.275312521887353
"iscas89_benchmark_circuits_25","Technological",244,472,0.37499683831651,0.338490748896705
"iscas89_benchmark_circuits_26","Technological",245,472,0.376284509141652,0.338013445588028
"iscas89_benchmark_circuits_3","Technological",467,575,0.525156939182635,0.253384277832479
"iscas89_benchmark_circuits_4","Technological",481,627,0.514344512165025,0.261416960882279
"iscas89_benchmark_circuits_5","Technological",336,781,0.326785166224021,0.281325237263352
"iscas89_benchmark_circuits_6","Technological",334,793,0.321097922381025,0.278656463973501
"iscas89_benchmark_circuits_7","Technological",545,820,0.4228954022532,0.271920180102375
"iscas89_benchmark_circuits_8","Technological",491,704,0.438238289205703,0.275110829739122
"iscas89_benchmark_circuits_9","Technological",446,772,0.355754721113466,0.24423630790705
"itc99_benchmark_circuits_1","Technological",149,273,0.405675302302572,0.217845283886587
"itc99_benchmark_circuits_10","Technological",737,1341,0.35894227190491,0.186329707534392
"itc99_benchmark_circuits_2","Technological",998,1928,0.334851526604949,0.227627649830658
"itc99_benchmark_circuits_3","Technological",441,802,0.360924434366981,0.203263377382305
"itc99_benchmark_circuits_4","Technological",167,309,0.381663100652265,0.274701821690017
"itc99_benchmark_circuits_5","Technological",159,293,0.354201413953117,0.187876697482097
"itc99_benchmark_circuits_6","Technological",189,361,0.343732293615135,0.234799877408148
"itc99_benchmark_circuits_7","Technological",770,1415,0.332718666625895,0.182706948497394
"itc99_benchmark_circuits_8","Technological",1036,2022,0.338026264234221,0.204550387975537
"itc99_benchmark_circuits_9","Technological",362,617,0.392430683428301,0.219808109075771
"ito_core_yeast_interactome_(2001)","Biological",426,521,0.709854713067377,0.241131785701989
"java_library_dependencies_(2014)","Technological",249,802,0.41127291719727,0.357734897584425
"java_packages_(various)_1","Technological",105,292,0.483630853813789,0.353612865545271
"java_packages_(various)_2","Technological",192,488,0.495618670696933,0.315984241992382
"java_packages_(various)_3","Technological",228,491,0.516455204573336,0.324196556693169
"java_packages_(various)_4","Technological",398,943,0.50118602168547,0.316512436415031
"java_packages_(various)_5","Technological",504,1139,0.672193384056621,0.287677041887083
"java_packages_(various)_6","Technological",486,2717,0.262291091386417,0.341392298046972
"javax,_java,_jung,_appengine_dependencies_(2010)_1","Technological",96,179,0.495580424928829,0.242107335683546
"javax,_java,_jung,_appengine_dependencies_(2010)_2","Technological",435,1303,0.357562495188141,0.278893624645272
"javax,_java,_jung,_appengine_dependencies_(2010)_3","Technological",1031,4408,0.309585962964445,0.390189415877588
"jdk","Technological",6434,53658,0.192256433505746,0.289516659958285
"jung","Technological",6120,50290,0.196551988221901,0.278797939411818
"kapferer_tailor_shop_(1972)_1","Social,Offline",39,169,0.26805414641597,0.271854006030623
"kapferer_tailor_shop_(1972)_2","Social,Offline",39,248,0.184233775168039,0.180985237418199
"lastfm_asia","Social,Online",7624,27806,0.442965212432429,0.420685241912806
"law_firm","Social,Offline",71,1008,0.0858820197661111,0.114727296807342
"linux","Technological",30834,213217,0.258564485926408,0.496080519275267
"london_transport","Transportation",369,430,0.502453575252243,0.147360604764109
"london_transport_network","Transportation",369,430,0.502453575252243,0.147360604764109
"macaque_cortical_connectivity_(cocomac)_1","Biological",94,1515,0.126438013691256,0.354149263784162
"macaque_cortical_connectivity_(cocomac)_2","Biological",71,438,0.208529725890437,0.296905374772228
"macaque_cortical_connectivity_(cocomac)_3","Biological",47,313,0.197935308243457,0.201604375640275
"macaque_visual_cortex_(1991)_1","Biological",30,190,0.198635296280606,0.110258577978772
"macaque_visual_cortex_(1991)_2","Biological",32,194,0.21908734317272,0.19027375899148
"medieval_russia_trade_network","Economic",39,53,0.458468249446027,0.229949950655074
"messal_shale","Biological",700,6395,0.109717311176893,0.403043133791177
"metabolic_networks_from_kegg_(2006)_1","Biological",880,2296,0.385952149806099,0.285421243716124
"metabolic_networks_from_kegg_(2006)_10","Biological",861,2011,0.404239906831398,0.267550898800519
"metabolic_networks_from_kegg_(2006)_11","Biological",769,1858,0.392105799960288,0.256848504125821
"metabolic_networks_from_kegg_(2006)_12","Biological",619,1501,0.391804922486287,0.277520169471995
"metabolic_networks_from_kegg_(2006)_13","Biological",464,1115,0.38602760400194,0.253735665496954
"metabolic_networks_from_kegg_(2006)_14","Biological",813,2103,0.379050446127771,0.255840115868782
"metabolic_networks_from_kegg_(2006)_15","Biological",601,1536,0.369195718154055,0.275603619415399
"metabolic_networks_from_kegg_(2006)_16","Biological",1042,2764,0.388396547349186,0.289685253471821
"metabolic_networks_from_kegg_(2006)_17","Biological",808,2105,0.393681765238015,0.296251207316496
"metabolic_networks_from_kegg_(2006)_18","Biological",598,1425,0.405285723911328,0.282434035263385
"metabolic_networks_from_kegg_(2006)_19","Biological",609,1476,0.404153594376956,0.285848128210255
"metabolic_networks_from_kegg_(2006)_2","Biological",610,1482,0.40308804662703,0.286699212574783
"metabolic_networks_from_kegg_(2006)_20","Biological",610,1481,0.403865992876959,0.286060590177133
"metabolic_networks_from_kegg_(2006)_21","Biological",600,1421,0.406354223537514,0.280840749739364
"metabolic_networks_from_kegg_(2006)_22","Biological",783,1986,0.408571205858673,0.287056238073261
"metabolic_networks_from_kegg_(2006)_23","Biological",816,1977,0.40691038425806,0.281082985831832
"metabolic_networks_from_kegg_(2006)_24","Biological",896,2186,0.408017249010905,0.273235406605806
"metabolic_networks_from_kegg_(2006)_25","Biological",337,806,0.372506328209627,0.261830338311994
"metabolic_networks_from_kegg_(2006)_26","Biological",759,1771,0.417989837980936,0.272642056911246
"metabolic_networks_from_kegg_(2006)_3","Biological",725,1657,0.416986614058428,0.265232501507657
"metabolic_networks_from_kegg_(2006)_4","Biological",965,2353,0.399229496800017,0.260485452969562
"metabolic_networks_from_kegg_(2006)_5","Biological",546,1289,0.384249539979722,0.230258998706789
"metabolic_networks_from_kegg_(2006)_6","Biological",354,856,0.368997679791491,0.260797377504739
"metabolic_networks_from_kegg_(2006)_7","Biological",360,887,0.363629336053161,0.257995447663782
"metabolic_networks_from_kegg_(2006)_8","Biological",774,1818,0.415528806676854,0.272618287677333
"metabolic_networks_from_kegg_(2006)_9","Biological",300,712,0.366203399019425,0.248011312794338
"montreal","Social,Offline",33,78,0.518065468616007,0.331090831940804
"moreno_taro","Social,Offline",22,39,0.448504489337823,0.151895249832652
"mouse_suprachiasmatic_nucleus_1","Biological",179,705,0.388567271916649,0.419062892224817
"mouse_suprachiasmatic_nucleus_2","Biological",155,744,0.355145125239937,0.464252210559221
"mouse_suprachiasmatic_nucleus_3","Biological",176,803,0.341040983021206,0.434548716977418
"mouse_visual_cortex_(2011)_1","Biological",29,44,0.456934865900383,0.280036415035577
"mouse_visual_cortex_(2011)_2","Biological",193,214,0.888279567205325,0.10843066001843
"new_guinea_tribes","Social,Offline",16,58,0.299209582005623,0.0926158679045514
"openflights","Transportation",3214,18858,0.477286340431183,0.412327401732588
"p._pacificus_nematode_(2013)_1","Biological",54,141,0.534022302730654,0.37427919317321
"p._pacificus_nematode_(2013)_2","Biological",50,141,0.511028251755403,0.377515673427611
"pgp_strong","Social,Online",39796,197150,0.471795523373722,0.384378416331803
"physician_trust","Social,Offline",241,923,0.242644082571978,0.267219922771354
"polblogs","Informational",1224,16715,0.240438216330116,0.607475529157969
"political_books_network_(2004)","Informational",105,441,0.258010393330159,0.22228041738743
"power","Technological",4941,6594,0.55479016565091,0.27861932194202
"reactome","Biological",6229,146160,0.236919568871331,0.578087011758403
"reguly_yeast_interactome_(2006)","Biological",1213,2556,0.573477890167869,0.302408909787638
"residence_hall","Social,Offline",217,1839,0.120732164961955,0.242556800174696
"rhesus_brain_(2012)","Biological",242,3054,0.136371832492442,0.494907227276475
"rhesus_cortex_(2014)","Biological",91,1401,0.084365664473381,0.155661986559563
"roget's_thesaurus_(1879)","Informational",994,3640,0.260659323214087,0.369470512111184
"rome_roads_(1999)","Transportation",3353,4831,0.435493505953762,0.247661757984638
"route_views_as_graphs_(1997-1998)_1","Technological",493,1145,0.529356278849894,0.32259806778728
"route_views_as_graphs_(1997-1998)_2","Technological",522,1198,0.530804473245606,0.320011595687608
"route_views_as_graphs_(1997-1998)_3","Technological",512,1181,0.529337023463081,0.318716947452039
"route_views_as_graphs_(1999-2000)_1","Technological",541,1233,0.537517220626206,0.319900876467292
"route_views_as_graphs_(1999-2000)_10","Technological",527,1198,0.540686144527556,0.319709263857545
"route_views_as_graphs_(1999-2000)_11","Technological",530,1198,0.541693859253069,0.320193910193991
"route_views_as_graphs_(1999-2000)_12","Technological",545,1246,0.531594327788757,0.319952328432693
"route_views_as_graphs_(1999-2000)_13","Technological",544,1240,0.530546064219903,0.319987268826542
"route_views_as_graphs_(1999-2000)_2","Technological",538,1225,0.530914168143845,0.31909934535944
"route_views_as_graphs_(1999-2000)_3","Technological",557,1278,0.529388156511552,0.318134805232326
"route_views_as_graphs_(1999-2000)_4","Technological",553,1264,0.532900276861896,0.319247429886054
"route_views_as_graphs_(1999-2000)_5","Technological",561,1280,0.534503078198427,0.319602478898059
"route_views_as_graphs_(1999-2000)_6","Technological",549,1249,0.530330598707878,0.318226640890427
"route_views_as_graphs_(1999-2000)_7","Technological",103,239,0.533554623127297,0.323911100350796
"route_views_as_graphs_(1999-2000)_8","Technological",2067,4218,0.612483534042109,0.287988851611834
"route_views_as_graphs_(1999-2000)_9","Technological",2132,4347,0.612760146686717,0.287384286198306
"scotus_majority_2007","Informational",34613,201189,0.369446029226812,0.520420674200257
"scotus_majority_2008","Informational",25417,216456,0.232376724927742,0.543928396206878
"software_function-callgraphs_(2002)_1","Technological",1035,1719,0.623112319995892,0.308770363382748
"software_function-callgraphs_(2002)_2","Technological",162,252,0.605408985482437,0.297693454434309
"software_function-callgraphs_(2002)_3","Technological",771,1357,0.631988132016926,0.308192390562122
"software_function-callgraphs_(2002)_4","Technological",971,1802,0.534517576760377,0.350890376959318
"student_cooperation","Social,Offline",185,311,0.677825400854137,0.186258915144625
"terrassa_traffic_(2016)","Transportation",1603,2320,0.394671409171337,0.163879362279218
"turker_network","Social,Online",1389,5268,0.578873986015119,0.368329463470748
"twitch_de","Social,Online",9498,153138,0.155329191085032,0.602647434251658
"twitch_engb","Social,Online",7126,35324,0.353439497745695,0.477432618076318
"twitch_es","Social,Online",4648,59382,0.188873192117783,0.57931294798479
"twitch_fr","Social,Online",6549,112666,0.136387169058841,0.602787992049427
"twitch_ptbr","Social,Online",1912,31299,0.160067080416924,0.610638425329432
"twitch_ru","Social,Online",4385,37304,0.250569681310086,0.543476141374855
"twitter_1","Social,Online",246,6329,0.0560779519141908,0.320729751353068
"twitter_10","Social,Online",216,6732,0.0663110629935867,0.458440931444425
"twitter_11","Social,Online",194,6253,0.0512927874740784,0.336814905261552
"twitter_12","Social,Online",193,7597,0.0728474397916739,0.577686563580355
"twitter_2","Social,Online",184,8365,0.0399538293556482,0.315396799007378
"twitter_3","Social,Online",228,7021,0.058762983825752,0.426451692053932
"twitter_4","Social,Online",201,5999,0.0821475679273226,0.509918212383783
"twitter_5","Social,Online",183,6539,0.0488986948162351,0.365092023555349
"twitter_6","Social,Online",232,6325,0.0721197887288172,0.457074676521737
"twitter_7","Social,Online",184,6209,0.0616572991471484,0.445336561837473
"twitter_8","Social,Online",239,6996,0.0797718750161062,0.562005799651649
"twitter_9","Social,Online",213,12174,0.0456781987082387,0.471642772576487
"uc_irvine_students","Social,Online",1899,13838,0.354255218184433,0.536115574841978
"uetz_screen_yeast_interactome_(2000)","Biological",263,281,0.712606313492354,0.24371263020964
"ugandan_village_friendship-1","Social,Offline",202,547,0.313327200740316,0.375265538922783
"ugandan_village_friendship-10","Social,Offline",207,1092,0.152711230520145,0.308593575399529
"ugandan_village_friendship-11","Social,Offline",250,1063,0.206047139232015,0.357702196399744
"ugandan_village_friendship-12","Social,Offline",229,872,0.248932874095664,0.403014111717492
"ugandan_village_friendship-13","Social,Offline",183,809,0.20295406594172,0.381904583867047
"ugandan_village_friendship-14","Social,Offline",124,525,0.20381763182755,0.310823582889537
"ugandan_village_friendship-15","Social,Offline",120,274,0.383097437528334,0.379650386604348
"ugandan_village_friendship-16","Social,Offline",372,1372,0.223095554120975,0.364668195183519
"ugandan_village_friendship-17","Social,Offline",65,257,0.252697708449864,0.313608995017137
"ugandan_village_friendship-2","Social,Offline",181,688,0.242740530583019,0.378503227877808
"ugandan_village_friendship-3","Social,Offline",192,1060,0.165816739850925,0.360522260091922
"ugandan_village_friendship-4","Social,Offline",320,2076,0.126787999143363,0.326914698350763
"ugandan_village_friendship-5","Social,Offline",184,720,0.233918708650635,0.37625260897917
"ugandan_village_friendship-6","Social,Offline",139,632,0.193072444883861,0.33905981272293
"ugandan_village_friendship-7","Social,Offline",121,770,0.129892925754623,0.264376539001612
"ugandan_village_friendship-8","Social,Offline",369,1753,0.159849146926075,0.308343444926654
"ugandan_village_friendship-9","Social,Offline",178,1070,0.15620237601191,0.316901897646642
"ugandan_village_health-advice_1","Social,Offline",187,431,0.416336285240863,0.361987523290735
"ugandan_village_health-advice_10","Social,Offline",204,820,0.251888589179118,0.382915141368327
"ugandan_village_health-advice_11","Social,Offline",238,529,0.425451650370362,0.322058197721285
"ugandan_village_health-advice_12","Social,Offline",220,535,0.340255066985563,0.295767937643487
"ugandan_village_health-advice_13","Social,Offline",159,287,0.482454511363901,0.342767005580217
"ugandan_village_health-advice_14","Social,Offline",120,326,0.330713742123691,0.342965183467182
"ugandan_village_health-advice_15","Social,Offline",117,196,0.548261637350278,0.30850799528362
"ugandan_village_health-advice_16","Social,Offline",349,862,0.384000689190594,0.32881452053568
"ugandan_village_health-advice_17","Social,Offline",63,146,0.40073798633553,0.308498334758234
"ugandan_village_health-advice_2","Social,Offline",170,394,0.414200993554468,0.309711932467327
"ugandan_village_health-advice_3","Social,Offline",185,638,0.272452565297798,0.283715201056445
"ugandan_village_health-advice_4","Social,Offline",316,1045,0.269753064306046,0.366551007508984
"ugandan_village_health-advice_5","Social,Offline",168,387,0.435172540511943,0.351365852773328
"ugandan_village_health-advice_6","Social,Offline",131,284,0.449271993304529,0.285231522341662
"ugandan_village_health-advice_7","Social,Offline",121,473,0.223046526127305,0.31883345820256
"ugandan_village_health-advice_8","Social,Offline",361,1237,0.239543390848534,0.321459735512264
"ugandan_village_health-advice_9","Social,Offline",173,623,0.286457631622536,0.324532431438994
"us_airport_network_(top_500;_2002)","Transportation",500,2980,0.442965698514327,0.410948333630885
"water_distribution_network_1","Technological",1893,2418,0.502553205188867,0.247633725258587
"water_distribution_network_2","Technological",873,957,0.559891303579257,0.233013956054275
"water_distribution_network_3","Technological",1786,1992,0.593482195626478,0.276264849406533
"webkb_webkb_cornell_cocite","Informational",346,13416,0.107586155069564,0.610640393363833
"webkb_webkb_cornell_link1","Informational",349,696,0.545800825627931,0.331063847694092
"webkb_webkb_texas_cocite","Informational",334,16494,0.0941796901376508,0.637581298742236
"webkb_webkb_texas_link1","Informational",285,493,0.593162821380773,0.290969259157734
"webkb_webkb_washington_cocite","Informational",434,15231,0.136964514522486,0.5764202221188
"webkb_webkb_washington_link1","Informational",433,954,0.518323373879815,0.356200878033784
"webkb_webkb_wisconsin_cocite","Informational",348,16625,0.0741337306818928,0.557747901828246
"webkb_webkb_wisconsin_link1","Informational",297,565,0.560742306411484,0.312648149822566
"wiki_science","Informational",687,6523,0.2402110264732,0.493257404487446
"winnipeg_traffic_(2016)_1","Transportation",948,1384,0.394687056408553,0.20175499347122
"winnipeg_traffic_(2016)_2","Transportation",1040,1595,0.419003967830009,0.190067282831354
"word_adjacencies_of_david_copperfield","Informational",112,425,0.289070951603961,0.418399898299178
"word_adjacency_darwin","Informational",7381,44207,0.381370722631513,0.408598847491982
"word_adjacency_french","Informational",8325,23841,0.503481065355561,0.31459222309949
"word_adjacency_japanese","Informational",2704,7998,0.534201172270641,0.331727974435082
"word_adjacency_spanish","Informational",11586,43065,0.524974567576097,0.343348281403395
"word_assoc","Informational",23132,297094,0.28154510350203,0.543033378111498
"world_subways_(2009)_1","Transportation",128,143,0.50174129533179,0.12388694659645
"world_subways_(2009)_10","Transportation",104,114,0.510208333333333,0.130240475529022
"world_subways_(2009)_11","Transportation",170,182,0.515912990196078,0.117901289965707
"world_subways_(2009)_12","Transportation",141,149,0.522832720427283,0.104172951470083
"world_subways_(2009)_2","Transportation",266,308,0.504446990953859,0.14380561765948
"world_subways_(2009)_3","Transportation",209,240,0.490193428647376,0.123092498701258
"world_subways_(2009)_4","Transportation",147,164,0.501661706349206,0.131346497101344
"world_subways_(2009)_5","Transportation",134,156,0.514772203795836,0.16540634913757
"world_subways_(2009)_6","Transportation",433,475,0.502041618225427,0.096102902363384
"world_subways_(2009)_7","Transportation",299,356,0.494434629578017,0.152002793281035
"world_subways_(2009)_8","Transportation",148,158,0.512476371460746,0.100506579251931
"world_subways_(2009)_9","Transportation",217,262,0.488741776742747,0.152992313815246
"yeast_transcription","Biological",690,1081,0.665974824684606,0.276007540560821
"yu_yeast_interactomes_(2008)_1","Biological",964,1487,0.661207884181026,0.285352728982846
"yu_yeast_interactomes_(2008)_2","Biological",1647,2518,0.647166306587515,0.289964824808952
"zachary_karate_club_1","Social,Offline",34,76,0.478395445671195,0.259741111296964
"zachary_karate_club_2","Social,Offline",34,78,0.454174986534061,0.223064520449095
