"Name","NetworkDomain","Nodes","Edges","GiniBetweenness","GiniCloseness","GiniDegreeCount","GiniEigenvectorCentrality","GiniTransitivity"
"7th_graders","Social,Offline",29,250,0.583281545202804,0.077348627434051,0.173714285714286,0.163868484496618,0.0714261824899159
"add_health_comm1","Social,Offline",69,220,0.605359521286963,0.0670618607805471,0.260160427807487,0.383520883046157,0.308166268341477
"add_health_comm10","Social,Offline",678,2795,0.571201485336746,0.0586777546232338,0.302067682583639,0.638052267421826,0.401283149710712
"add_health_comm11","Social,Offline",411,1590,0.566863478671905,0.0617649242141867,0.289368001227182,0.567529253727642,0.42107528397537
"add_health_comm12","Social,Offline",581,2805,0.506974509576322,0.051123143493009,0.264056180465917,0.595895250794397,0.376008020991389
"add_health_comm13","Social,Offline",654,2351,0.589206644489096,0.0418447524681602,0.312952749571229,0.588900619446291,0.464180042391098
"add_health_comm14","Social,Offline",562,2688,0.536904125391821,0.0477343300636337,0.269366458704694,0.699642028665633,0.351280960512568
"add_health_comm15","Social,Offline",1062,4391,0.529034475971588,0.0528559646255298,0.30149193438468,0.665798762889627,0.464751623949801
"add_health_comm16","Social,Offline",778,3462,0.530932704235159,0.0527626305891144,0.287028053059249,0.629885907712922,0.408237001423503
"add_health_comm17","Social,Offline",1218,5337,0.502468941791398,0.0573255068554553,0.285784162254514,0.510204982588926,0.461727908781399
"add_health_comm18","Social,Offline",284,1189,0.478940022986237,0.0522599261271108,0.258434946966748,0.493448644139105,0.390755839456794
"add_health_comm19","Social,Offline",492,2096,0.526371231164213,0.0640612826966068,0.257975622269554,0.626756499385951,0.363726203981711
"add_health_comm2","Social,Offline",105,349,0.627934244017059,0.0676866687508398,0.332350672250386,0.637818648847196,0.326404450516628
"add_health_comm20","Social,Offline",910,4075,0.506796451218043,0.051900000328628,0.267905269054513,0.631766992892511,0.387422319468568
"add_health_comm21","Social,Offline",377,1531,0.534311948547369,0.0577194679070548,0.278322470364245,0.638664070598778,0.361631073494074
"add_health_comm22","Social,Offline",614,2450,0.588471381633265,0.0493881715055372,0.30619835536172,0.733501989919145,0.380864155577936
"add_health_comm23","Social,Offline",667,2897,0.519861948535442,0.0541380075267678,0.273939282741492,0.597315244838565,0.375838358031244
"add_health_comm24","Social,Offline",853,3005,0.66691982789634,0.0382884948343213,0.30070344418145,0.737882388003361,0.449966113495973
"add_health_comm25","Social,Offline",798,2578,0.582056789682213,0.0314194844389397,0.306002046074642,0.616469811682068,0.467987307229484
"add_health_comm26","Social,Offline",551,2066,0.612267949401725,0.0594317275367046,0.297437296488603,0.714906268900336,0.402103268379371
"add_health_comm27","Social,Offline",1169,2541,0.567213176606578,0.0324337161686496,0.268297186416738,0.777288810466675,0.51222149040124
"add_health_comm28","Social,Offline",1138,4716,0.536673117299833,0.0394347639143109,0.300451204492575,0.612669088719944,0.440532169431785
"add_health_comm29","Social,Offline",569,2534,0.522338142818983,0.0529896871875812,0.285592699845482,0.672227487572119,0.377447304934607
"add_health_comm3","Social,Offline",32,91,0.62107948697257,0.0883782324317969,0.315490960652251,0.504135135176794,0.302740948600574
"add_health_comm30","Social,Offline",718,2740,0.546052532516263,0.0555185763800874,0.295711042563805,0.610550200570824,0.431424201616349
"add_health_comm31","Social,Offline",751,1648,0.767098473916318,0.0438928204669979,0.380919902912621,0.917252256945661,0.575209346856649
"add_health_comm32","Social,Offline",855,3441,0.503112913520948,0.0391765005335769,0.303686704003996,0.609462649084766,0.450167983579589
"add_health_comm33","Social,Offline",1987,4840,0.584322216980783,0.0265219538821185,0.353758229091242,0.750256527038318,0.649685306682597
"add_health_comm34","Social,Offline",1607,5749,0.567152031154982,0.0387920628121538,0.313352563129177,0.749070537280974,0.520961442977341
"add_health_comm35","Social,Offline",851,3151,0.560370312707255,0.0573049732794234,0.316511658297086,0.65389579786645,0.550824304515709
"add_health_comm36","Social,Offline",2154,7987,0.562314756275664,0.0376883681482472,0.311609244725419,0.859442722484133,0.491718339820383
"add_health_comm37","Social,Offline",373,702,0.687996594375494,0.0602394016522926,0.34288361976534,0.601003550447884,0.642708184093145
"add_health_comm38","Social,Offline",521,1925,0.513282798853936,0.0640394956048518,0.306351648351648,0.667458516002527,0.447307170835466
"add_health_comm39","Social,Offline",991,3917,0.515669918480749,0.0319420893355288,0.291656931840746,0.672489023418385,0.46775142928756
"add_health_comm4","Social,Offline",281,1136,0.541116854664186,0.0607449854495531,0.284771126760563,0.371057536595955,0.417659033894128
"add_health_comm40","Social,Offline",2002,8525,0.517237273111482,0.0247297891454369,0.303994044033702,0.677606223208223,0.480543920624425
"add_health_comm41","Social,Offline",2064,8646,0.5259001004371,0.0478214391255719,0.290454208508772,0.682300301213167,0.471511192674492
"add_health_comm42","Social,Offline",1407,4932,0.569502324539762,0.0467939722810237,0.347958263680507,0.62077884176415,0.588928558140192
"add_health_comm43","Social,Offline",1642,5244,0.571063884876875,0.037411952013438,0.321118334479125,0.724539135173962,0.580989206447569
"add_health_comm44","Social,Offline",1127,5096,0.541687557066508,0.0488740041890512,0.284322012040231,0.711109792433718,0.427696062953638
"add_health_comm45","Social,Offline",936,2753,0.646346753301861,0.0325735502220162,0.388006083786088,0.814079842037748,0.618860228404882
"add_health_comm46","Social,Offline",1519,5749,0.510281970532992,0.0494499760765724,0.297573777509797,0.645422497336061,0.508789914962528
"add_health_comm47","Social,Offline",985,4378,0.688869846365058,0.0722940466762062,0.273137212299487,0.832252425798283,0.421394186709993
"add_health_comm48","Social,Offline",1171,4990,0.529887863725187,0.0485683488815355,0.284804480756385,0.747730709933386,0.440839841739428
"add_health_comm49","Social,Offline",1884,7035,0.692848042889286,0.0467664274542725,0.318746907296459,0.786814317437183,0.467840211491582
"add_health_comm5","Social,Offline",157,730,0.493661134973587,0.0604556372621504,0.242421847558834,0.400203639735458,0.291490561147647
"add_health_comm50","Social,Offline",2539,10455,0.510476578515649,0.0475961821842745,0.290025811397038,0.772376385240752,0.497612395518774
"add_health_comm51","Social,Offline",683,1669,0.64389411637647,0.039009177666462,0.37444234962548,0.76603542416625,0.62025329135174
"add_health_comm52","Social,Offline",1723,5440,0.58757822429657,0.0347040519884743,0.309309668989547,0.631182121290338,0.526334985966164
"add_health_comm53","Social,Offline",581,1511,0.676057825082653,0.0619846074779871,0.379964170793491,0.892850533317999,0.557813384855421
"add_health_comm54","Social,Offline",1041,3040,0.613860738039965,0.0348023956790765,0.338083248987854,0.855939259729193,0.538458943848212
"add_health_comm55","Social,Offline",336,803,0.633794096176045,0.053263663669299,0.341447184996561,0.732953985355484,0.476720415271759
"add_health_comm56","Social,Offline",446,1394,0.570942190904104,0.0519148853764415,0.339058243193139,0.725735738619561,0.474653752281493
"add_health_comm57","Social,Offline",1193,3487,0.707962788201037,0.0340447872926391,0.358249384578963,0.899983429859641,0.530050157478372
"add_health_comm58","Social,Offline",1715,5611,0.635477546979858,0.0296990876359574,0.321584934743327,0.898304076696052,0.490654885789403
"add_health_comm59","Social,Offline",975,3341,0.574649147025015,0.038222992289466,0.320843579274855,0.665910728759271,0.471089484287574
"add_health_comm6","Social,Offline",108,378,0.529025247350214,0.0649053417921433,0.299090144884537,0.716624537169195,0.439095740291133
"add_health_comm60","Social,Offline",1143,3705,0.62418014118007,0.0312656058181167,0.326001687500443,0.855379234957545,0.487254966991553
"add_health_comm61","Social,Offline",1743,4419,0.640020396018712,0.0286948704258152,0.341093243895931,0.857873848225634,0.561867299083473
"add_health_comm62","Social,Offline",1051,2743,0.571700196798904,0.0302023920645024,0.321195076645314,0.877127532073129,0.54407561724877
"add_health_comm63","Social,Offline",98,283,0.586967001846397,0.0727614615681973,0.346654038104259,0.603973535777877,0.346399840432298
"add_health_comm64","Social,Offline",696,2862,0.504932533768067,0.0384369949629508,0.288212700280028,0.625860323312402,0.426188436698676
"add_health_comm65","Social,Offline",559,1870,0.531782074960255,0.0428769753970741,0.280606827286144,0.810490707770441,0.454304401346878
"add_health_comm66","Social,Offline",644,2865,0.492952365797243,0.0521593392696186,0.292076028867737,0.606397894709617,0.426800845920981
"add_health_comm67","Social,Offline",456,926,0.667750581092196,0.0557407794373882,0.378207106068877,0.815535799355622,0.558595052625756
"add_health_comm68","Social,Offline",1393,3875,0.586369428428967,0.0290521582456555,0.311179458657768,0.863501217188381,0.557291650995205
"add_health_comm69","Social,Offline",893,3679,0.548476384710927,0.0416314977026972,0.289285814409014,0.586871738000614,0.458395395560605
"add_health_comm7","Social,Offline",441,1700,0.577088824431534,0.0389283205321309,0.306766042780749,0.641844611226043,0.406006001378977
"add_health_comm70","Social,Offline",76,344,0.612427807331929,0.0693769793561199,0.24077519379845,0.344237653390628,0.258660691939777
"add_health_comm71","Social,Offline",74,358,0.547548254060225,0.0716647638087699,0.202571362975434,0.321245005702699,0.198781892830406
"add_health_comm72","Social,Offline",352,1398,0.585995169241461,0.0607646973909707,0.284458057705554,0.600752914710933,0.358053621076333
"add_health_comm73","Social,Offline",1632,6814,0.540453485255056,0.0367990384757923,0.278088157303003,0.568005761977215,0.435783107241564
"add_health_comm74","Social,Offline",656,1678,0.623536698586237,0.0532651134538865,0.359908651702772,0.647236703320253,0.548678814019434
"add_health_comm75","Social,Offline",994,4396,0.530706796489792,0.050648589077786,0.280652465346598,0.654560538860112,0.426309269674611
"add_health_comm76","Social,Offline",43,185,0.486763441946985,0.0621821952002179,0.20965250965251,0.280261451398175,0.174688157024997
"add_health_comm77","Social,Offline",25,106,0.505198262231443,0.074926272667863,0.205974842767296,0.276413257590576,0.187983012346279
"add_health_comm78","Social,Offline",432,1334,0.583670393325191,0.0519160705213478,0.305793159104902,0.492078900142763,0.428379746038779
"add_health_comm79","Social,Offline",1195,4157,0.515825620161234,0.0308540654132268,0.295814530917759,0.664822335894766,0.465777618796225
"add_health_comm8","Social,Offline",204,809,0.506805949500941,0.0608847710765347,0.27471731201325,0.684079578758444,0.344024855000452
"add_health_comm80","Social,Offline",594,1745,0.552667039828501,0.0699828107739506,0.332567634822693,0.811655037867729,0.486635735309326
"add_health_comm81","Social,Offline",1290,3795,0.552672609721705,0.06243010183048,0.326440101763069,0.663307675569959,0.563854538778474
"add_health_comm82","Social,Offline",925,4022,0.481797810979869,0.0313609552952351,0.297318213031788,0.533769792439693,0.461839124639976
"add_health_comm83","Social,Offline",1268,3587,0.563498616578284,0.0297172971298687,0.32370092914231,0.765344432409272,0.530120393542312
"add_health_comm84","Social,Offline",1569,4017,0.75967099784732,0.0285149143761919,0.342512434398704,0.836709067544008,0.554513695796905
"add_health_comm9","Social,Offline",248,1004,0.519594102828265,0.0570815670196027,0.267250834717809,0.533679945523556,0.354712541459106
"adjnoun","Informational",112,425,0.721476292138842,0.0824475132334411,0.421070482246953,0.430579953246982,0.472471779244493
"advogato","Social,Online",5155,39285,0.894763700420169,0.0234436880820842,0.681055171828961,0.693091617891043,0.487650304911219
"aids_blogs_(2005)","Informational",146,180,0.952944491369764,0.0789952994935274,0.555938697318008,0.479929680083661,0.749203919691386
"amazon_pages_(2012)","Informational",2879,3886,0.99136170180071,0.0462044908428989,0.621894064221558,0.378543352788423,0.170620104315807
"amazon_political_books_(2004)","Economic",105,441,0.690690093865101,0.0690124233271307,0.331131170416885,0.481821133983257,0.249594731468781
"anaheim_traffic_network_(1992)","Transportation",416,634,0.60197912280695,0.0864649543189192,0.171916688837368,0.70779722152607,0.658926855396443
"anybeat","Social,Online",12645,49132,0.966620856445144,0.0807775603813178,0.766510748710876,0.640134298998215,0.518986766254208
"barcelona_traffic_(2016)","Transportation",930,1798,0.636436460614244,0.0479999003450286,0.148005618011162,0.956079092097255,0.740108670551591
"berlin_traffic_(2005)_1","Transportation",224,376,0.636518879659832,0.101803512604854,0.20643306936361,0.768843381467016,0.631328687935345
"berlin_traffic_(2005)_2","Transportation",397,644,0.648314169485452,0.0754453663799105,0.214544513457557,0.877312714835187,0.668777802755485
"berlin_traffic_(2005)_3","Transportation",974,1611,0.668640753578527,0.0801833267555687,0.200478085209406,0.948442325171985,0.656712421685463
"berlin_traffic_(2005)_4","Transportation",350,553,0.602853966197181,0.0912748758471478,0.201241470074664,0.893531757019274,0.670598588945259
"berlin_traffic_(2005)_5","Transportation",359,595,0.635199730956439,0.0817813441455213,0.172395662175485,0.930869085188348,0.646188692520938
"bible_nouns","Informational",1773,9131,0.900392299154808,0.0395576696409498,0.558256632269749,0.677920122361171,0.232047846659295
"bitcoin","Social,Online",3783,14124,0.926727854882384,0.0246198077733884,0.698743646400896,0.711937032309863,0.60554817461434
"bitcoin_alpha","Economic",5881,21492,0.943177731132112,0.0267560912987245,0.708533202039424,0.69783684774958,0.59620122258995
"blumenau_drug","Biological",75,181,0.755762284687389,0.0845545426944576,0.450500223980887,0.433970160747265,0.697470819490435
"budapest_connectome_all_1m","Biological",1015,120748,0.752959585006604,0.0560303427147025,0.236474382006335,0.256008406986985,0.0916789660502701
"budapest_connectome_all_200k","Biological",1015,104292,0.766324348772804,0.0601099212369873,0.251508679431464,0.276569334067151,0.096198806309828
"budapest_connectome_all_20k","Biological",1015,70654,0.807859045221171,0.0552840409137608,0.284106886636876,0.346269637392063,0.110856278430814
"budapest_connectome_female_1m","Biological",1015,111889,0.764232377355305,0.057846357249934,0.249443548086709,0.269999196629975,0.0953854045119205
"budapest_connectome_female_200k","Biological",1015,95867,0.77686476230587,0.0611275815516549,0.265018068568821,0.291689910552904,0.100592901153623
"budapest_connectome_female_20k","Biological",1015,62552,0.821355929406935,0.0544437187054209,0.298489865504878,0.373646331917382,0.116378457970107
"budapest_connectome_male_1m","Biological",1015,92705,0.775372320952434,0.060569466927054,0.252891300020946,0.287662580860047,0.10046746428184
"budapest_connectome_male_200k","Biological",1015,79278,0.793338955573295,0.0589266921748482,0.266383561842871,0.307933767130954,0.105776186735699
"budapest_connectome_male_20k","Biological",1015,53586,0.827390514033956,0.0497467324606625,0.296658044054752,0.378754302823328,0.122034927057708
"c._elegans_interactomes_(2009)_1","Biological",345,400,0.819276934640953,0.100824793191528,0.452827034883721,0.774561697223215,0.9375346787027
"c._elegans_interactomes_(2009)_2","Biological",683,1543,0.805076554444038,0.0954686630632862,0.500016154689706,0.734016999151281,0.554589892714283
"c._elegans_interactomes_(2009)_3","Biological",117,123,0.959665290396701,0.100196140189636,0.508550602747407,0.29563948038228,0.693058762404307
"c._elegans_interactomes_(2009)_4","Biological",1084,1602,0.850231734618539,0.0941877409067075,0.522572200262138,0.731108447982836,0.915928851906564
"c._elegans_interactomes_(2009)_5","Biological",1108,1500,0.86830024575633,0.0964459822589823,0.518363745859681,0.722994095310679,0.919840893320699
"c._elegans_interactomes_(2009)_6","Biological",2214,3538,0.850185030890289,0.0893404799650813,0.544517506271717,0.751066188147427,0.91097117341307
"c._elegans_interactomes_(2009)_7","Biological",297,2148,0.741022956185197,0.059769123612268,0.386781858674317,0.425950710945739,0.280941814427215
"c._elegans_interactomes_(2009)_8","Biological",279,2287,0.703644750064019,0.0607113707734335,0.347234761381975,0.400878213330928,0.272482694643344
"c._elegans_interactomes_(2009)_9","Biological",269,2902,0.673705179774185,0.0757888856560642,0.408629663536213,0.465145242523711,0.22517615562884
"c._elegans_neurons_(1986)","Biological",297,2148,0.741022956185197,0.059769123612268,0.386781858674317,0.425950710945739,0.280941814427215
"cat_brain_(2013)","Biological",65,730,0.643542910165644,0.0695135867663723,0.252547089041096,0.264013222727834,0.115676577485201
"cat_cerebral_hemisphere_1","Biological",95,1170,0.645561551071016,0.0776444191769537,0.315048190580105,0.318299850436728,0.156150871771458
"cat_cerebral_hemisphere_2","Biological",52,515,0.648687678744621,0.0655731056926478,0.229354654483152,0.238228210991201,0.107830278537818
"celegans_2019_hermaphrodite_chemical_corrected","Biological",446,4172,0.738832324867487,0.0906136648233116,0.36957835543538,0.494050752371661,0.274057588672592
"celegans_2019_hermaphrodite_chemical_synapse","Biological",357,3079,0.698618247025061,0.106034182730254,0.396137663257077,0.49576774493171,0.257765512602721
"celegans_2019_hermaphrodite_gap_junction_corrected","Biological",462,1433,0.732876653101846,0.113393661755517,0.419632977249918,0.769931714789252,0.587826052456626
"celegans_2019_hermaphrodite_gap_junction_synapse","Biological",315,1021,0.715776292475772,0.103377602125811,0.424814562967492,0.711619903768478,0.57338913269194
"celegans_2019_male_chemical_corrected","Biological",559,4500,0.73731074348757,0.0881641300537122,0.402377538829152,0.687920295990944,0.305121433516463
"celegans_2019_male_chemical_synapse","Biological",328,2832,0.675567174432957,0.0644185504664307,0.379756690682286,0.632771327703584,0.27352510446016
"celegans_2019_male_gap_junction_corrected","Biological",543,1724,0.734609989406491,0.103505230596285,0.472964700644686,0.775452118028601,0.558671344108365
"celegans_2019_male_gap_junction_synapse","Biological",300,1172,0.688141526983852,0.0786286459464647,0.472122661431164,0.654496878763434,0.528639373574801
"celegans_interactomes_BPmaps","Biological",521,517,0.880246371681579,0.188703728708161,0.413230918018152,0.850863892009202,0.935546262567221
"celegans_interactomes_Genetic","Biological",759,1593,0.824602109958482,0.0935979776533039,0.510017441080453,0.760685479447459,0.555756039599375
"celegans_interactomes_IntegratedNetwork","Biological",6125,177267,0.853712972390599,0.0274411250683522,0.791687159339992,0.863924987344113,0.402678006062187
"celegans_interactomes_Interolog","Biological",2624,13564,0.861159376319323,0.0853829704737491,0.663305757778911,0.95508350972758,0.477997623728513
"celegans_interactomes_LCI","Biological",425,417,0.964566323723814,0.0719356402622475,0.425320121261481,0.807297593689492,0.638999440704323
"celegans_interactomes_Microarray","Biological",2436,136930,0.898575939011508,0.0461518196697722,0.69826463888157,0.71598552088862,0.183317760718561
"celegans_interactomes_Phenotypes","Biological",912,22738,0.840745929584877,0.0299741609360281,0.461494218636597,0.495647336979599,0.212734518252057
"celegans_interactomes_WI8","Biological",2500,3706,0.867323641524928,0.100946493905457,0.537140706255519,0.7795556119929,0.913606107294118
"celegans_interactomes_wi2004","Biological",1228,1686,0.8677980857164,0.104133899497871,0.513701212632727,0.762665402742797,0.918731223509678
"celegans_interactomes_wi2007","Biological",1465,1714,0.900388809217032,0.170911341732849,0.486957696501329,0.790542666331231,0.923279261162115
"celegans_metabolic","Biological",453,2025,0.929664382282846,0.0751169655142682,0.495897519938818,0.452417592663879,0.226073941641082
"celegansneural","Biological",297,2148,0.741022956185197,0.059769123612268,0.386781858674317,0.425950710945739,0.280941814427215
"centrality_literature_(1948-1979)","Informational",118,613,0.816958126019553,0.0879950845305147,0.487374688027217,0.479013315347179,0.326129326500687
"chicago_road","Transportation",12979,20627,0.814867497952043,0.0876506226155223,0.187999511657212,0.990676206284,0.847478822960607
"college_freshmen","Social,Offline",32,422,0.471840488917571,0.0601794523284123,0.0915762115884421,0.0816291911235417,0.0266279795077999
"collins_yeast","Biological",1622,9070,0.910695989936495,0.190238386189135,0.628286947703345,0.929638592217683,0.20419826404763
"contact","Social,Offline",274,2124,0.923324401053751,0.0870532066995021,0.717753840635197,0.676717081455657,0.087716323782709
"contiguous_usa","Transportation",49,107,0.614469667312998,0.1136391557648,0.20541277258567,0.421132486196178,0.210813556076381
"copenhagen_calls","Social,Offline",536,621,0.835513702986966,0.18900638112444,0.349866811142715,0.871335298075516,0.686076877338274
"copenhagen_fb_friends","Social,Offline",800,6418,0.670363706072976,0.0666336875267221,0.411057020090944,0.573358461561586,0.305583728462969
"copenhagen_sms","Social,Offline",568,697,0.774804582929478,0.152101288384033,0.354421443374098,0.781601970125976,0.713106918134607
"cora","Informational",23166,89157,0.839381146515764,0.0684615461043138,0.52025932780682,0.908811239353172,0.500155471726299
"deezer_europe","Social,Online",28281,92752,0.847924094134454,0.0795069662838382,0.522998695827159,0.95954895650617,0.67885382460939
"digg_reply","Social,Online",30360,85155,0.886665682953884,0.0231770616146728,0.627897257489215,0.727148667658893,0.960754625606158
"diseasome_shared","Biological",516,1188,0.899203481931573,0.106701836576053,0.428225621914942,0.866606707255484,0.20891163269516
"dnc","Social,Online",906,10429,0.954844182493732,0.0620989551466767,0.730367457085507,0.771726847217879,0.16783079212644
"dutch_school_klas12b-net-1","Social,Offline",26,63,0.586881076130152,0.131946286974576,0.306031746031746,0.454372991042587,0.260178494391717
"dutch_school_klas12b-net-2","Social,Offline",26,101,0.869483843537415,0.0677117765133177,0.316435643564356,0.319530123856466,0.138483472029819
"dutch_school_klas12b-net-3","Social,Offline",26,164,0.728227725345738,0.0923659236750955,0.245365853658537,0.196223723336658,0.117012246534718
"dutch_school_klas12b-net-4","Social,Offline",26,111,0.799931464174455,0.0670048428617497,0.280720720720721,0.24110313557815,0.144451574495721
"ecoli_transcription_v1.0","Biological",419,519,0.909495091088718,0.160162142715998,0.49151847037457,0.751890611596945,0.783974298486113
"ecoli_transcription_v1.1","Biological",418,519,0.909237942172565,0.160379530753647,0.492747998133285,0.750604479494849,0.776039272665584
"ego_social_facebook_combined","Social,Online",4039,88234,0.98763054118988,0.0710036379422004,0.541546706429456,0.942396985962239,0.184123511677273
"email_network","Social,Online",1133,5451,0.743855257666053,0.0723805994943713,0.491547244224647,0.612397330764727,0.486622452337607
"email_network_(uni._r-v,_spain,_2003)","Social,Offline",1133,5451,0.743855257666053,0.0723805994943713,0.491547244224647,0.612397330764727,0.486622452337607
"eu_airlines","Transportation",417,2953,0.881149252688314,0.0887472941854694,0.642428495141838,0.648077650789118,0.330399152279293
"european_airline_network","Transportation",417,2953,0.881149252688315,0.0887472941854694,0.642428495141838,0.648077650789118,0.330399152279293
"euroroad","Transportation",1174,1417,0.776483439016561,0.111764137568516,0.241086646680396,0.918570422112296,0.950178735472733
"euroroad_network_(2011)","Transportation",1039,1305,0.748120364681075,0.127878992185424,0.233460309023395,0.907979870074875,0.946241160230183
"faa_preferred_routes_(2010)","Transportation",1226,2408,0.753831853049458,0.084446003600729,0.399046715031528,0.773852173142916,0.86393951924214
"faa_routes","Transportation",1226,2408,0.753831853049458,0.084446003600729,0.399046715031528,0.773852173142917,0.86393951924214
"facebook_friends","Social,Online",348,1988,0.87031263444378,0.0649118452524934,0.486480844722514,0.763799993735258,0.209994733206645
"facebook_organizations_L1","Social,Online",5793,30753,0.932272508272467,0.0884196601380689,0.689440811416144,0.925213428759837,0.610549750343468
"facebook_organizations_L2","Social,Online",5524,94218,0.817226178477383,0.0711684568978066,0.440869850889224,0.689432627389801,0.282656834716855
"facebook_organizations_M1","Social,Online",1429,19357,0.76998412379698,0.0783609398209024,0.488751780094173,0.68769362265236,0.250502709993215
"facebook_organizations_M2","Social,Online",3862,87324,0.638280503830894,0.0338548148478308,0.332917551963862,0.476495280175657,0.23094249953347
"facebook_organizations_S1","Social,Online",320,2369,0.776854931566365,0.0837512876411907,0.458905586924102,0.553553164291722,0.279670632473613
"facebook_organizations_S2","Social,Online",165,726,0.779716179939863,0.0951651408085995,0.46952059396627,0.52245238708968,0.293079846543632
"faculty_hiring_networks_(comp._sci.,_business,_history)_1","Economic",206,2741,0.750015700966216,0.0447516162353831,0.391993308477412,0.373645210495952,0.176040568595648
"faculty_hiring_networks_(comp._sci.,_business,_history)_2","Economic",113,2944,0.546707495939338,0.0750817539108388,0.238545103843168,0.209208193293404,0.0784451855288605
"faculty_hiring_networks_(comp._sci.,_business,_history)_3","Economic",145,2266,0.78057874209227,0.0534997072236686,0.366002255565362,0.300726196901189,0.148868648464637
"family_planning_in_korea_1","Social,Offline",33,68,0.78364417989418,0.120410314760163,0.372242647058824,0.565047712912659,0.295415471953425
"family_planning_in_korea_2","Social,Offline",35,84,0.606236881685029,0.124253190159569,0.329481792717087,0.529076667354993,0.408212773630446
"fao_multiplex_trade_network","Economic",183,945,0.975362086382937,0.0437316156964609,0.627088784231641,0.413251985360355,0.163391002067354
"florentine_families","Social,Offline",15,27,0.631161236424394,0.0742000652480991,0.23015873015873,0.213708641798351,0.300799558864075
"foldoc","Informational",13356,91471,0.750946760268066,0.0495601460164865,0.306984724944136,0.628055717473785,0.263510668612263
"foodweb_baywet","Biological",128,2075,0.58510661488988,0.0462803186717152,0.254666540176454,0.259654966553622,0.176844192968339
"foodweb_little_rock","Biological",183,2434,0.812535531731051,0.0660934772025057,0.422167191887816,0.428025734376186,0.407783726503807
"fungal_growth_networks_1","Biological",305,465,0.633311142837643,0.11024471167741,0.113080079230334,0.917434269963202,0.632890415722433
"fungal_growth_networks_10","Biological",251,399,0.643754616545547,0.0994674770003239,0.0723709273182957,0.853948970520142,0.580903258228179
"fungal_growth_networks_11","Biological",192,307,0.567217369847689,0.069636952472533,0.0922284564353565,0.856096482525813,0.512248742599357
"fungal_growth_networks_12","Biological",199,311,0.58142600052325,0.0919619461137456,0.0852414823475916,0.728246859209101,0.653558788047976
"fungal_growth_networks_13","Biological",283,437,0.700915886126803,0.10447151839923,0.101879351477677,0.771227227628203,0.62941579897868
"fungal_growth_networks_14","Biological",305,477,0.627903212290323,0.0974186029121364,0.0951740593622422,0.91296949079735,0.604159836412348
"fungal_growth_networks_15","Biological",281,429,0.698893919760189,0.0963704563882482,0.0859973359973359,0.89958411101524,0.592375688578187
"fungal_growth_networks_16","Biological",311,474,0.640779917589186,0.0938894040646966,0.0843813801551653,0.903533637508629,0.628260316383222
"fungal_growth_networks_17","Biological",224,348,0.635661302107713,0.100827231213008,0.0947760424720374,0.839834808390705,0.543638685104633
"fungal_growth_networks_18","Biological",257,302,0.741928108752461,0.10935156440648,0.23072744205298,0.830039004749073,0.722699152426894
"fungal_growth_networks_19","Biological",411,488,0.751752435143435,0.100631909373468,0.247610955617753,0.892156338347322,0.750733520615193
"fungal_growth_networks_2","Biological",142,159,0.700314159409806,0.103781843193381,0.277621660198938,0.910196136071267,0.806203239631001
"fungal_growth_networks_20","Biological",176,199,0.727516052223613,0.106043119076831,0.242641780330223,0.876551199301008,0.807234432234432
"fungal_growth_networks_21","Biological",116,134,0.746848327180015,0.115868675489783,0.251784555483452,0.903396248310472,0.728536746854999
"fungal_growth_networks_22","Biological",318,381,0.731424441616566,0.110736624422111,0.259006267749654,0.773775281732155,0.765097911933355
"fungal_growth_networks_23","Biological",339,369,0.79941867818781,0.108384669441562,0.290742611568128,0.823440761512533,0.854064039408867
"fungal_growth_networks_24","Biological",359,443,0.728958329797602,0.111462088949372,0.2183626114481,0.91604723919289,0.784511784511784
"fungal_growth_networks_25","Biological",386,460,0.745356926352245,0.111029954293227,0.260287972896669,0.772065862505947,0.792242133652981
"fungal_growth_networks_26","Biological",346,417,0.756204937832947,0.12994977492622,0.299648976470997,0.868573571936991,0.691885319663097
"fungal_growth_networks_27","Biological",254,286,0.747509266938773,0.125889626408659,0.278642306310291,0.843772721745841,0.848414677591735
"fungal_growth_networks_28","Biological",158,200,0.728374706816921,0.132570501017095,0.303343949044586,0.7106039640646,0.706756213984573
"fungal_growth_networks_29","Biological",120,163,0.732702124708295,0.127910991647183,0.348919936072588,0.649917787385687,0.598482924504464
"fungal_growth_networks_3","Biological",223,276,0.737148378917442,0.127340538526536,0.326968272620446,0.79061787048317,0.745653110434683
"fungal_growth_networks_30","Biological",182,224,0.73983692773217,0.133000472042579,0.314793804262036,0.770867727747938,0.69812767212148
"fungal_growth_networks_31","Biological",132,171,0.717816201646196,0.1396041159908,0.337127806794339,0.700758654077853,0.655680573168337
"fungal_growth_networks_4","Biological",322,404,0.751668704422457,0.130275902665263,0.296682705653743,0.849768838870403,0.769620211569411
"fungal_growth_networks_5","Biological",146,175,0.737616788300279,0.128779961740989,0.318620689655172,0.781399752668361,0.733838155515371
"fungal_growth_networks_6","Biological",121,154,0.71221198640735,0.14166654319178,0.333116883116883,0.700087236724246,0.651645543769161
"fungal_growth_networks_7","Biological",332,412,0.753963756275134,0.129767269022019,0.298235708209897,0.854900045045481,0.786240688350424
"fungal_growth_networks_8","Biological",84,86,0.792721120371754,0.130374508196031,0.341972541328103,0.711123899985384,0.905929983329364
"fungal_growth_networks_9","Biological",187,218,0.759400832200811,0.139032971933058,0.301568511393903,0.841672209136484,0.7349020634379
"garfield's_citation_networks_(2001)_1","Informational",207,777,0.924174192434284,0.0778431619108581,0.581837038147718,0.575184987924952,0.43996956596791
"garfield's_citation_networks_(2001)_2","Informational",1024,4916,0.890938244339311,0.0621868986413278,0.558653213676968,0.515203838885663,0.446787133137138
"gemsec_ro","Social,Online",41773,125826,0.719377892620148,0.0616679032083678,0.42969031377039,0.884017941076787,0.720850704289567
"genetic_multiplex_Arabidopsis","Biological",6938,16211,0.895141897687567,0.035584786906289,0.616220535610523,0.772382675196159,0.765595173978004
"genetic_multiplex_Bos_Multiplex_Genetic","Biological",323,291,0.924620603696787,0.0456602788012091,0.368305905957183,0.929193761283288,0.889300911854103
"genetic_multiplex_Candida","Biological",365,359,0.98946932729298,0.137502242537024,0.483248645504913,0.409540971119134,0.566675253800341
"genetic_multiplex_Celegans","Biological",3866,7754,0.901984404881098,0.0446660475480728,0.622562356498553,0.784998971532533,0.834385736885061
"genetic_multiplex_DanioRerio","Biological",154,159,0.910425699785845,0.042575770771101,0.345459777202286,0.866722604804685,0.636716624169158
"genetic_multiplex_Drosophila","Biological",8210,38964,0.827498728092941,0.014279804757833,0.626741938287153,0.874661326224512,0.790856664705503
"genetic_multiplex_Gallus","Biological",312,325,0.964454657983273,0.18677601626315,0.484620331437052,0.524098987934947,0.880328321065011
"genetic_multiplex_Homo","Biological",18190,137659,0.9518858614198,0.00728760955750175,0.738772200228732,0.575394314905057,0.51038242266058
"genetic_multiplex_HumanHIV1","Biological",1005,1155,0.973653633939669,0.0389631652883145,0.554078922405616,0.574128655423746,0.901178156294019
"genetic_multiplex_HumanHerpes4","Biological",216,214,0.985691027601191,0.114385205200569,0.48904585959574,0.336629932232702,0.911247334754798
"genetic_multiplex_Mus","Biological",7727,17060,0.909152217007451,0.0412163171413603,0.626949181809933,0.875995113899645,0.799335416927296
"genetic_multiplex_Oryctolagus","Biological",144,130,0.998593648854405,0.173325231765155,0.427165142549758,0.5037425400454,0.889705882352941
"genetic_multiplex_Plasmodium","Biological",1200,2423,0.827837630676147,0.0404244865435814,0.544725157881947,0.664052620933975,0.902922861794401
"genetic_multiplex_Rattus","Biological",2634,3677,0.940122351592572,0.0962238794495035,0.559476740324707,0.662499523356331,0.737961624479025
"genetic_multiplex_Sacchcere","Biological",6570,223542,0.902462647081069,0.0295516907086564,0.618799033753336,0.588368173827408,0.370485817992454
"genetic_multiplex_Sacchpomb","Biological",4087,55256,0.904832026012799,0.0192590300013846,0.690997444121788,0.666768848254821,0.466144100790516
"genetic_multiplex_Xenopus","Biological",461,506,0.926910537787117,0.181472228288627,0.423586526894655,0.833572243435987,0.742953162462043
"german_highway_system_(2002)","Transportation",1168,1243,0.611143865929964,0.131477353665697,0.132353863727706,0.935202645748799,0.998883464468958
"github_2","Social,Online",37700,289003,0.925508217491182,0.0738250560279215,0.687958701091241,0.63595267135719,0.577972141346146
"global_language_network_(2014)_1","Informational",247,415,0.974099482449877,0.0816268091052308,0.618836320893329,0.452242295578856,0.289400277295404
"global_language_network_(2014)_2","Informational",134,282,0.980823312588016,0.054492850516747,0.645843331733589,0.422942135158472,0.151234455276081
"gnutella_04","Technological",10876,39994,0.675663165483565,0.0581433559833127,0.480636594339726,0.679823878246125,0.930156275713359
"gnutella_06","Technological",8717,31525,0.683365893349408,0.0581295767370029,0.479798163494884,0.808784714491642,0.938182679722886
"gnutella_08","Technological",6301,20777,0.713908394620151,0.0454820021094036,0.524163990859856,0.876333750003901,0.897794719352322
"gnutella_09","Technological",8114,26013,0.717017395104079,0.0212305238377681,0.529231970689413,0.891901561560969,0.906719595060599
"gnutella_24","Technological",26518,65369,0.792711716201375,0.0119958505318716,0.546910560894373,0.818570244748679,0.966922077608469
"gnutella_25","Technological",22687,54705,0.773062268413777,0.0105506690318994,0.541827841271823,0.584579946135417,0.968003612920577
"gnutella_30","Technological",36682,88328,0.785409103464354,0.00793249069972417,0.558890026178872,0.68249445378995,0.960641952071177
"google","Social,Online",15763,148585,0.988277521075169,0.0648386302458685,0.645996033974035,0.478238707468593,0.275809384297959
"gplus","Social,Online",23628,39194,0.989767877692922,0.0129490166397717,0.659512147725628,0.743728686599148,0.408239155236673
"gplus_1","Social,Online",4805,344852,0.867165773451573,0.0592312930178039,0.564455776914009,0.560251127967015,0.249166254816691
"gplus_10","Social,Online",1650,151766,0.822860826175686,0.0321009636696822,0.49436828106005,0.496825687366922,0.188351489494955
"gplus_3","Social,Online",1604,165655,0.800774876844623,0.0295648911013871,0.497706247226341,0.493116786103555,0.162862611919998
"gplus_4","Social,Online",4604,430977,0.864860656432839,0.0302493106638157,0.565155701173867,0.610449565520969,0.268462810556195
"gplus_5","Social,Online",4842,263128,0.867463765926173,0.0309798139114198,0.560748054748902,0.702127062950154,0.300094035726094
"gplus_6","Social,Online",3545,259796,0.871299288759249,0.0645414215268047,0.607289555232553,0.650428274875539,0.24206263372927
"gplus_7","Social,Online",3870,469544,0.848853352729221,0.0421189049514652,0.512696190907847,0.511656989525211,0.210175822542243
"gplus_8","Social,Online",2761,152646,0.897183838243099,0.0541914736827341,0.561191269579497,0.535606774018805,0.252796720042913
"gplus_9","Social,Online",2455,433841,0.803650963429214,0.0482545362615844,0.466171512134457,0.449791419025416,0.164474069934772
"guava_library_dependencies_(2012)","Technological",457,926,0.885180476613673,0.115603454763414,0.549273426546929,0.773606915640097,0.461978471666495
"hamsterer","Social,Online",2426,16630,0.863628257830038,0.139810441702647,0.589600411627229,0.764385916109817,0.303135482857514
"high_school_dynamic_contacts_(2011-2012)_1","Social,Offline",126,1709,0.579064609537562,0.0651245107234537,0.262862492685781,0.356018146873659,0.130365336882732
"high_school_dynamic_contacts_(2011-2012)_2","Social,Offline",180,2220,0.529855886009554,0.0553496709756207,0.255201570285369,0.307630127714481,0.164360322718575
"high_tech_company","Social,Offline",21,159,0.360755342152401,0.0646391352802396,0.108176100628931,0.093494790231567,0.0385335382312048
"highschool","Social,Offline",70,274,0.567676224154751,0.0668172065759068,0.242039564159526,0.420723649920169,0.229960558813025
"highschool_2011","Social,Offline",126,1709,0.579064609537561,0.0651245107234537,0.262862492685781,0.356018146873659,0.130365336882732
"highschool_2012","Social,Offline",180,2220,0.529855886009555,0.0553496709756207,0.255201570285369,0.307630127714482,0.164360322718575
"hiv_transmission","Social,Offline",35229,48889,0.951264712069601,0.169156390953759,0.569182230292561,0.836197050884038,0.952122854682216
"india_bus_routes_(2016)_1","Transportation",1103,2149,0.762846603754988,0.0881589702672597,0.342198583057667,0.719175629583728,0.729146807254174
"india_bus_routes_(2016)_2","Transportation",1009,1610,0.666356790374582,0.0922588198712252,0.334646431036183,0.870741664551797,0.842496296670129
"india_bus_routes_(2016)_3","Transportation",1554,3599,0.774579304851288,0.0854345154432188,0.387517316733363,0.718379968478422,0.701831289381737
"india_bus_routes_(2016)_4","Transportation",1087,2952,0.844837765036382,0.0898191756310313,0.451704871560686,0.650842176525505,0.611464040876891
"india_bus_routes_(2016)_5","Transportation",519,877,0.681766617261971,0.0914351150753835,0.318904830877465,0.618719494190788,0.857031327679995
"india_bus_routes_(2016)_6","Transportation",2266,3041,0.802369221306458,0.124902938313533,0.223221564301856,0.97415453329014,0.78523757142902
"inploid","Social,Online",14629,49485,0.962081593374521,0.0191741561510555,0.728700685421891,0.682251836996568,0.480016885109089
"interactome_figeys","Biological",2239,6432,0.895532508151551,0.0205265342104914,0.671505144629844,0.708300663686449,0.875899237514996
"interactome_pdz","Biological",212,242,0.855262701373277,0.169234281189765,0.445047197524578,0.810875751211444,0.99671592775041
"interactome_stelzl","Biological",1702,3155,0.851607793886348,0.0525542145900483,0.577354422820174,0.800500429377078,0.961010955302413
"interactome_vidal","Biological",3023,6149,0.839409439123966,0.0738456977712756,0.549173734242917,0.763199704406833,0.817362021907612
"interactome_yeast","Biological",1846,2203,0.858184453634587,0.157491423305643,0.447171693686978,0.903577706746744,0.819108524309688
"internet_as","Technological",22963,48436,0.977843747487859,0.0752561844518756,0.631905233577572,0.685291788695985,0.635179557927763
"iscas89_benchmark_circuits_1","Technological",588,1038,0.590708071468884,0.0687185804443446,0.262871201005734,0.536044362072105,NA
"iscas89_benchmark_circuits_10","Technological",567,1070,0.593436281473607,0.0639000688156765,0.259426703213236,0.516977886506514,NA
"iscas89_benchmark_circuits_11","Technological",819,1237,0.654319873433396,0.0820485288144249,0.240776940820227,0.879860264901019,NA
"iscas89_benchmark_circuits_12","Technological",692,1412,0.667172385196169,0.0813410339783163,0.312747260405948,0.547841241555952,NA
"iscas89_benchmark_circuits_13","Technological",686,1418,0.667285861442779,0.0808865438252227,0.312200796845562,0.542018451979353,NA
"iscas89_benchmark_circuits_14","Technological",131,190,0.569133929702986,0.0908832402656274,0.240769230769231,0.54170886492921,NA
"iscas89_benchmark_circuits_16","Technological",156,264,0.549793118186442,0.117350476452739,0.310043988269795,0.596405285006415,NA
"iscas89_benchmark_circuits_17","Technological",219,304,0.664173804635891,0.0810755266754188,0.266839690970546,0.490800178796477,NA
"iscas89_benchmark_circuits_18","Technological",220,308,0.661628108949613,0.081502379102633,0.267167763743106,0.539485488991441,NA
"iscas89_benchmark_circuits_19","Technological",183,313,0.649336449128296,0.0992852173628758,0.279043640066004,0.593439937105996,NA
"iscas89_benchmark_circuits_2","Technological",185,360,0.576322208776742,0.101508026111171,0.311533816425121,0.511212619249455,NA
"iscas89_benchmark_circuits_20","Technological",187,327,0.651156581836087,0.0992663414100258,0.275163592121272,0.588913113677784,NA
"iscas89_benchmark_circuits_21","Technological",269,400,0.623754111041167,0.0868886897346483,0.243722014925373,0.617062808320479,NA
"iscas89_benchmark_circuits_22","Technological",249,354,0.597790145542472,0.067409004354961,0.231421997448515,0.499377055752424,NA
"iscas89_benchmark_circuits_23","Technological",210,363,0.657998618083028,0.0975452481099415,0.26612361105619,0.627550104011209,0.751325715151616
"iscas89_benchmark_circuits_24","Technological",249,437,0.545624073898158,0.0857387181948531,0.252519007898428,0.507176588846014,NA
"iscas89_benchmark_circuits_25","Technological",244,472,0.580415196143881,0.0960924261062229,0.311946362558415,0.559966878151742,NA
"iscas89_benchmark_circuits_26","Technological",245,472,0.58039965299213,0.0961719141132584,0.312612878577383,0.561426763612703,NA
"iscas89_benchmark_circuits_3","Technological",467,575,0.604752988949746,0.130584001381623,0.276197051688748,0.850027710811456,NA
"iscas89_benchmark_circuits_4","Technological",481,627,0.646336512339511,0.126370596098734,0.284994683678894,0.825038088898078,0.925712553062462
"iscas89_benchmark_circuits_5","Technological",336,781,0.659368135169539,0.0842475245501206,0.355984482198483,0.526252292932836,NA
"iscas89_benchmark_circuits_6","Technological",334,793,0.662992890567678,0.0827620062400316,0.355672191737766,0.513528632206222,NA
"iscas89_benchmark_circuits_7","Technological",545,820,0.655879414600109,0.0823083187935069,0.244761029411765,0.808929285180606,NA
"iscas89_benchmark_circuits_8","Technological",491,704,0.643891219954523,0.0692044537048202,0.231467416512059,0.578333978933584,NA
"iscas89_benchmark_circuits_9","Technological",446,772,0.482795637310443,0.0695078766874182,0.218382138906678,0.536053616935114,NA
"itc99_benchmark_circuits_1","Technological",149,273,0.697994775087917,0.0732817957069346,0.21037521037521,0.458894076516235,0.50118873826903
"itc99_benchmark_circuits_10","Technological",737,1341,0.649458114023814,0.0651410212556266,0.213131828940116,0.82299280789568,0.776074340579431
"itc99_benchmark_circuits_2","Technological",998,1928,0.727236055974793,0.0618755441386347,0.252694806410934,0.948418795839435,0.905182064370588
"itc99_benchmark_circuits_3","Technological",441,802,0.588347364049603,0.0652139755853637,0.208169916118794,0.554764290440246,0.73761197240833
"itc99_benchmark_circuits_4","Technological",167,309,0.563742564608828,0.0665461580707145,0.213202323858541,0.498348289479063,0.679869195552649
"itc99_benchmark_circuits_5","Technological",159,293,0.565580208969136,0.0635146865445872,0.173845422732968,0.374650584799744,0.710346181899792
"itc99_benchmark_circuits_6","Technological",189,361,0.578235836553558,0.0805159126105299,0.221798196499086,0.540415847818202,0.80271184380563
"itc99_benchmark_circuits_7","Technological",770,1415,0.638564302910687,0.0694937341150213,0.226140138861446,0.644102242601438,0.935564267414861
"itc99_benchmark_circuits_8","Technological",1036,2022,0.71045756598796,0.0742964838173252,0.203682201101889,0.775136238597657,0.749266708163686
"itc99_benchmark_circuits_9","Technological",362,617,0.779483341110534,0.0961974921281407,0.193784597978782,0.873731934472985,0.685372946277396
"ito_core_yeast_interactome_(2001)","Biological",426,521,0.841245360348498,0.111212453430736,0.449931127921418,0.813919725198513,0.881855817320387
"java_library_dependencies_(2014)","Technological",249,802,0.814845976633116,0.0970625494364036,0.490215992277371,0.559079120205626,0.373468497879188
"java_packages_(various)_1","Technological",105,292,0.853471980135704,0.109079708901535,0.520580874604847,0.612085564421117,0.350000997493465
"java_packages_(various)_2","Technological",192,488,0.844436818003357,0.101058931536062,0.517691614453695,0.633526948854325,0.379671988005924
"java_packages_(various)_3","Technological",228,491,0.809862934681077,0.121832044508623,0.455897790179172,0.715350188238434,0.481496118696887
"java_packages_(various)_4","Technological",398,943,0.895801020210432,0.104584414399976,0.482409160965994,0.610823001796738,0.434583826256854
"java_packages_(various)_5","Technological",504,1139,0.917347413381648,0.101093541175665,0.62370116439205,0.742224601222617,0.379019546617433
"java_packages_(various)_6","Technological",486,2717,0.924076109625794,0.0758168855418702,0.605462361837837,0.540242424673421,0.281366141537039
"javax,_java,_jung,_appengine_dependencies_(2010)_1","Technological",96,179,0.784091261566848,0.112033473657277,0.346015877683034,0.665508689357145,0.52206311222123
"javax,_java,_jung,_appengine_dependencies_(2010)_2","Technological",435,1303,0.804821277907927,0.113536406039888,0.427681953379475,0.649915818081247,0.47869177090894
"javax,_java,_jung,_appengine_dependencies_(2010)_3","Technological",1031,4408,0.890624691298816,0.0905997081641736,0.482466565644107,0.646766235488295,0.345327471899308
"jdk","Technological",6434,53658,0.985768546009666,0.0210503318497473,0.638104828400714,0.243193121215441,0.209931190597985
"jung","Technological",6120,50290,0.986761631474567,0.0196711676814398,0.643363845148376,0.231448399568549,0.210287155019001
"kapferer_tailor_shop_(1972)_1","Social,Offline",39,169,0.648211304759711,0.0793774347230537,0.319838056680162,0.307868745103127,0.258160136348459
"kapferer_tailor_shop_(1972)_2","Social,Offline",39,248,0.645987245367314,0.0685155890468162,0.277164685908319,0.272474063496596,0.158200739818948
"lastfm_asia","Social,Online",7624,27806,0.852461214764159,0.0709707596375269,0.583531608862963,0.944956497636225,0.55563640830179
"law_firm","Social,Offline",71,1008,0.422858621112125,0.0488991790942014,0.183942743764172,0.19108857725538,0.0804074613143572
"linux","Technological",30834,213217,0.914227666244594,0.0160713910419545,0.630499005751228,0.618959997960685,0.589740996203398
"london_transport","Transportation",369,430,0.572694278798132,0.130833552951846,0.181142568250758,0.870011592494614,0.946649293302206
"london_transport_network","Transportation",369,430,0.572694278798132,0.130833552951846,0.181142568250758,0.870011592494613,0.946649293302206
"macaque_cortical_connectivity_(cocomac)_1","Biological",94,1515,0.793937570733091,0.0819208085733389,0.267688704354306,0.252143397499469,0.105014966567531
"macaque_cortical_connectivity_(cocomac)_2","Biological",71,438,0.645518893183426,0.08933256175273,0.305968688845401,0.364710586879871,0.19975146485792
"macaque_cortical_connectivity_(cocomac)_3","Biological",47,313,0.664481577625988,0.0804772142116963,0.288442839283234,0.324775144165956,0.148208029814407
"macaque_visual_cortex_(1991)_1","Biological",30,190,0.571542763949881,0.0598000036158851,0.18421052631579,0.210706432015445,0.10138465005087
"macaque_visual_cortex_(1991)_2","Biological",32,194,0.626024455519797,0.0678675880382272,0.228633189225141,0.248005210440004,0.127029503281072
"medieval_russia_trade_network","Economic",39,53,0.628733674526208,0.102213027025532,0.227904667328699,0.459322284419078,0.898692810457516
"messal_shale","Biological",700,6395,0.739914054000966,0.0554638225431331,0.432809296425923,0.442226188418124,0.569303275253771
"metabolic_networks_from_kegg_(2006)_1","Biological",880,2296,0.899587719522578,0.0778582820271218,0.508625080765678,0.545779221967398,0.732312360786368
"metabolic_networks_from_kegg_(2006)_10","Biological",861,2011,0.895711789551564,0.0848233508903701,0.487273484208944,0.552843864040628,0.805511500717021
"metabolic_networks_from_kegg_(2006)_11","Biological",769,1858,0.897622332797169,0.076365657571859,0.493280745425188,0.542771284673752,0.795954016075564
"metabolic_networks_from_kegg_(2006)_12","Biological",619,1501,0.882200570274211,0.0842218537212223,0.481911735218592,0.56189287121447,0.79774601944456
"metabolic_networks_from_kegg_(2006)_13","Biological",464,1115,0.88134110404615,0.0858469364454568,0.476734883630834,0.570122974849885,0.793937736138975
"metabolic_networks_from_kegg_(2006)_14","Biological",813,2103,0.906482106080082,0.0791215642349788,0.505926321534566,0.544594094199316,0.758083882928162
"metabolic_networks_from_kegg_(2006)_15","Biological",601,1536,0.878689213386746,0.0857110620338519,0.478605685763889,0.567125224057833,0.786024126981074
"metabolic_networks_from_kegg_(2006)_16","Biological",1042,2764,0.904153384260521,0.0800914169428534,0.519357222196735,0.56747705162714,0.7422001218845
"metabolic_networks_from_kegg_(2006)_17","Biological",808,2105,0.895959178507658,0.0783513932886014,0.511914453990764,0.545209800800313,0.740250097064686
"metabolic_networks_from_kegg_(2006)_18","Biological",598,1425,0.879688623429735,0.0816889361508036,0.488452790267125,0.55954958227947,0.784190360760257
"metabolic_networks_from_kegg_(2006)_19","Biological",609,1476,0.881008520847095,0.0813876278370793,0.495488116887748,0.565901008965283,0.78096714994516
"metabolic_networks_from_kegg_(2006)_2","Biological",610,1482,0.881252482832383,0.0843990966173111,0.495127074981884,0.56698309133481,0.780199492974945
"metabolic_networks_from_kegg_(2006)_20","Biological",610,1481,0.880907401594985,0.0815009585334421,0.495953672628333,0.565898240601013,0.781405894026533
"metabolic_networks_from_kegg_(2006)_21","Biological",600,1421,0.880470858980543,0.0812999158724244,0.48676835307262,0.556006845251491,0.783224958459863
"metabolic_networks_from_kegg_(2006)_22","Biological",783,1986,0.903775492967405,0.0785400969990053,0.523473135477756,0.54092180831551,0.7477165330361
"metabolic_networks_from_kegg_(2006)_23","Biological",816,1977,0.894249875972662,0.0810737913755322,0.500339176604572,0.561384626652793,0.782297665749859
"metabolic_networks_from_kegg_(2006)_24","Biological",896,2186,0.907703532825158,0.0805172505388297,0.508797988213466,0.560893471161442,0.762146537627505
"metabolic_networks_from_kegg_(2006)_25","Biological",337,806,0.870525449457339,0.0876096499999591,0.464522037102682,0.545333889006062,0.837079598974169
"metabolic_networks_from_kegg_(2006)_26","Biological",759,1771,0.894454017340359,0.0819145652707255,0.49268484183019,0.565436032352809,0.769707143253583
"metabolic_networks_from_kegg_(2006)_3","Biological",725,1657,0.897009767427645,0.0843457909213661,0.488972782469817,0.563455565141931,0.792146495268233
"metabolic_networks_from_kegg_(2006)_4","Biological",965,2353,0.911526906725753,0.0783390159204297,0.504636528277664,0.552693627294501,0.768412977968427
"metabolic_networks_from_kegg_(2006)_5","Biological",546,1289,0.896356300387626,0.0815917932061838,0.480936078746771,0.556266250122126,0.809622717985886
"metabolic_networks_from_kegg_(2006)_6","Biological",354,856,0.870672504395846,0.0856079683336105,0.467395620979058,0.540690449072086,0.844701545500824
"metabolic_networks_from_kegg_(2006)_7","Biological",360,887,0.873008043219135,0.0846992726854526,0.464750826704519,0.525376762353779,0.802542435594285
"metabolic_networks_from_kegg_(2006)_8","Biological",774,1818,0.896199604270889,0.0855043539560021,0.498665067024167,0.576109805573084,0.787622456739662
"metabolic_networks_from_kegg_(2006)_9","Biological",300,712,0.867091900198535,0.0819368193887082,0.449015444740897,0.531537320238279,0.827158125518386
"montreal","Social,Offline",33,78,0.823975025696762,0.126254800264777,0.46474358974359,0.459246039232957,0.294499774529266
"moreno_taro","Social,Offline",22,39,0.465962732919255,0.0562365515528509,0.123321123321123,0.164892080658287,0.34141156462585
"mouse_suprachiasmatic_nucleus_1","Biological",179,705,0.672723604875118,0.129803407181275,0.485130289266077,0.661515339404473,0.338868527083081
"mouse_suprachiasmatic_nucleus_2","Biological",155,744,0.714003341339039,0.112895689384369,0.480833682446586,0.585371744124316,0.31551617018878
"mouse_suprachiasmatic_nucleus_3","Biological",176,803,0.694469082337557,0.09832728706443,0.466223091976517,0.698558547958766,0.320715174491471
"mouse_visual_cortex_(2011)_1","Biological",29,44,0.639812085424848,0.0881864115334427,0.303571428571429,0.309030512975782,0.970232558139535
"mouse_visual_cortex_(2011)_2","Biological",193,214,0.933113253266177,0.0720614503911437,0.518302180685358,0.446075813543539,0.901325520537035
"new_guinea_tribes","Social,Offline",16,58,0.333882783882784,0.0523923663567101,0.140229885057471,0.154348400205136,0.0945476847592765
"openflights","Transportation",3214,18858,0.938101604010058,0.0199242036219068,0.715444587469567,0.814697902279638,0.292250237878768
"p._pacificus_nematode_(2013)_1","Biological",54,141,0.808973478127974,0.101022498179294,0.514652749899639,0.495896780950519,0.430897927493002
"p._pacificus_nematode_(2013)_2","Biological",50,141,0.805475201334613,0.101313799858576,0.505427702996092,0.500362084054152,0.389550914304801
"pgp_strong","Social,Online",39796,197150,0.898862345309261,0.094093895862448,0.65495759452204,0.929895986692256,0.351587231412603
"physician_trust","Social,Offline",241,923,0.623271440081378,0.118232638212701,0.27143373058866,0.864560322467537,0.381665438055334
"polblogs","Informational",1224,16715,0.859181486075449,0.0453581317340154,0.623049199838865,0.633895045475596,0.3397877481431
"political_books_network_(2004)","Informational",105,441,0.690690093865101,0.0690124233271307,0.331131170416885,0.481821133983259,0.249594731468781
"power","Technological",4941,6594,0.879981676212374,0.0776159419075698,0.324843005357588,0.991345128488903,0.857450922809141
"reactome","Biological",6229,146160,0.894621562334248,0.0409806914800626,0.658358179412221,0.936331324351863,0.27600457286493
"reguly_yeast_interactome_(2006)","Biological",1213,2556,0.848731590258895,0.0993457468039867,0.473665148204961,0.962541699700158,0.464039655247692
"residence_hall","Social,Offline",217,1839,0.535587681396589,0.0509996542283561,0.24668700783437,0.358579516488757,0.235838430516469
"rhesus_brain_(2012)","Biological",242,3054,0.725431176920942,0.0714339048979229,0.39794080003913,0.409848407689288,0.222666713069504
"rhesus_cortex_(2014)","Biological",91,1401,0.781485778188492,0.0871422457179057,0.36933936077405,0.267844081198549,0.150032373937279
"roget's_thesaurus_(1879)","Informational",994,3640,0.60165863122772,0.0675525281638473,0.356063875701338,0.550996321074178,0.470171182942314
"rome_roads_(1999)","Transportation",3353,4831,0.738871304733852,0.0416742314024482,0.166681755013983,0.967746946323617,0.890755125000071
"route_views_as_graphs_(1997-1998)_1","Technological",493,1145,0.886229700981848,0.0889206281682748,0.586319096815422,0.666697308439767,0.699656719683251
"route_views_as_graphs_(1997-1998)_2","Technological",522,1198,0.89048493123819,0.0891093919243112,0.585433496005819,0.665128318915788,0.70378639963269
"route_views_as_graphs_(1997-1998)_3","Technological",512,1181,0.889979353845517,0.0886844480580566,0.586232437600561,0.663131361882902,0.699062722802481
"route_views_as_graphs_(1999-2000)_1","Technological",541,1233,0.892627004494932,0.0885345578750045,0.586353669159833,0.665951040144944,0.69560819577295
"route_views_as_graphs_(1999-2000)_10","Technological",527,1198,0.893480050170285,0.0884381670128724,0.588038048204549,0.662900704388057,0.698847555794281
"route_views_as_graphs_(1999-2000)_11","Technological",530,1198,0.892214785828207,0.0887106208373136,0.586153355782006,0.66425151166451,0.703582254016493
"route_views_as_graphs_(1999-2000)_12","Technological",545,1246,0.89317131908093,0.0876873608984115,0.584580953167784,0.664016313857859,0.70503419217123
"route_views_as_graphs_(1999-2000)_13","Technological",544,1240,0.893482233317701,0.0878287821465808,0.583691261213093,0.661909877010285,0.71139208992445
"route_views_as_graphs_(1999-2000)_2","Technological",538,1225,0.892225009642469,0.0882665973447178,0.583498650856991,0.665362750026737,0.714407669409622
"route_views_as_graphs_(1999-2000)_3","Technological",557,1278,0.893886773079945,0.0883076597933981,0.58611139257608,0.667874370385936,0.710354156513313
"route_views_as_graphs_(1999-2000)_4","Technological",553,1264,0.89266745169674,0.0887610176572816,0.586821798752522,0.670643350784861,0.709168782311495
"route_views_as_graphs_(1999-2000)_5","Technological",561,1280,0.893403134649207,0.088868666849212,0.587427455357143,0.668475951322183,0.705852897988042
"route_views_as_graphs_(1999-2000)_6","Technological",549,1249,0.891731388120073,0.0886660984504465,0.583164341692332,0.667737622203524,0.713441665169873
"route_views_as_graphs_(1999-2000)_7","Technological",103,239,0.870233905416213,0.0938512419787311,0.56772499794897,0.543425404325988,0.570558211414624
"route_views_as_graphs_(1999-2000)_8","Technological",2067,4218,0.946497736444954,0.0879130712082107,0.611056221045012,0.643010888427599,0.62185281787373
"route_views_as_graphs_(1999-2000)_9","Technological",2132,4347,0.948125264090581,0.0887934002972061,0.610949778252331,0.643921854941486,0.621745093651451
"scotus_majority_2007","Informational",34613,201189,0.824160944502973,0.00691017972023674,0.578842992554646,0.774658199037937,0.516679136027189
"scotus_majority_2008","Informational",25417,216456,0.772164817132207,0.0104364450068289,0.548912869065608,0.828941582362821,0.464594870595625
"software_function-callgraphs_(2002)_1","Technological",1035,1719,0.876367774105366,0.0970412104223555,0.51382432996558,0.739463345798204,0.826957606656132
"software_function-callgraphs_(2002)_2","Technological",162,252,0.809617851580998,0.114176405977833,0.477398205659075,0.635216473831487,0.805662183680052
"software_function-callgraphs_(2002)_3","Technological",771,1357,0.870118082854876,0.0878066908190945,0.542460928901607,0.682644683770959,0.809646811380218
"software_function-callgraphs_(2002)_4","Technological",971,1802,0.840513401118823,0.103009675467723,0.475075803517283,0.812161963200779,0.875955213418491
"student_cooperation","Social,Offline",185,311,0.759414793879338,0.168583062593074,0.197189990213896,0.73270762130625,0.255899072410262
"terrassa_traffic_(2016)","Transportation",1603,2320,0.667434047535354,0.0736197392930488,0.178601102070687,0.9649237027576,0.938410272036404
"turker_network","Social,Online",1389,5268,0.929630236777139,0.182345740239824,0.670386860802759,0.778535612195555,0.380982777988314
"twitch_de","Social,Online",9498,153138,0.885955884990107,0.0692406956610038,0.630440895328318,0.586795833230149,0.423379517176036
"twitch_engb","Social,Online",7126,35324,0.848552003416655,0.0704426870840653,0.610661612700078,0.635033110122684,0.633165180492287
"twitch_es","Social,Online",4648,59382,0.870877868846009,0.065121578135248,0.627396739171519,0.589761674311398,0.421506841510439
"twitch_fr","Social,Online",6549,112666,0.879288095187139,0.0640801481200263,0.606597324535863,0.545971775388041,0.406312187999575
"twitch_ptbr","Social,Online",1912,31299,0.878273144291354,0.0699305724742697,0.607197298205226,0.563766111891304,0.328211609038102
"twitch_ru","Social,Online",4385,37304,0.869097116866766,0.0736742724304386,0.631023587909009,0.621092745505028,0.525008491059353
"twitter_1","Social,Online",246,6329,0.684988489281874,0.0564572926880149,0.323115816084689,0.335966203266958,0.126019605020423
"twitter_10","Social,Online",216,6732,0.655846232949937,0.082756751813797,0.384095399964073,0.371366621776706,0.112165051237707
"twitter_11","Social,Online",194,6253,0.709273573937217,0.0747152319240342,0.342155350923785,0.308197742083798,0.108605583437358
"twitter_12","Social,Online",193,7597,0.571955543836452,0.0488009622431696,0.254941643631258,0.25099406076375,0.0715279632020152
"twitter_2","Social,Online",184,8365,0.556354578632651,0.082110777417282,0.238421212507227,0.217130118332524,0.0627902758345681
"twitter_3","Social,Online",228,7021,0.68651474107631,0.0701611286527429,0.346060622412184,0.349438611652056,0.140378194491064
"twitter_4","Social,Online",201,5999,0.720631452686543,0.0962821543170434,0.39533338889815,0.38382483198194,0.153570358082334
"twitter_5","Social,Online",183,6539,0.604545945521818,0.0760436735566267,0.279621510161348,0.256384695969168,0.0808757886603718
"twitter_6","Social,Online",232,6325,0.749881348032434,0.0763135349171976,0.407642318156152,0.4059090702161,0.12949665048879
"twitter_7","Social,Online",184,6209,0.679266463791747,0.0817860757657864,0.324768294217719,0.305480299338837,0.0904414926488485
"twitter_8","Social,Online",239,6996,0.62369163729398,0.0738670256479831,0.370842161907645,0.383738575010866,0.153095800337392
"twitter_9","Social,Online",213,12174,0.594731753962828,0.0475112708306763,0.249857413417397,0.235001312415818,0.0670727863265374
"uc_irvine_students","Social,Online",1899,13838,0.871261981784923,0.0277939898692885,0.652949545173558,0.623333834776493,0.623011369131624
"uetz_screen_yeast_interactome_(2000)","Biological",263,281,0.801180590715768,0.103670769959872,0.390494689087501,0.908994725934926,0.98545197740113
"ugandan_village_friendship-1","Social,Offline",202,547,0.614124538927364,0.0662850722357502,0.360282681655707,0.410928668531822,0.734524132830512
"ugandan_village_friendship-10","Social,Offline",207,1092,0.578365521304952,0.0577036968335874,0.324993776450087,0.368803041021051,0.457035703416289
"ugandan_village_friendship-11","Social,Offline",250,1063,0.627297877768151,0.0555423536070186,0.348596644338407,0.364851095346507,0.563265076823608
"ugandan_village_friendship-12","Social,Offline",229,872,0.63960055358929,0.0725000603889532,0.387046314179945,0.457538812075182,0.586157616972737
"ugandan_village_friendship-13","Social,Offline",183,809,0.617407802178581,0.0616934392086319,0.349801002458604,0.384588329349847,0.482190045567385
"ugandan_village_friendship-14","Social,Offline",124,525,0.603078255665649,0.0644773253299207,0.326658923732094,0.371478540979754,0.399069798245968
"ugandan_village_friendship-15","Social,Offline",120,274,0.60193825737464,0.0820253480023665,0.367539716616574,0.440201118928513,0.72155588268039
"ugandan_village_friendship-16","Social,Offline",372,1372,0.616363371585103,0.0581702269480285,0.349190195908937,0.409929908090786,0.678632026456914
"ugandan_village_friendship-17","Social,Offline",65,257,0.671175719353514,0.0735094754193747,0.362232490272374,0.36917682756916,0.332132822973185
"ugandan_village_friendship-2","Social,Offline",181,688,0.643706959419325,0.0683903488217348,0.370518410852713,0.428916683672582,0.527578341499735
"ugandan_village_friendship-3","Social,Offline",192,1060,0.652590818334294,0.0597332866669873,0.362896374592512,0.383919027481235,0.405469228702431
"ugandan_village_friendship-4","Social,Offline",320,2076,0.602687037679833,0.0499768657282412,0.332652315460767,0.345224534143081,0.394808132204085
"ugandan_village_friendship-5","Social,Offline",184,720,0.601554695784111,0.0665745267876948,0.347670006071645,0.412152446718852,0.494675024555145
"ugandan_village_friendship-6","Social,Offline",139,632,0.60143824752487,0.0648961836369321,0.328609429462484,0.370123015916283,0.41618828682392
"ugandan_village_friendship-7","Social,Offline",121,770,0.544554183284961,0.0516542908815731,0.284383116883117,0.2957132059012,0.2589820677974
"ugandan_village_friendship-8","Social,Offline",369,1753,0.611092918043163,0.0461835692717707,0.320253788536422,0.354590890944743,0.554176109036154
"ugandan_village_friendship-9","Social,Offline",178,1070,0.687122085010523,0.0613824121197301,0.353968002534453,0.341059621323593,0.312381111282278
"ugandan_village_health-advice_1","Social,Offline",187,431,0.755000368024651,0.0924803928959948,0.451039093880199,0.530159854636553,0.751884329173123
"ugandan_village_health-advice_10","Social,Offline",204,820,0.690293546226742,0.0779671384415246,0.415667427610237,0.491612990973959,0.533395579323287
"ugandan_village_health-advice_11","Social,Offline",238,529,0.805814043827654,0.0564764408932832,0.451022149904684,0.550547820757311,0.677733152436799
"ugandan_village_health-advice_12","Social,Offline",220,535,0.741934369501648,0.0570093397886466,0.380736568087739,0.474670264748166,0.730908396882654
"ugandan_village_health-advice_13","Social,Offline",159,287,0.729160565572706,0.0750635589767684,0.410355929960746,0.581865350948449,0.821799409638534
"ugandan_village_health-advice_14","Social,Offline",120,326,0.676888973538146,0.0759565015049287,0.368897252152395,0.420752595058489,0.613543110760433
"ugandan_village_health-advice_15","Social,Offline",117,196,0.79357082352246,0.101718275215752,0.467320548909219,0.539794146914438,0.767303812868467
"ugandan_village_health-advice_16","Social,Offline",349,862,0.82626563170211,0.0887695307109719,0.44461556924554,0.516452067120281,0.663865953348341
"ugandan_village_health-advice_17","Social,Offline",63,146,0.733426051568679,0.0859289771615687,0.402673442333186,0.400787283993608,0.606891324027217
"ugandan_village_health-advice_2","Social,Offline",170,394,0.836766280000388,0.0826316969201601,0.46298020604932,0.450859238542414,0.640404031152597
"ugandan_village_health-advice_3","Social,Offline",185,638,0.83000759216078,0.0708633893768546,0.455703966198719,0.410750662080916,0.527536596826548
"ugandan_village_health-advice_4","Social,Offline",316,1045,0.667837644310767,0.066647598034222,0.396363636363636,0.446968452856434,0.661748940840926
"ugandan_village_health-advice_5","Social,Offline",168,387,0.783323310475563,0.068532541432295,0.450865710439586,0.517404422517018,0.628746608044998
"ugandan_village_health-advice_6","Social,Offline",131,284,0.877332790623894,0.079933551123965,0.46351570964247,0.385607348170064,0.525842160634137
"ugandan_village_health-advice_7","Social,Offline",121,473,0.666411885996897,0.0689707766425516,0.362825933756166,0.399699683075157,0.500925658722871
"ugandan_village_health-advice_8","Social,Offline",361,1237,0.687053603199567,0.0609310656369048,0.368090361986886,0.437347007304756,0.663361547729109
"ugandan_village_health-advice_9","Social,Offline",173,623,0.830297137693355,0.07295143673866,0.449466198812946,0.382456100166866,0.432419061868259
"us_airport_network_(top_500;_2002)","Transportation",500,2980,0.936889912418321,0.0929665030521532,0.688008231227556,0.718697495444004,0.224899516896677
"water_distribution_network_1","Technological",1893,2418,0.79576809206667,0.0991045730927752,0.228431452268662,0.962320330788076,0.900792918634746
"water_distribution_network_2","Technological",873,957,0.770358174155942,0.122600210509467,0.194755207883965,0.956967502826962,0.938789868667918
"water_distribution_network_3","Technological",1786,1992,0.8348014371122,0.0929464465714471,0.243120380682393,0.936007304446134,0.998644986449865
"webkb_webkb_cornell_cocite","Informational",346,13416,0.758162864197147,0.0835237231972581,0.445711804205232,0.522824299238075,0.14115697727925
"webkb_webkb_cornell_link1","Informational",349,696,0.836457796235509,0.0496591669776864,0.503166699696129,0.504094842722623,0.673014839531908
"webkb_webkb_texas_cocite","Informational",334,16494,0.733406631795576,0.0920890807863655,0.390733221398918,0.459779903501566,0.113453340437305
"webkb_webkb_texas_link1","Informational",285,493,0.839590446773439,0.0689599359402206,0.490186555438105,0.535542823527836,0.65128229618088
"webkb_webkb_washington_cocite","Informational",434,15231,0.838814347133921,0.0859272449320693,0.518138147509114,0.586696703029267,0.118579249914262
"webkb_webkb_washington_link1","Informational",433,954,0.851343521969154,0.0953433597631917,0.515237984315553,0.645060591539785,0.675296492773407
"webkb_webkb_wisconsin_cocite","Informational",348,16625,0.711156286627607,0.0905099058507263,0.40436393577604,0.477779226817985,0.113963975543515
"webkb_webkb_wisconsin_link1","Informational",297,565,0.812947221570887,0.0737767900949816,0.48148170294188,0.830409299486163,0.671425547815755
"wiki_science","Informational",687,6523,0.734350482708986,0.0357412891894656,0.496561170185426,0.699953991693013,0.244534245336801
"winnipeg_traffic_(2016)_1","Transportation",948,1384,0.580102726017587,0.0453904998962319,0.158969456329999,0.89199231005619,0.963491789109767
"winnipeg_traffic_(2016)_2","Transportation",1040,1595,0.563130606794186,0.048757206169755,0.150418928255708,0.983326491882427,0.758517736433721
"word_adjacencies_of_david_copperfield","Informational",112,425,0.721476292138842,0.0824475132334411,0.421070482246953,0.430579953246982,0.472471779244493
"word_adjacency_darwin","Informational",7381,44207,0.971483929176798,0.0262352645428809,0.739067167562213,0.595345611686951,0.439784246705724
"word_adjacency_french","Informational",8325,23841,0.961077494487333,0.0126997890749352,0.658046164844175,0.576305538054079,0.680879404339855
"word_adjacency_japanese","Informational",2704,7998,0.956982698910842,0.0251281407355753,0.677549520565491,0.567299486125544,0.642623729223149
"word_adjacency_spanish","Informational",11586,43065,0.982252545162285,0.00798971655713954,0.733876465506844,0.574352890522132,0.432627049817828
"word_assoc","Informational",23132,297094,0.819988390541932,0.0660247656231549,0.673909746609846,0.706539077386537,0.72263229899549
"world_subways_(2009)_1","Transportation",128,143,0.498149610567773,0.133579312636359,0.151037938439513,0.85669613547274,0.975517890772128
"world_subways_(2009)_10","Transportation",104,114,0.450848772092201,0.121835235056992,0.133963549650826,0.734002673973495,0.988095238095238
"world_subways_(2009)_11","Transportation",170,182,0.468092542091106,0.132013457827345,0.129364718122115,0.831072134225267,0.967741935483871
"world_subways_(2009)_12","Transportation",141,149,0.47526702445461,0.147432619944339,0.118983700862896,0.801685142931664,0.969193597100574
"world_subways_(2009)_2","Transportation",266,308,0.591849973204889,0.142846257470019,0.174062729723107,0.861046866800615,0.938993089832182
"world_subways_(2009)_3","Transportation",209,240,0.5241468259633,0.143388295973879,0.157972756410256,0.850004318086652,0.976967930029154
"world_subways_(2009)_4","Transportation",147,164,0.442408415706562,0.126270874245314,0.150810223855663,0.739468804287377,0.985185185185185
"world_subways_(2009)_5","Transportation",134,156,0.490628046633747,0.153287179991214,0.206622325043378,0.808322222996255,0.935835351089588
"world_subways_(2009)_6","Transportation",433,475,0.561500160565683,0.129740747757384,0.121778752436647,0.924662971837736,0.974910211079465
"world_subways_(2009)_7","Transportation",299,356,0.550474998736655,0.12226650934,0.193443179247417,0.851731256947743,0.958465465891363
"world_subways_(2009)_8","Transportation",148,158,0.420979783325929,0.15027867710582,0.118746232670283,0.779430669066876,0.987647389107243
"world_subways_(2009)_9","Transportation",217,262,0.52158082514143,0.139550506151463,0.195893412496466,0.789928503530404,0.957314785774465
"yeast_transcription","Biological",690,1081,0.873081658474947,0.0493452407018408,0.537591516751274,0.820538180902583,0.879508233634665
"yu_yeast_interactomes_(2008)_1","Biological",964,1487,0.855717049089777,0.0995127807524669,0.512421603359262,0.757202241852936,0.868529915260218
"yu_yeast_interactomes_(2008)_2","Biological",1647,2518,0.835157835795063,0.0961565220738472,0.498020811517946,0.797096441334362,0.864278576086628
"zachary_karate_club_1","Social,Offline",34,76,0.8229964894144,0.0948651962507257,0.406698564593301,0.352477056165708,0.338543711481397
"zachary_karate_club_2","Social,Offline",34,78,0.823398968588842,0.0931218410736918,0.397047397047397,0.334327893252759,0.327733729901395
