"ID","Name","NetworkDomain","Nodes","Edges","AveragePathLength","DegreeAssortativity","Density","AverageTransitivity","GiniTransitivity","GlobalTransitivity","AverageDegree","MedianDegree","BetweennessCentrality","ClosenessCentrality","DegreeCentrality","EigenvectorCentrality","GiniBetweenness","GiniCloseness","GiniDegreeDistribution","GiniEigenvectorCentrality"
1,"7th_graders","Social,Offline",29,250,1.38423645320197,-0.157512342677228,0.61576354679803,0.776678309753491,0.0714261824899159,0.733914209115281,17.2413793103448,18,0.0566417122666706,0.556072515467829,0.38423645320197,0.341231114739377,0.583281545202804,0.077348627434051,0.704433497536946,0.163868484496618
2,"add_health_comm1","Social,Offline",69,220,2.95524296675192,-0.00262738710084144,0.0937766410912191,0.4746891996892,0.308166268341477,0.405846363018355,6.3768115942029,6,0.139462829065202,0.219554328689177,0.112105711849957,0.729414702933265,0.605359521286963,0.0670618607805471,0.418219461697723,0.383520883046157
3,"add_health_comm10","Social,Offline",678,2795,4.13972802098448,0.244921719623363,0.0121784900415245,0.241077345816988,0.401283149710712,0.22067747986318,8.24483775811209,8,0.0458177087103617,0.119253001875668,0.0262262366940737,0.905430147015693,0.571201485336746,0.0586777546232338,0.528250510551396,0.638052267421825
4,"add_health_comm11","Social,Offline",411,1590,3.86842323897692,0.20563246258746,0.018871283603347,0.201559336499751,0.42107528397537,0.180119794637764,7.73722627737226,7,0.0902680068452387,0.171356833070342,0.0445433505429945,0.844131802437419,0.566863478671905,0.0617649242141867,0.57402208497099,0.567529253727638
5,"add_health_comm12","Social,Offline",581,2805,3.62412606089382,0.208558369612246,0.0166478722772865,0.246834435762739,0.376008020991389,0.239889251458519,9.65576592082616,9,0.0318782571443967,0.117764366358456,0.035076265653748,0.911909736064348,0.506974509576322,0.051123143493009,0.565576592082616,0.595895250794398
6,"add_health_comm13","Social,Offline",652,2350,4.30713484681424,0.231174417513614,0.0110731013165211,0.222861557045992,0.464180042391098,0.199979861041184,7.20858895705521,7,0.0510042425955898,0.129735212952424,0.0227210615098998,0.874310610804767,0.587944606530537,0.0566280742699417,0.501673173452314,0.587637641318629
7,"add_health_comm14","Social,Offline",562,2688,3.64854320893676,0.205126906754519,0.017051401602375,0.229339880876153,0.351280960512568,0.214585680630954,9.56583629893238,9,0.0543109231288871,0.155908932985975,0.0435546590036856,0.925896973406558,0.536904125391821,0.0477343300636337,0.627067196985556,0.699642028665632
8,"add_health_comm15","Social,Offline",1062,4391,4.08781290435949,0.21569663922573,0.00779387672149537,0.190115407356237,0.464751623949801,0.170994964565461,8.26930320150659,8,0.0273514970284541,0.112796253958355,0.0195388282737921,0.930418100577334,0.529034475971588,0.0528559646255298,0.575816611468277,0.665798762889627
9,"add_health_comm16","Social,Offline",778,3462,3.96470837344873,0.192127784448724,0.0114539806056516,0.197188874849395,0.408237001423503,0.190276992651215,8.89974293059126,9,0.0306807835306217,0.149984159144466,0.0194340502823793,0.900395782831769,0.530932704235159,0.0527626305891144,0.459618680377035,0.629885907712923
10,"add_health_comm17","Social,Offline",1218,5337,3.97747293743667,0.178571597514118,0.00720094231555428,0.174309691395208,0.461727908781399,0.14616497829233,8.76354679802956,9,0.0193760158943742,0.122658898743971,0.0199149163533036,0.885119871097237,0.502468941791398,0.0573255068554553,0.617355824252376,0.510204982588926
11,"add_health_comm18","Social,Offline",284,1189,3.25182899517245,0.165928566382279,0.0295874185039566,0.250851552204537,0.390755839456794,0.215155990400591,8.37323943661972,8,0.0406214249122508,0.153442850343599,0.0481510973971035,0.814833435907427,0.478940022986237,0.0522599261271108,0.50416133162612,0.493448644139105
12,"add_health_comm19","Social,Offline",492,2096,3.81031742089315,0.21484173412954,0.017353004487275,0.251132352692705,0.363726203981711,0.223530013817102,8.52032520325203,8,0.0376812283316298,0.121802896838959,0.0274535128243339,0.915125764672306,0.526371231164213,0.0640612826966068,0.503325942350332,0.626756499385954
13,"add_health_comm2","Social,Offline",103,348,3.19417475728155,0.239928742738638,0.0662478583666476,0.354200730399224,0.326404450516628,0.350248403122782,6.75728155339806,6,0.17509879329059,0.270098148169881,0.129830573005901,0.800388114301328,0.620638837037001,0.0829388534182827,0.50873786407767,0.630717053726553
14,"add_health_comm20","Social,Offline",910,4075,3.96921384446137,0.220571996084918,0.00985263361500985,0.207519746739291,0.387422319468568,0.190515827355742,8.95604395604396,9,0.0283207781009242,0.134237990809671,0.0198503366820198,0.923063997950541,0.506796451218043,0.051900000328628,0.549206349206349,0.63176699289251
15,"add_health_comm21","Social,Offline",377,1531,3.72732659856651,0.260366349337419,0.0216011061572323,0.30158604204378,0.361631073494074,0.279254747402365,8.12201591511936,8,0.0548506224344725,0.121543817147289,0.0395691066087251,0.882347771687147,0.534311948547369,0.0577194679070548,0.499250374812594,0.638664070598779
16,"add_health_comm22","Social,Offline",612,2449,4.26361477487885,0.278070074851941,0.0130986382550838,0.298793452004875,0.380864155577936,0.265840692789162,8.00326797385621,8,0.040683164681432,0.132511461129808,0.0360011980787951,0.92054592708353,0.587124315779364,0.0676476152484611,0.600653594771242,0.73262965600726
17,"add_health_comm23","Social,Offline",667,2897,3.82899541220381,0.23448922030065,0.0130430280355318,0.236596488077306,0.375838358031244,0.212827781715096,8.68665667166417,8,0.018259569473542,0.120533154825122,0.0274975125050088,0.90163433943669,0.519861948535442,0.0541380075267678,0.548670109389749,0.597315244838566
18,"add_health_comm24","Social,Offline",849,3003,5.16076905127008,0.229553047000897,0.00834222281485432,0.239801402606849,0.449966113495973,0.21669341894061,7.07420494699647,7,0.0992915582994201,0.127282490523792,0.0164219281285419,0.947094600635719,0.665348695009058,0.0596107385195105,0.495204442200909,0.736645984173173
19,"add_health_comm25","Social,Offline",790,2567,4.51484173204345,0.154054270979468,0.0082366719609825,0.235496876836015,0.4663992061663,0.189541457286432,6.49873417721519,6,0.0345966269727112,0.119527740180171,0.0209141518666474,0.936980794227661,0.577857643487404,0.0593566163277306,0.576664832140892,0.612581039176942
20,"add_health_comm26","Social,Offline",551,2066,4.55858109222901,0.270036209163621,0.0136347137436067,0.296575725302848,0.402103268379371,0.269423629500254,7.49909255898367,7,0.0673619438130938,0.125661830999056,0.0281834680745752,0.904912656494404,0.612267949401725,0.0594317275367046,0.511717825297877,0.714906268900329
21,"add_health_comm27","Social,Offline",1152,2530,6.55454194420311,0.154140159724557,0.00381612607394536,0.29673098723257,0.51139208301143,0.264125439307921,4.39236111111111,4,0.0291893402068588,0.0832798414771035,0.0109536393474274,0.960423252262246,0.560822045198547,0.064868273728164,0.680249183006536,0.773999418440551
22,"add_health_comm28","Social,Offline",1136,4715,4.20323726499969,0.231952651481011,0.00731370602469442,0.179683385544067,0.440532169431785,0.172154586023136,8.30105633802817,8,0.0246714851635207,0.1301994664808,0.0164748402308122,0.914814088494832,0.535856682264238,0.0554817097340723,0.548839332290036,0.611986567290376
23,"add_health_comm29","Social,Offline",569,2534,3.86538033119632,0.291437517723027,0.0156810812148816,0.270814493388697,0.377447304934607,0.261464697239193,8.90685413005272,8,0.0249885695691741,0.136088299237929,0.026572439911879,0.902959522468973,0.522338142818983,0.0529896871875812,0.457527826596368,0.672227487572118
24,"add_health_comm3","Social,Offline",32,91,2.38508064516129,0.144736842105263,0.183467741935484,0.475098273374135,0.302740948600574,0.45993031358885,5.6875,5,0.190581319863318,0.280466473418886,0.171370967741935,0.680093856966918,0.62107948697257,0.0883782324317969,0.295454545454546,0.504135135176794
25,"add_health_comm30","Social,Offline",718,2740,3.9731160864481,0.193541825995273,0.010644786579799,0.223590258664463,0.431424201616349,0.19145256916996,7.63231197771588,7,0.0323448145179046,0.127757374694925,0.0284068173253614,0.919787362562317,0.546052532516263,0.0555185763800874,0.608635097493036,0.610550200570826
26,"add_health_comm31","Social,Offline",728,1635,7.46949680305939,0.264605448881668,0.00617848451411037,0.252158329020582,0.573071138871028,0.249561018437226,4.49175824175824,4,0.315030275565726,0.110948142991014,0.0172052843992321,0.975967302138739,0.759733934158022,0.0626635794988089,0.591467356173239,0.914634377866908
27,"add_health_comm32","Social,Offline",853,3440,3.99917441342074,0.235012865838167,0.00946672610890037,0.170935497452056,0.450167983579589,0.163656367470432,8.06565064478312,7,0.0195920649423054,0.109801280034742,0.0245708325765456,0.905923325914694,0.501946511909495,0.0546959327795613,0.589521769009985,0.608545894739894
28,"add_health_comm33","Social,Offline",1974,4833,5.48645416260345,0.222102766472642,0.00248183301315479,0.167230504256934,0.649482343360861,0.137963544940289,4.89665653495441,4,0.0230535445587983,0.112936947006734,0.0101892262874027,0.965605134693471,0.58158347993982,0.0663066968916556,0.690618034447822,0.748610979573292
29,"add_health_comm34","Social,Offline",1605,5748,4.71260478088268,0.191172034144378,0.00446547183443261,0.1381659800826,0.520961442977341,0.12552016810185,7.16261682242991,7,0.0272341542840925,0.127980470568018,0.0111205630782856,0.944157990688107,0.566612320470636,0.0531520321773665,0.552697819314642,0.748757657651641
30,"add_health_comm35","Social,Offline",851,3151,4.01532867906269,0.177381045842004,0.00871224165341812,0.156016116328611,0.550824304515709,0.131991373112868,7.40540540540541,7,0.0477721344565785,0.144288074247347,0.0254054054054054,0.918313996058199,0.560370312707255,0.0573049732794234,0.599416507962235,0.653895797866448
31,"add_health_comm36","Social,Offline",2152,7986,4.91544997658217,0.237508421542974,0.00345045703649552,0.195050911367207,0.491718339820383,0.178263493705811,7.42193308550186,7,0.0278806162834414,0.096088530913923,0.0100316443117146,0.972630783308444,0.561907796495353,0.0513618373407592,0.597070888347648,0.859312032314435
32,"add_health_comm37","Social,Offline",358,694,5.41306354944212,0.0482876839947832,0.01086021000579,0.204579154907024,0.641532882067135,0.167275141055426,3.87709497206704,3,0.143775653660442,0.158097949638035,0.0283554762687198,0.894983598736398,0.674891792564832,0.0880896339608744,0.606544293695132,0.584238993744025
33,"add_health_comm38","Social,Offline",521,1925,3.8798612136424,0.211046499971992,0.0142108371474974,0.183351509229218,0.447307170835466,0.159393796438259,7.38963531669866,7,0.0310538830462029,0.131381211536714,0.0530968551601949,0.929414156879761,0.513282798853936,0.0640394956048518,0.690046613655059,0.667458516002525
34,"add_health_comm39","Social,Offline",987,3915,4.09502847360514,0.217553126143357,0.0080457715000894,0.171022079358819,0.46775142928756,0.146570173462492,7.93313069908815,8,0.0238707092673003,0.107033885644983,0.01933759563987,0.942016270522661,0.513705090563835,0.0546915684086921,0.572967090697587,0.671160378482963
35,"add_health_comm4","Social,Offline",281,1136,3.36398068124047,0.0924181308157877,0.0288764616166751,0.229711522957499,0.417659033894128,0.217487708473923,8.08540925266904,8,0.0393532356317111,0.163889579534712,0.0461235383833249,0.712427945890038,0.541116854664186,0.0607449854495531,0.449923741738688,0.371057536595955
36,"add_health_comm40","Social,Offline",1996,8522,4.38269169918785,0.276465123385476,0.00428023967734969,0.151250134336645,0.480543920624425,0.144311239193084,8.53907815631263,8,0.0151347286012348,0.111900082797753,0.0137648731046052,0.953644460360411,0.515785355135878,0.0507069770944043,0.643648407926965,0.67663661786449
37,"add_health_comm41","Social,Offline",2064,8646,4.48532843341713,0.196622664136023,0.00406103101150954,0.145247563109702,0.471511192674492,0.139707898658718,8.37790697674419,8,0.0195290503904337,0.100906657760746,0.0104808982177682,0.95475565927678,0.5259001004371,0.0478214391255719,0.59047157622739,0.682300301213164
38,"add_health_comm42","Social,Offline",1405,4931,4.39920613194635,0.228092576580514,0.00499944236599041,0.107351475989996,0.588928558140192,0.102831491712707,7.01921708185053,6,0.0225315407892659,0.133040146438577,0.0149435775770295,0.933689513691478,0.568889079987825,0.0654427713685282,0.581240467717336,0.620238640684042
39,"add_health_comm43","Social,Offline",1638,5242,4.89776109996024,0.214681516928238,0.00390988906566182,0.145628436627185,0.580989206447569,0.13457815365804,6.4004884004884,6,0.0415511123819715,0.0951230865031608,0.00830758191784459,0.94554401101242,0.570015781968816,0.0622651013037779,0.491880341880342,0.723866048149344
40,"add_health_comm44","Social,Offline",1127,5096,4.15938036346672,0.190228293419734,0.00803150822457332,0.174380969231279,0.427696062953638,0.160251108939178,9.04347826086956,9,0.0216579371449891,0.104631227324919,0.0212757741910572,0.946363367196016,0.541687557066508,0.0488740041890512,0.610497163292194,0.711109792433719
41,"add_health_comm45","Social,Offline",921,2745,4.93018930274277,0.287354109699272,0.00647925223056224,0.144957348657612,0.618381409596346,0.141451925741203,5.96091205211726,5,0.061265422411388,0.134206475874195,0.0293903129868291,0.957319579039255,0.640581466352459,0.0681726361606817,0.700852169907544,0.81104853511445
42,"add_health_comm46","Social,Offline",1519,5749,4.26877470355731,0.194416307220953,0.00498646481415466,0.162107934933386,0.508789914962528,0.140707806514361,7.56945358788677,7,0.0172370605060561,0.103337967554226,0.0128000964506675,0.933069437275207,0.510281970532992,0.0494499760765724,0.582230024626338,0.64542249733606
43,"add_health_comm47","Social,Offline",985,4378,4.90459741653254,0.230445523928872,0.00903388221699476,0.175942170039757,0.421394186709993,0.168531628225622,8.88934010152284,9,0.276582663572231,0.144301741153726,0.0163726218480459,0.93480410136758,0.688869846365058,0.0722940466762062,0.50205076142132,0.832252425798288
44,"add_health_comm48","Social,Offline",1171,4990,4.19444407949959,0.188146177478744,0.00728429934236937,0.192991434024715,0.440839841739428,0.178429768963402,8.52263023057216,8,0.0262295552581773,0.123947270864893,0.0175020254439554,0.953913354268727,0.529887863725187,0.0485683488815355,0.58343885273418,0.747730709933381
45,"add_health_comm49","Social,Offline",1877,7031,5.83607705441133,0.287205893341086,0.00399346596040272,0.203187723319638,0.467543412948075,0.193368763385421,7.4917421417155,7,0.348588960676851,0.130035200992337,0.0103988581334139,0.966866488915558,0.691702137281456,0.0915448198762499,0.56360622743148,0.786018848472392
46,"add_health_comm5","Social,Offline",157,730,2.84827698840438,0.214788068123151,0.0596113016495182,0.298799607740485,0.291490561147647,0.272652614289625,9.29936305732484,9,0.0401173443615698,0.149868661462996,0.0750040829658664,0.741707001069296,0.493661134973587,0.0604556372621504,0.467394601152563,0.400203639735458
47,"add_health_comm50","Social,Offline",2539,10455,4.55938827886236,0.251286156368877,0.00324488802110248,0.150652262915362,0.497612395518774,0.141888419801102,8.23552579755809,8,0.0108619650718168,0.0973830596221725,0.00739340985123795,0.97266611962219,0.510476578515649,0.0475961821842745,0.553688387087363,0.772376385240752
48,"add_health_comm51","Social,Offline",676,1665,5.24987069910147,0.245476254510539,0.00729783037475345,0.161866903878305,0.619600805598049,0.159910999322821,4.92603550295858,4,0.0840115990971641,0.137679480769041,0.0193688362919132,0.933229698341776,0.640202515831261,0.0681463867491653,0.568047337278107,0.763609124861307
49,"add_health_comm52","Social,Offline",1719,5438,5.03099102613331,0.160254084060537,0.00368273240052796,0.184718449665449,0.526334985966164,0.162424979108106,6.32693426410704,6,0.0421410232361928,0.110221447790835,0.0097049276693207,0.950836410041288,0.586617987333349,0.0577369555541468,0.580190707438602,0.630323406788103
50,"add_health_comm53","Social,Offline",579,1510,5.46579533977565,0.288839643209407,0.00902403021556077,0.208816534671592,0.557813384855421,0.207665232694564,5.21588946459413,4,0.0914454999884378,0.136201550725945,0.0273081497152351,0.953822820663642,0.674936917903008,0.0799906766829407,0.604079282835759,0.892479773917714
51,"add_health_comm54","Social,Offline",1035,3037,5.0486885506312,0.196442764141544,0.00567562769227894,0.191644215286239,0.538458943848212,0.175502232142857,5.86859903381642,5,0.050277297398424,0.113520347899728,0.022370793971164,0.976072413352425,0.611620084682363,0.0633984378456899,0.678360819590205,0.855103317329169
52,"add_health_comm55","Social,Offline",331,800,4.75849125698068,0.236914455268217,0.0146479904788062,0.270318343014589,0.474928361899402,0.234903782349038,4.83383685800604,4,0.0929620726157073,0.14127069869064,0.0338368580060423,0.921006657713106,0.628251948312146,0.0797778689078442,0.533987915407855,0.728907833618446
53,"add_health_comm56","Social,Offline",444,1393,4.17748561202286,0.209773909045142,0.0141642771439611,0.235544604836315,0.474653752281493,0.218345526167698,6.27477477477477,6,0.0711745292840684,0.135268469523793,0.0445264677770321,0.935994732420298,0.569005135332565,0.0698930061606867,0.615904365904366,0.724497525249898
54,"add_health_comm57","Social,Offline",1180,3480,6.21210448383433,0.336404397512181,0.00500280329494976,0.176770950391706,0.529608890020605,0.173831345630249,5.89830508474576,5,0.24768495752581,0.135230791511547,0.0272279006914794,0.973052841861309,0.7047431077006,0.0724499640533364,0.747769848349688,0.898880617805508
55,"add_health_comm58","Social,Offline",1703,5605,5.55404680894226,0.257333733109434,0.0038675096756743,0.218953346492495,0.490654885789403,0.185999448072854,6.58250146799765,6,0.0558841318439784,0.117879860032002,0.0137588122984738,0.978757964564923,0.632907470930362,0.0705563274851654,0.6529262086514,0.897587066661017
56,"add_health_comm59","Social,Offline",971,3339,4.65703971885717,0.265473930640175,0.00709015044539055,0.216418961546078,0.471089484287574,0.194518419884598,6.87744593202884,6,0.0362361556512007,0.127253245865919,0.0176521175958466,0.895391216401967,0.572895122889035,0.0628864645970245,0.544713353930656,0.664533041042813
57,"add_health_comm6","Social,Offline",108,378,3.02647975077882,0.252294512390055,0.0654205607476635,0.330597796925449,0.439095740291133,0.358684822318167,7,7,0.0926828115047643,0.189128207288635,0.102803738317757,0.867656461649961,0.529025247350214,0.0649053417921433,0.462962962962963,0.716624537169195
58,"add_health_comm60","Social,Offline",1131,3699,5.26748511380797,0.23783991214001,0.00578859651181897,0.237140448680969,0.487254966991553,0.223324022346369,6.54111405835544,6,0.0581631913218078,0.119594272815206,0.0163352972934908,0.950564780329836,0.62018913382977,0.067799629409218,0.582740937223696,0.853843439222574
59,"add_health_comm61","Social,Offline",1710,4399,5.99861825423711,0.212539979321016,0.0030105495844155,0.218145974406701,0.559847822635371,0.19386947177921,5.14502923976608,5,0.0671836541118963,0.114178468891469,0.00810706305455466,0.979999179197268,0.633071380875976,0.0661435737376488,0.576731301939058,0.855129457933905
60,"add_health_comm62","Social,Offline",1040,2737,5.35110683349374,0.251363476064128,0.00506589175982824,0.210132160331795,0.543602666644255,0.203869319218836,5.26346153846154,5,0.0327651601527703,0.0952891254116019,0.0151458502998445,0.985320224192365,0.56716632389043,0.0605369579918162,0.627838827838828,0.875826668601347
61,"add_health_comm63","Social,Offline",96,282,3.44868421052632,0.158586582490385,0.0618421052631579,0.363523645666503,0.346399840432298,0.347981604496679,5.875,6,0.0865232343809856,0.187178262488654,0.0960526315789474,0.787154128526894,0.578271570306321,0.0857232287400041,0.397222222222222,0.595636136531095
62,"add_health_comm64","Social,Offline",694,2861,3.81668059766042,0.229914067812219,0.0118974845199629,0.180482327613517,0.426188436698676,0.160141561601416,8.24495677233429,8,0.0241181192370816,0.130692547399291,0.0299495573270789,0.907416774964271,0.503503767631755,0.0539105207915723,0.595349299413694,0.624780555125713
63,"add_health_comm65","Social,Offline",557,1869,4.24038076540563,0.225627733826085,0.012070056701497,0.194062413558011,0.454304401346878,0.191160461571957,6.71095152603232,6,0.0358609041616626,0.111266134497179,0.0239011663200858,0.94845927190072,0.530097837819825,0.0573786788935784,0.533213644524237,0.809809019668901
64,"add_health_comm66","Social,Offline",644,2865,3.64544593954967,0.242197939470554,0.0138375047090985,0.200479311860328,0.426800845920981,0.188918152350081,8.89751552795031,9,0.0195072918713363,0.127428136801451,0.0374844237512437,0.892682532756855,0.492952365797243,0.0521593392696186,0.603425559947299,0.606397894709618
65,"add_health_comm67","Social,Offline",439,913,5.74711101403147,0.184636674446245,0.00949646872822209,0.250151233282965,0.555178008142696,0.22880815806246,4.15945330296128,4,0.0930683974223685,0.114563984745215,0.0315994216827368,0.95144145172519,0.654857616117469,0.0830385257707135,0.650215135408757,0.808376229924216
66,"add_health_comm68","Social,Offline",1385,3871,5.49344963585902,0.218170730102827,0.00403893908724776,0.185108198832765,0.557291650995205,0.185455881752481,5.5898916967509,5,0.0400603149848322,0.108614592499504,0.0104119279647754,0.974502460067696,0.583978500269597,0.0569098830623768,0.582166064981949,0.862712206883102
67,"add_health_comm69","Social,Offline",891,3678,4.19034287948146,0.237255812630906,0.00927628343358681,0.174724178332726,0.458395395560605,0.172980597616443,8.25589225589226,8,0.033433217525883,0.111802568533284,0.0199371997124806,0.910191700878391,0.547461724901288,0.0578175001891084,0.537857204523871,0.585943359883751
68,"add_health_comm7","Social,Offline",437,1698,3.8612936409632,0.19469790154257,0.0178237776331535,0.230297809598515,0.406006001378977,0.211697891507279,7.77116704805492,7,0.0611028376631835,0.155537734226357,0.0349285159448282,0.911720710301894,0.573208905389622,0.0609800071950108,0.49955228335489,0.638558781971242
69,"add_health_comm70","Social,Offline",76,344,2.47894736842105,0.0534103211836882,0.120701754385965,0.434290329802184,0.258660691939777,0.371385542168675,9.05263157894737,9,0.107170896489716,0.265868978561773,0.145964912280702,0.668768277790257,0.612427807331929,0.0693769793561199,0.485526315789474,0.344237653390628
70,"add_health_comm71","Social,Offline",74,358,2.56164383561644,0.00658956025382757,0.132543502406516,0.461286538974312,0.198781892830406,0.411317567567568,9.67567567567568,9.5,0.0854790707477237,0.189723601743371,0.127730470196224,0.653655498136938,0.547548254060225,0.0716647638087699,0.584637268847795,0.321245005702698
71,"add_health_comm72","Social,Offline",352,1398,3.77500971250971,0.128536812432477,0.0226301476301476,0.294599701821196,0.358053621076333,0.284348864994026,7.94318181818182,8,0.061504611018792,0.160574121866006,0.0428969178969179,0.911134601036964,0.585995169241461,0.0607646973909707,0.515316205533597,0.600752914710931
72,"add_health_comm73","Social,Offline",1630,6813,4.41442113231423,0.187102595702656,0.00513168152391282,0.189750589977169,0.435783107241564,0.167455547597546,8.35950920245399,8,0.0162780421730823,0.101344264087347,0.0120567776534966,0.950502729565897,0.53988927836157,0.0513937847033512,0.576643295354952,0.56747538231114
73,"add_health_comm74","Social,Offline",654,1677,4.73066205843648,0.142133370215985,0.00785366059260716,0.239335525275023,0.548678814019434,0.188523047977422,5.12844036697248,4,0.0848131429980778,0.15452844715861,0.0288997850429212,0.907716706285167,0.62238367162938,0.0714247190724231,0.661060142711519,0.646156264433024
74,"add_health_comm75","Social,Offline",994,4396,4.05172221648116,0.168325359416232,0.00890742237918954,0.192299161476291,0.426309269674611,0.165377764750975,8.84507042253521,9,0.0254564834428555,0.109573091757797,0.0223111073287662,0.920711939715923,0.530706796489792,0.050648589077786,0.59661192964237,0.654560538860108
75,"add_health_comm76","Social,Offline",43,185,2.07198228128461,0.099756690997566,0.204872646733112,0.421426248170434,0.174688157024997,0.366852886405959,8.6046511627907,9,0.100668349003575,0.213990969274934,0.152270210409745,0.501200142843282,0.486763441946985,0.0621821952002179,0.466666666666667,0.280261451398175
76,"add_health_comm77","Social,Offline",25,106,1.79333333333333,0.155932678464499,0.353333333333333,0.584555000555001,0.187983012346279,0.581395348837209,8.48,9,0.0853841038297293,0.295233476519126,0.23,0.491457915835847,0.505198262231443,0.074926272667863,0.485714285714286,0.276413257590576
77,"add_health_comm78","Social,Offline",430,1333,4.20626660161544,0.168398380416031,0.0144522144522145,0.281951035278059,0.428379746038779,0.231531819635433,6.2,6,0.0449717093108843,0.131715847213928,0.0275058275058275,0.775132075537572,0.581729462757942,0.069608113343956,0.495090439276486,0.489710969607298
78,"add_health_comm79","Social,Offline",1190,4154,4.49437208020298,0.221424817285198,0.0058717515601699,0.190148180315334,0.465306107427113,0.167781155015198,6.98151260504202,7,0.0186202044483543,0.116488134333217,0.0134722349831438,0.935691148573136,0.513790123689732,0.0554077326524693,0.550748995250274,0.66341284193301
79,"add_health_comm8","Social,Offline",204,809,3.36965130879938,0.269764671134297,0.0390708007340867,0.280586825740493,0.344024855000452,0.268951048951049,7.93137254901961,8,0.0394362953840827,0.148954225796809,0.0742296918767507,0.86500204881579,0.506805949500941,0.0608847710765347,0.537510656436487,0.684079578758445
80,"add_health_comm80","Social,Offline",594,1745,4.86978838412228,0.390204248173875,0.00990796100408242,0.23255171722057,0.486635735309326,0.211271021992238,5.87542087542088,5,0.0295408991586148,0.122817290879781,0.0339368956569631,0.947238595792741,0.552667039828501,0.0699828107739506,0.657860657860658,0.81165503786773
81,"add_health_comm81","Social,Offline",1290,3795,4.87505006585238,0.218154027729334,0.00456456239738755,0.171502430885549,0.563854538778474,0.151005178190679,5.88372093023256,6,0.028286791647292,0.111088416172723,0.0179334981146373,0.947514765588534,0.552672609721705,0.06243010183048,0.680245923549853,0.66330767556996
82,"add_health_comm82","Social,Offline",921,4020,3.83283057168484,0.214090850015672,0.00948874097153378,0.17370296992297,0.461839124639976,0.15748841996912,8.72964169381108,9,0.0158921996588217,0.10685247308806,0.0198590851154227,0.882121410876327,0.479544757984129,0.0541359978611849,0.516467607672819,0.531742704580735
83,"add_health_comm83","Social,Offline",1260,3583,5.08746044353669,0.226896618853103,0.00451731659039046,0.204157031345469,0.530120393542312,0.187793824912117,5.68730158730159,5,0.0367118753369612,0.0954588704104271,0.0121625880958685,0.968839783278885,0.560724977922705,0.0592774196807962,0.581103552532124,0.763853372408696
84,"add_health_comm84","Social,Offline",1545,4003,7.45497258413401,0.184377100809651,0.00335613796803998,0.201376886102984,0.552780087462504,0.171182465221611,5.18187702265372,5,0.380410317385847,0.12187938400653,0.0128355718765196,0.974122468179958,0.75593550880183,0.0582212304445115,0.681398058252427,0.834170866521372
85,"add_health_comm9","Social,Offline",248,1004,3.43267598276087,0.13414146490021,0.0327804623220583,0.319639254666775,0.354712541459106,0.293750696223683,8.09677419354839,8,0.0420589581937848,0.144947747137731,0.0562883635888729,0.842217061564768,0.519594102828265,0.0570815670196027,0.527126099706745,0.533679945523556
86,"adjnoun","Informational",112,425,2.53555341055341,-0.129347853439001,0.0683719433719434,0.189785185674129,0.472471779244493,0.156934978817462,7.58928571428571,6,0.232804321474986,0.432559513082356,0.373069498069498,0.835159619737549,0.721476292138842,0.0824475132334411,0.78097667638484,0.430579953246982
87,"advogato","Social,Online",5042,39227,3.27470182819012,-0.0957207307396756,0.00308670803418317,0.318833119144736,0.48756129108798,0.0922230964759098,15.5600952003173,5,0.144597481119936,0.361394932717164,0.156207082880318,0.969901481737013,0.892404703821772,0.0740271892243727,0.966648768032215,0.686211902124665
88,"aids_blogs_(2005)","Informational",146,180,3.41606046291923,-0.725339251111782,0.0170051960321209,0.252378442479099,0.749203919691386,0.0229838709677419,2.46575342465753,1,0.48656616852782,0.35390842090855,0.272649976381672,0.89342985259187,0.952944491369764,0.0789952994935274,0.963796477495107,0.479929680083661
89,"amazon_pages_(2012)","Informational",2879,3886,3.43279519735179,-0.753088296464094,0.000937994598444899,0.820738450340348,0.170620104315807,0.0228660009892303,2.69954845432442,1,0.244899896444302,0.44199240077107,0.153335806652424,0.964679760236289,0.99136170180071,0.0462044908428989,0.999028378847761,0.378543352788424
90,"amazon_political_books_(2004)","Economic",105,441,3.07875457875458,-0.12789600966672,0.0807692307692308,0.487526791231731,0.249594731468781,0.348403152218996,8.4,6,0.120443274155473,0.171951393782714,0.159615384615385,0.778721475567566,0.690690093865101,0.0690124233271307,0.619809523809524,0.481821133983254
91,"anaheim_traffic_network_(1992)","Transportation",416,634,10.6290083410565,-0.0494545901740143,0.00734476367006487,0.110297912268356,0.658926855396443,0.108216432865731,3.04807692307692,3,0.173961547825638,0.0643593807122479,0.0095227062094532,0.890990982091793,0.60197912280695,0.0864649543189192,0.694368131868132,0.707797221526078
92,"anybeat","Social,Online",12645,49132,3.17148624203466,-0.123408641430166,0.000614597965091806,0.403490134660947,0.518986766254208,0.0216759388771939,7.7709766706208,2,0.506741602101204,0.484935859734684,0.37901210244617,0.98993137638537,0.966620856445144,0.0807775603813178,0.997777382364571,0.640134298998215
93,"barcelona_traffic_(2016)","Transportation",930,1798,12.7350764494138,-0.203630507112528,0.00416218155723,0.092478289198245,0.740108670551591,0.0840881900529824,3.86666666666667,4,0.129293176656332,0.0389529354627216,0.0130606386795838,0.986543988354802,0.636436460614244,0.0479999003450286,0.863978494623656,0.956079092097253
94,"berlin_traffic_(2005)_1","Transportation",224,376,8.83860506085842,-0.139750754801825,0.0150544522741832,0.198622134038801,0.631328687935345,0.188202247191011,3.35714285714286,3,0.290835108668429,0.114030947338052,0.0208199871877002,0.931197321932716,0.636518879659832,0.101803512604854,0.629464285714286,0.768843381467005
95,"berlin_traffic_(2005)_2","Transportation",397,644,12.003409408951,-0.00917668967238498,0.00819275882248174,0.21060325684678,0.668777802755485,0.202247191011236,3.24433249370277,3,0.221694832922774,0.0524217413133342,0.0120092613795385,0.962326593500124,0.648314169485452,0.0754453663799105,0.642317380352645,0.877312714835184
96,"berlin_traffic_(2005)_3","Transportation",974,1611,17.5471867739015,-0.0339102821190034,0.00339980289162627,0.187468011440614,0.656712421685463,0.184553210597216,3.30800821355236,3,0.169053090266076,0.0396057712308675,0.00482219094187835,0.984594399886789,0.668640753578527,0.0801833267555687,0.642453798767967,0.94844232517198
97,"berlin_traffic_(2005)_4","Transportation",350,553,11.9459353254196,0.0358734725111165,0.00905444126074499,0.167071935157042,0.670598588945259,0.176594253679047,3.16,3,0.182776988772677,0.0478140046623898,0.00813753581661891,0.961297606531243,0.602853966197181,0.0912748758471478,0.534285714285714,0.893531757019262
98,"berlin_traffic_(2005)_5","Transportation",359,595,13.042840914396,0.056667657980614,0.0092591151709435,0.180401360544218,0.646188692520938,0.192211055276382,3.31476323119777,3,0.218500748438301,0.0444319489567292,0.0158805496335258,0.970117285648187,0.635199730956439,0.0817813441455213,0.744351593933767,0.930869085188343
99,"bible_nouns","Informational",1707,9059,3.37553937960443,-0.0518548189793326,0.00622153727393788,0.710024496909136,0.238350231614013,0.162496128327601,10.613942589338,5,0.218970950091378,0.40021840986921,0.207143058271197,0.964051574231333,0.896538777316717,0.083062733808507,0.957576108718464,0.665459822288391
100,"bitcoin","Social,Online",3775,14120,3.57084043139361,-0.168664905642889,0.00198219255484546,0.276682245071796,0.60554817461434,0.0780073665603234,7.48079470198675,2,0.177919835530311,0.323911200166721,0.133417913433496,0.966047566787317,0.926572535019919,0.0723969295318257,0.977861354829512,0.711326405987255
101,"bitcoin_alpha","Economic",5875,21489,3.57108782300654,-0.164887262876437,0.00124538717319019,0.288291612682982,0.59620122258995,0.0592384412258376,7.31540425531915,2,0.193132805448744,0.304069836372001,0.134096798730793,0.972582678928218,0.943119689999459,0.0683082757761749,0.986292198581561,0.697528203058823
102,"blumenau_drug","Biological",75,181,2.81369369369369,-0.314587926631587,0.0652252252252252,0.157066449768313,0.697470819490435,0.108147080028839,4.82666666666667,4,0.255590915304965,0.306837219135186,0.259099099099099,0.782103429283587,0.755762284687389,0.0845545426944576,0.718888888888889,0.433970160747265
103,"budapest_connectome_all_1m","Biological",1015,120748,1.86218750303631,0.00495166126312682,0.234642104138125,0.727029469420632,0.0916789660502701,0.63957842615088,237.927093596059,228,0.0494286742692118,0.433910142626775,0.447803655230711,0.64961190898748,0.752959585006604,0.0560303427147025,0.655585295708876,0.256008406986984
104,"budapest_connectome_all_200k","Biological",1015,104292,1.95559312482389,0.00847352445835891,0.202664179322004,0.711447560311217,0.096198806309828,0.616634958716018,205.501477832512,195,0.058317921486763,0.406799875211863,0.408775662887069,0.666111833569737,0.766324348772804,0.0601099212369873,0.633494358811378,0.276569334067151
105,"budapest_connectome_all_20k","Biological",1015,70654,2.21897960571701,0.0214930219528352,0.137297538889051,0.669611349961385,0.110856278430814,0.557818983928976,139.219704433498,127,0.0860889293174304,0.37120263329378,0.32226853606164,0.713748480704097,0.807859045221171,0.0552840409137608,0.625713017188524,0.346269637392063
106,"budapest_connectome_female_1m","Biological",1015,111889,1.89843666501491,-0.000628357855975232,0.217426958541017,0.717703744524356,0.0953854045119205,0.623362422503195,220.470935960591,212,0.0572767959917687,0.434931076033674,0.448253514831764,0.66683186956071,0.764232377355305,0.057846357249934,0.647763546798029,0.269999196629976
107,"budapest_connectome_female_200k","Biological",1015,95867,1.99515745086037,0.00367726214211114,0.186292399024495,0.700734914533123,0.100592901153623,0.598441810491328,188.900492610837,177,0.065143725730109,0.406793030471875,0.405423577306866,0.682624346660972,0.77686476230587,0.0611275815516549,0.643234811165846,0.291689910552903
108,"budapest_connectome_female_20k","Biological",1015,62552,2.27798602811865,0.0217779242028523,0.121553424471196,0.654472076343343,0.116378457970107,0.534715663204042,123.255172413793,110,0.0957705264743897,0.377963311542319,0.327164524246752,0.745366088789645,0.821355929406935,0.0544437187054209,0.641760407080604,0.373646331917382
109,"budapest_connectome_male_1m","Biological",1015,92705,2.04371896891791,0.0234608621082357,0.180147880413132,0.702450397584816,0.10046746428184,0.604238907265883,182.669950738916,172,0.0573316855842706,0.380127185992572,0.362258431223948,0.671887328765991,0.775372320952434,0.060569466927054,0.631093596059113,0.287662580860047
110,"budapest_connectome_male_200k","Biological",1015,79278,2.14818550150115,0.0261708537652456,0.154056023552045,0.686050530424556,0.105776186735699,0.580269010182981,156.212807881773,146,0.0688657991986737,0.373474498300023,0.331151077039671,0.69077636951931,0.793338955573295,0.0589266921748482,0.639737274220033,0.307933767130954
111,"budapest_connectome_male_20k","Biological",1015,53586,2.38198424033968,0.0286100698625545,0.104130352406214,0.646041366333633,0.122034927057708,0.523190114234178,105.588177339901,96,0.0883939784339138,0.36631126892342,0.289360771854141,0.763688913555685,0.827390514033956,0.0497467324606625,0.645251058681186,0.378754302823328
112,"c._elegans_interactomes_(2009)_1","Biological",345,400,6.55279743849006,-0.351629312644532,0.00674081563869228,0.0503106822255759,0.9375346787027,0.0173160173160173,2.31884057971015,1,0.331772031187594,0.161388080634713,0.074654533198517,0.964025590771972,0.819276934640953,0.100824793191528,0.913457556935818,0.774561697223214
113,"c._elegans_interactomes_(2009)_2","Biological",683,1543,4.98089762690906,-0.055480068198737,0.00662507567528113,0.3344740529243,0.554589892714283,0.187363546146212,4.51830161054173,3,0.219506736265227,0.230227319308238,0.0754863612748655,0.954239008527371,0.805076554444038,0.0954686630632862,0.880725789583769,0.734016999151281
114,"c._elegans_interactomes_(2009)_3","Biological",117,123,3.71868552903036,-0.628580790884327,0.0181255526083112,0.338649057099678,0.693058762404307,0.00363284088156939,2.1025641025641,1,0.933815850695342,0.381589396335763,0.757736516357206,0.925399722333742,0.959665290396701,0.100196140189636,0.99278252611586,0.29563948038228
115,"c._elegans_interactomes_(2009)_4","Biological",1084,1602,5.16690346958871,-0.22282803860956,0.00272919626703192,0.0581780259355525,0.915928851906564,0.0164579236103923,2.95571955719557,1,0.165517237948323,0.187653196102929,0.0655995202611306,0.966471741013307,0.850231734618539,0.0941877409067075,0.954597586516406,0.731108447982836
116,"c._elegans_interactomes_(2009)_5","Biological",1108,1500,5.71804141025766,-0.25263308072543,0.00244587283417961,0.0405356906756542,0.919840893320699,0.0166058394160584,2.70758122743682,1,0.185757902662725,0.183688293728242,0.0734348859734085,0.959135233356111,0.86830024575633,0.0964459822589823,0.963791473268007,0.72299409531068
117,"c._elegans_interactomes_(2009)_6","Biological",2214,3538,5.32068858118917,-0.19184971681638,0.00144420483216732,0.0454753243346992,0.91097117341307,0.0198809674559959,3.19602529358627,1,0.0847059321521277,0.191251625158598,0.0432914481276158,0.97061557728069,0.850185030890289,0.0893404799650813,0.95966895695893,0.751066188147426
118,"c._elegans_interactomes_(2009)_7","Biological",297,2148,2.45531895531896,-0.163199210315705,0.0488670488670489,0.307914537078583,0.280941814427215,0.180711471266077,14.4646464646465,12,0.299472241126469,0.373313574841728,0.403835653835654,0.815404177980308,0.741022956185197,0.059769123612268,0.846173174531383,0.425950710945738
119,"c._elegans_interactomes_(2009)_8","Biological",279,2287,2.43562569299399,-0.0926538074398665,0.058972177097032,0.33713399908902,0.272482694643344,0.213480977116384,16.3942652329749,13,0.0984663162097208,0.324264205810896,0.275560197003687,0.826638218987477,0.703644750064019,0.0607113707734335,0.768528153543762,0.400878213330928
120,"c._elegans_interactomes_(2009)_9","Biological",269,2902,2.38717194695667,0.034590171859593,0.080508239471786,0.421188660237151,0.22517615562884,0.319672393043145,21.5762081784387,19,0.0669633613213561,0.271003774046552,0.214267879931199,0.746490111736312,0.673705179774185,0.0757888856560642,0.544492023904757,0.465145242523711
121,"c._elegans_neurons_(1986)","Biological",297,2148,2.45531895531896,-0.163199210315705,0.0488670488670489,0.307914537078583,0.280941814427215,0.180711471266077,14.4646464646465,12,0.299472241126469,0.373313574841727,0.403835653835654,0.815404177980308,0.741022956185197,0.059769123612268,0.846173174531383,0.425950710945739
122,"cat_brain_(2013)","Biological",65,730,1.69951923076923,-0.0253913370497272,0.350961538461538,0.661366160814222,0.115676577485201,0.574738851476749,22.4615384615385,22,0.0629385829272744,0.354956791003512,0.352163461538462,0.50722340564933,0.643542910165644,0.0695135867663723,0.488547008547009,0.264013222727834
123,"cat_cerebral_hemisphere_1","Biological",95,1170,1.86450167973124,-0.0917495520992216,0.262038073908175,0.615213522311272,0.156150871771458,0.489080333625988,24.6315789473684,23,0.0615885643942154,0.380128199960684,0.386898096304591,0.567239869333478,0.645561551071016,0.0776444191769537,0.523037100949094,0.318299850436728
124,"cat_cerebral_hemisphere_2","Biological",52,515,1.63574660633484,-0.0442171316549788,0.388386123680241,0.664164606535925,0.107830278537818,0.584950810954533,19.8076923076923,19,0.0637839127767392,0.340770411522142,0.33710407239819,0.428948326584992,0.648687678744621,0.0655731056926478,0.573804573804574,0.238228210991201
125,"celegans_2019_hermaphrodite_chemical_corrected","Biological",446,4172,3.0033153625233,0.0619174150488829,0.0420416183806117,0.324377063917114,0.274057588672592,0.229833913388255,18.7085201793722,16,0.155441094657161,0.267180255931773,0.171441527686804,0.840609850760236,0.738832324867487,0.0906136648233116,0.684210526315789,0.494050752371661
126,"celegans_2019_hermaphrodite_chemical_synapse","Biological",313,2932,2.47886458589334,-0.00507851443515382,0.0600475137216351,0.333861326945377,0.242314665524688,0.241585582856927,18.7348242811502,16,0.0697892180050581,0.298662096205524,0.212388383714262,0.797811310809285,0.673098687696088,0.0677480501848836,0.662694982146213,0.424658067934899
127,"celegans_2019_hermaphrodite_gap_junction_corrected","Biological",460,1432,6.45044993842948,0.131325574174361,0.0135644596002652,0.201399633857954,0.587826052456626,0.187853640135798,6.22608695652174,4,0.189401900696301,0.152183187504011,0.114975845410628,0.941463722540456,0.731712716949784,0.138049893890359,0.850405305821666,0.76892923860097
128,"celegans_2019_hermaphrodite_gap_junction_synapse","Biological",279,962,3.49413372527784,0.0665243510016331,0.0248059616822671,0.219189919856821,0.568064784720318,0.187567373338124,6.89605734767025,5,0.1386123618822,0.245821161519042,0.14785590882133,0.911874629876338,0.692633574248729,0.0857771852245188,0.780764635603345,0.674275718644971
129,"celegans_2019_male_chemical_corrected","Biological",559,4500,3.42249664980348,0.168948451563945,0.0288533671879508,0.321868056822019,0.305121433516463,0.257764710166036,16.1001788908766,13,0.0954074431007645,0.247339835779567,0.110931579048608,0.879662932148484,0.73731074348757,0.0881641300537122,0.646851061877896,0.687920295990944
130,"celegans_2019_male_chemical_synapse","Biological",328,2832,2.74283956142314,0.191406123258396,0.0528082345043634,0.334848348175354,0.27352510446016,0.296901303963249,17.2682926829268,14,0.0655410466727709,0.238249228144598,0.139852315954352,0.821933813669384,0.675567174432957,0.0644185504664307,0.547812620983353,0.632771327703584
131,"celegans_2019_male_gap_junction_corrected","Biological",484,1597,5.44363739027771,0.19901760116748,0.0136628852043872,0.252681244468445,0.560495441136483,0.221315060504447,6.59917355371901,4,0.194113448999912,0.189062352363377,0.0919271769074141,0.910105614447442,0.71095971844326,0.135434818000929,0.797844757737806,0.748022873647002
132,"celegans_2019_male_gap_junction_synapse","Biological",298,1171,3.91286466454252,0.203982780292715,0.0264614828373218,0.212712466327757,0.528639373574801,0.231825018801705,7.85906040268456,5,0.0787956780551652,0.202481713594627,0.101484645108806,0.855867541671656,0.686041469926504,0.107900009559839,0.667785234899329,0.652170258418407
133,"celegans_interactomes_BPmaps","Biological",345,400,6.55279743849006,-0.351629312644532,0.00674081563869228,0.0503106822255758,0.9375346787027,0.0173160173160173,2.31884057971015,1,0.331772031187594,0.161388080634713,0.074654533198517,0.964025590771972,0.819276934640954,0.100824793191528,0.913457556935818,0.774561697223214
134,"celegans_interactomes_Genetic","Biological",683,1543,4.98089762690906,-0.055480068198737,0.00662507567528113,0.3344740529243,0.554589892714283,0.187363546146212,4.51830161054173,3,0.219506736265227,0.230227319308238,0.0754863612748655,0.954239008527371,0.805076554444038,0.0954686630632862,0.880725789583769,0.734016999151281
135,"celegans_interactomes_IntegratedNetwork","Biological",5966,177161,3.52006494471747,0.151697969602313,0.00995644781169853,0.459684344855294,0.401762188287746,0.471944899756366,59.3902111967818,8,0.0559456950428344,0.289225328768445,0.157855790243624,0.928448154645349,0.849814531935969,0.103685293823454,0.904762016394601,0.860297841155968
136,"celegans_interactomes_Interolog","Biological",2378,13179,4.56162806372961,-0.0578898070337159,0.00466306448856489,0.413084318285252,0.48190393157917,0.435396376962028,11.0841042893188,4,0.29450706947025,0.273887530570668,0.108925492516063,0.964410044480581,0.84680605025186,0.0893919558881197,0.951717907983678,0.950435021462112
137,"celegans_interactomes_LCI","Biological",117,123,3.71868552903036,-0.628580790884327,0.0181255526083112,0.338649057099678,0.693058762404307,0.00363284088156939,2.1025641025641,1,0.933815850695342,0.381589396335762,0.757736516357206,0.925399722333742,0.959665290396701,0.100196140189636,0.99278252611586,0.29563948038228
138,"celegans_interactomes_Microarray","Biological",2333,136859,3.63910342987004,-0.0697333900244208,0.0503106667774397,0.674553607168959,0.177787217100231,0.517987645852257,117.324474924989,30,0.138542443762334,0.259845728674213,0.348917463582766,0.827213197547813,0.8941092712213,0.122985593099036,0.805293037872988,0.70344114209425
139,"celegans_interactomes_Phenotypes","Biological",889,22652,2.24721065272246,-0.0325009134245552,0.0573880967581755,0.694305747763107,0.214560892049746,0.354352564475316,50.9606299212598,33,0.0450653874587711,0.335794035396682,0.337882173512095,0.838496641732992,0.83662110568899,0.0636682536367895,0.777989289800313,0.482584148635603
140,"celegans_interactomes_WI8","Biological",2214,3538,5.32068858118917,-0.19184971681638,0.00144420483216732,0.0454753243346992,0.91097117341307,0.0198809674559959,3.19602529358627,1,0.0847059321521278,0.191251625158599,0.0432914481276158,0.97061557728069,0.850185030890289,0.0893404799650813,0.95966895695893,0.751066188147428
141,"celegans_interactomes_wi2004","Biological",1084,1602,5.16690346958871,-0.22282803860956,0.00272919626703192,0.0581780259355525,0.915928851906564,0.0164579236103923,2.95571955719557,1,0.165517237948323,0.187653196102929,0.0655995202611306,0.966471741013307,0.850231734618539,0.0941877409067075,0.954597586516406,0.731108447982836
142,"celegans_interactomes_wi2007","Biological",1108,1500,5.71804141025766,-0.25263308072543,0.00244587283417961,0.0405356906756542,0.919840893320699,0.0166058394160584,2.70758122743682,1,0.185757902662726,0.183688293728241,0.0734348859734085,0.959135233356111,0.86830024575633,0.0964459822589823,0.963791473268007,0.72299409531068
143,"celegans_metabolic","Biological",453,2025,2.66378518822403,-0.225820887968329,0.019779640157065,0.655140449098203,0.226073941641082,0.124436360880603,8.94039735099338,5,0.475666200212461,0.542583583961084,0.504556643028776,0.922071796994527,0.929664382282846,0.0751169655142682,0.959706038505602,0.452417592663879
144,"celegansneural","Biological",297,2148,2.45531895531896,-0.163199210315705,0.0488670488670489,0.307914537078583,0.280941814427215,0.180711471266077,14.4646464646465,12,0.299472241126469,0.373313574841728,0.403835653835654,0.815404177980308,0.741022956185197,0.059769123612268,0.846173174531383,0.425950710945739
145,"centrality_literature_(1948-1979)","Informational",118,613,2.374185136897,-0.201911215681481,0.0888019701579024,0.416657504569984,0.326129326500687,0.274032510933245,10.3898305084746,7,0.226852676491362,0.519226362076799,0.475300593944662,0.80928263582851,0.816958126019553,0.0879950845305147,0.760657421674371,0.479013315347178
146,"chicago_road","Transportation",12979,20627,41.9689520149142,-0.119110576145086,0.000244915945932599,0.0439215987308397,0.847478822960607,0.0455460445865864,3.17851914631328,3,0.238744429899649,0.0231027397036441,0.000294458379849493,0.997446092357557,0.814867497952043,0.0876506226155223,0.692162063993484,0.990676206284036
147,"college_freshmen","Social,Offline",32,422,1.1491935483871,-0.138783568060244,0.850806451612903,0.913049541324921,0.0266279795077999,0.903676338078933,26.375,28,0.00941404182616395,0.244338946530458,0.149193548387097,0.125227536766113,0.471840488917571,0.0601794523284123,0.756048387096774,0.0816291911235414
148,"collins_yeast","Biological",1004,8319,5.5492288076011,0.556451404222872,0.0165221467072885,0.722337583946265,0.200758397561108,0.617167692864904,16.5717131474104,11,0.171502744011637,0.179100785309959,0.110097992873968,0.931450849424558,0.855974773957636,0.112147542235238,0.771308466919723,0.886285302078631
149,"contact","Social,Offline",274,2124,2.42402609555894,-0.474322220075135,0.0567899254030641,0.902886682547392,0.087716323782709,0.566413878814011,15.5036496350365,2,0.139731259103882,0.382653313153937,0.313173444560306,0.78411755553711,0.923324401053751,0.0870532066995021,0.850039748500398,0.676717081455657
150,"contiguous_usa","Transportation",49,107,4.16326530612245,0.233396512509476,0.0909863945578231,0.507043650793651,0.210813556076381,0.406175771971496,4.36734693877551,4,0.295273596455946,0.216424846980615,0.0756802721088435,0.71158852611472,0.614469667312998,0.1136391557648,0.5,0.421132486196178
151,"copenhagen_calls","Social,Offline",347,477,7.39651180223551,0.0786873359243668,0.00794589462111242,0.248502697282051,0.675793076893632,0.177917981072555,2.7492795389049,2,0.414331557738421,0.178096289805693,0.0440772267661708,0.956402905182586,0.749116382317892,0.126883029764838,0.813320525136087,0.801053134307517
152,"copenhagen_fb_friends","Social,Offline",800,6418,2.98002503128911,0.182411789954859,0.020081351689612,0.32302276029718,0.305583728462969,0.244309027674564,16.045,13,0.0357885895975868,0.248950540650685,0.106326658322904,0.88336857027838,0.670363706072976,0.0666336875267221,0.729430693069307,0.573358461561586
153,"copenhagen_sms","Social,Offline",457,628,7.33043494951822,0.0980723543517499,0.00602710276786057,0.218825953163303,0.70808222057267,0.151612903225806,2.74835886214442,2,0.196073424433618,0.140879835069125,0.0180957042496833,0.945647744146485,0.720078295169418,0.105789253616841,0.682514422120549,0.728439291801376
154,"cora","Informational",23166,89157,5.86056229945718,-0.0553083278413821,0.000332278381058869,0.307143366814021,0.500155471726299,0.11687475617408,7.6972286972287,5,0.176505310443826,0.203083299744391,0.0159422737449934,0.992604326334156,0.839381146515764,0.0684615461043138,0.965044125079492,0.908811239353172
155,"deezer_europe","Social,Online",28281,92752,6.44980450037002,0.104126978140792,0.000231941847293581,0.178204730724607,0.67885382460939,0.0959222636467103,6.55931544146247,4,0.113652253759045,0.173019126449956,0.0058500949278125,0.996131756814383,0.847924094134454,0.0795069662838382,0.935584988853557,0.959548956506158
156,"digg_reply","Social,Online",29652,84781,4.67305827358582,0.00265252887902063,0.000192856905599087,0.00861075776971705,0.960683121253262,0.00559831257463109,5.71840010791852,2,0.0337067795026068,0.219585551729265,0.00935150922033258,0.986766551778545,0.883959559256517,0.0653386457582128,0.967307456721765,0.720633584076636
157,"diseasome_shared","Biological",516,1188,6.50899375329269,0.0666455838610743,0.00894107021901106,0.770160887053976,0.20891163269516,0.430470563410002,4.6046511627907,4,0.45954698712604,0.185464777240848,0.0881463084217656,0.964008069978914,0.899203481931573,0.106701836576053,0.863875968992248,0.866606707255485
158,"dnc","Social,Online",849,10384,2.75951452319043,-0.133099873628863,0.0288463675356135,0.785767953650334,0.170707060874876,0.548178231681099,24.4617196702002,4,0.367256375707277,0.437571479588331,0.40511589661533,0.885487754483759,0.951811115552184,0.0845313429564915,0.917620474215189,0.756383015014364
159,"dutch_school_klas12b-net-1","Social,Offline",26,63,2.84,0.207975115565732,0.193846153846154,0.588698412698413,0.260178494391717,0.507692307692308,4.84615384615385,4,0.218756701855649,0.25123929117083,0.206153846153846,0.597448054295021,0.586881076130152,0.131946286974576,0.423076923076923,0.454372991042588
160,"dutch_school_klas12b-net-2","Social,Offline",26,101,1.68923076923077,-0.222653782676909,0.310769230769231,0.707365839288916,0.138483472029819,0.539568345323741,7.76923076923077,7,0.517899682539682,0.845134805551526,0.689230769230769,0.617620169273812,0.869483843537415,0.0677117765133177,0.716923076923077,0.319530123856467
161,"dutch_school_klas12b-net-3","Social,Offline",26,164,1.49538461538462,-0.334167285938403,0.504615384615385,0.779523190484729,0.117012246534718,0.644155844155844,12.6153846153846,12.5,0.103675998075998,0.664663417962282,0.495384615384615,0.437691410027202,0.728227725345738,0.0923659236750955,0.673846153846154,0.196223723336658
162,"dutch_school_klas12b-net-4","Social,Offline",26,111,1.65846153846154,-0.254041570438799,0.341538461538462,0.640546974393128,0.144451574495721,0.489189189189189,8.53846153846154,7.5,0.360352380952381,0.822121295059008,0.658461538461538,0.606765785478277,0.799931464174455,0.0670048428617497,0.655384615384616,0.24110313557815
163,"ecoli_transcription_v1.0","Biological",329,456,4.84133367929424,-0.263392113752539,0.00845133071391504,0.221586992793674,0.764953167535205,0.0232603217677845,2.77203647416413,1,0.574193281145361,0.264088846580188,0.211060864408036,0.965510432725699,0.885237345370809,0.104437872594303,0.960908476865924,0.683811815998546
164,"ecoli_transcription_v1.1","Biological",328,456,4.83370627284255,-0.264793826083365,0.00850302081002461,0.22728923373356,0.756194651256205,0.0243196294151708,2.78048780487805,1,0.568483352282517,0.263425423347415,0.211680465428507,0.96499985842992,0.884837035124658,0.104490149163222,0.961466802168022,0.681963510548478
165,"ego_social_facebook_combined","Social,Online",4039,88234,3.69250684969639,0.0635772291856491,0.0108199635034393,0.617003833629296,0.184123511677273,0.519174277543307,43.6910126268878,25,0.479969955057784,0.367199755897526,0.247971517427715,0.960002207632736,0.98763054118988,0.0710036379422004,0.922186433469841,0.942396985962244
166,"email_network","Social,Online",1133,5451,3.60603201731542,0.0782009625658143,0.00850021363589582,0.254032083512386,0.486622452337607,0.166250064823938,9.62224183583407,7,0.0372185234397957,0.201961302099075,0.0542206344206413,0.92462799908836,0.743855257666053,0.0723805994943713,0.76087415934264,0.612397330764727
167,"email_network_(uni._r-v,_spain,_2003)","Social,Offline",1133,5451,3.60603201731542,0.0782009625658143,0.00850021363589582,0.254032083512386,0.486622452337607,0.166250064823938,9.62224183583407,7,0.0372185234397957,0.201961302099075,0.0542206344206413,0.92462799908836,0.743855257666053,0.0723805994943713,0.76087415934264,0.612397330764727
168,"eu_airlines","Transportation",417,2953,2.75816270060874,-0.151804132741938,0.0340458402508762,0.505418653430679,0.330399152279293,0.303520449204271,14.1630695443645,5,0.112645470373676,0.351667976340347,0.235184928979893,0.85178951654909,0.881149252688314,0.0887472941854694,0.80168722165125,0.648077650789118
169,"european_airline_network","Transportation",417,2953,2.75816270060874,-0.151804132741938,0.0340458402508762,0.505418653430679,0.330399152279293,0.303520449204271,14.1630695443645,5,0.112645470373676,0.351667976340347,0.235184928979893,0.85178951654909,0.881149252688315,0.0887472941854694,0.80168722165125,0.648077650789118
170,"euroroad","Transportation",1039,1305,18.3951461405939,0.0900398138005562,0.00242006820697981,0.0215382205513785,0.946241160230183,0.0352552331986779,2.51203079884504,2,0.257802976835435,0.0580116579448543,0.0072138431610356,0.979583386953357,0.748120364681075,0.127878992185424,0.789027911453321,0.90797987007488
171,"euroroad_network_(2011)","Transportation",1039,1305,18.3951461405939,0.0900398138005562,0.00242006820697981,0.0215382205513785,0.946241160230183,0.0352552331986779,2.51203079884504,2,0.257802976835435,0.0580116579448545,0.0072138431610356,0.979583386953357,0.748120364681075,0.127878992185424,0.789027911453321,0.907979870074898
172,"faa_preferred_routes_(2010)","Transportation",1226,2408,5.92895562140027,-0.0152027501317667,0.00320671172220928,0.0733077577701235,0.86393951924214,0.0638923368393545,3.92822185970636,2,0.192551814850228,0.169896903039392,0.0245483903186071,0.948611519016118,0.753831853049458,0.084446003600729,0.856155839170905,0.773852173142918
173,"faa_routes","Transportation",1226,2408,5.92895562140027,-0.0152027501317667,0.00320671172220928,0.0733077577701235,0.86393951924214,0.0638923368393545,3.92822185970636,2,0.192551814850228,0.169896903039392,0.0245483903186071,0.948611519016118,0.753831853049458,0.084446003600729,0.856155839170905,0.773852173142917
174,"facebook_friends","Social,Online",329,1954,3.58421676921936,0.0738813460197379,0.0362146934539254,0.650790327575783,0.211338560132974,0.512061135797646,11.8784194528875,8,0.201202772812222,0.292644811598817,0.155858477277782,0.883630954554519,0.862847288381414,0.0957327666205259,0.686399382448014,0.750117676299193
175,"facebook_organizations_L1","Social,Online",5793,30753,6.26340348849297,0.0436497470064719,0.00183309681240362,0.243360675522844,0.610549750343468,0.264582166869769,10.6172967374417,2,0.317600209168051,0.200413395046762,0.0534155219721268,0.983418454683963,0.932272508272467,0.0884196601380689,0.941628905575695,0.925213428759837
176,"facebook_organizations_L2","Social,Online",5524,94218,3.50384095841457,0.103868559901279,0.00617639643473681,0.361059603645687,0.282656834716855,0.222391160234445,34.1122375090514,25,0.072398440672844,0.274143532007377,0.0693260478890003,0.956126131897497,0.817226178477383,0.0711684568978066,0.862087737485609,0.6894326273898
177,"facebook_organizations_M1","Social,Online",1429,19357,3.0361313174675,0.112314257269445,0.0189717594525564,0.421151707485239,0.250502709993215,0.260638710992002,27.0916724982505,17,0.0644179507658462,0.312602038157242,0.218423198530637,0.931931462315754,0.76998412379698,0.0783609398209024,0.865945820973472,0.68769362265236
178,"facebook_organizations_M2","Social,Online",3862,87324,2.7619326221087,0.0886070652827016,0.011712552365064,0.308965287980563,0.23094249953347,0.225311201301246,45.2221646815122,37,0.0125771161513992,0.223233671167219,0.0732395325870209,0.922222809815165,0.638280503830894,0.0338548148478308,0.796538505260765,0.476495280175657
179,"facebook_organizations_S1","Social,Online",320,2369,2.70679858934169,-0.0217197976651672,0.0464145768025078,0.492610175106794,0.279670632473613,0.287704616516461,14.80625,11,0.143274659606515,0.366903372381012,0.307817398119122,0.869144458473819,0.776854931566365,0.0837512876411907,0.797621681415929,0.553553164291722
180,"facebook_organizations_S2","Social,Online",165,726,2.87812269031781,-0.0728779851804126,0.0536585365853659,0.498568619786731,0.293079846543632,0.329760126526667,8.8,6,0.314892395547647,0.419724319892017,0.330487804878049,0.853626852459717,0.779716179939863,0.0951651408085995,0.775276575276575,0.52245238708968
181,"faculty_hiring_networks_(comp._sci.,_business,_history)_1","Economic",206,2741,1.92668718920199,-0.13750627579129,0.129812929197253,0.370659430476562,0.176040568595648,0.297509060282783,26.6116504854369,19,0.232837206389197,0.681658303021972,0.709211461046649,0.776242063576409,0.750015700966216,0.0447516162353831,0.800462858433055,0.373645210495952
182,"faculty_hiring_networks_(comp._sci.,_business,_history)_2","Economic",113,2944,1.53476611883692,-0.200650398689599,0.465233881163085,0.656665892514396,0.0784451855288605,0.599833685949291,52.1061946902655,50,0.0290155960612386,0.665970294167414,0.525837547408344,0.466982771502731,0.546707495939338,0.0750817539108388,0.621462170134736,0.209208193293404
183,"faculty_hiring_networks_(comp._sci.,_business,_history)_3","Economic",145,2266,1.79061302681992,-0.275130999721609,0.217049808429119,0.541322245855889,0.148868648464637,0.385771671741443,31.2551724137931,24,0.0875203888568452,0.633171317602897,0.644061302681992,0.666137063020869,0.78057874209227,0.0534997072236686,0.738932146829811,0.300726196901189
184,"family_planning_in_korea_1","Social,Offline",33,68,3.13068181818182,-0.0211737629459147,0.128787878787879,0.588311093668237,0.295415471953425,0.383720930232558,4.12121212121212,4,0.50888176843318,0.348077269364573,0.277462121212121,0.746740992818901,0.78364417989418,0.120410314760163,0.594405594405594,0.56504771291266
185,"family_planning_in_korea_2","Social,Offline",35,84,3.23361344537815,0.199210355340097,0.141176470588235,0.361099664224664,0.408212773630446,0.399141630901288,4.8,4,0.180295022599993,0.284147434514841,0.241176470588235,0.737461364860109,0.606236881685029,0.124253190159569,0.538461538461538,0.529076667354994
186,"fao_multiplex_trade_network","Economic",183,945,2.01489221161352,-0.7451239663847,0.0567465321563682,0.731393415600653,0.163391002067354,0.113657142857143,10.327868852459,5,0.411600265961773,0.815351861196159,0.838857863448027,0.840470449108169,0.975362086382937,0.0437316156964609,0.943276677059238,0.413251985360354
187,"florentine_families","Social,Offline",15,27,2.08571428571429,-0.478628673196794,0.257142857142857,0.474489795918367,0.300799558864075,0.340909090909091,3.6,4,0.420722135007849,0.332503779766808,0.314285714285714,0.404599719869547,0.631161236424394,0.0742000652480991,0.666666666666667,0.213708641798351
188,"foldoc","Informational",13356,91471,3.87305296458394,-0.012124668486639,0.00102563567805192,0.337872733568879,0.263510668612263,0.11319453494939,13.6973644803833,11,0.116571288255103,0.284045903165248,0.0534857832661637,0.990153141341908,0.750946760268066,0.0495601460164865,0.979468420169229,0.628055717473783
189,"foodweb_baywet","Biological",128,2075,1.77632874015748,-0.111663001738402,0.255290354330709,0.334622181149526,0.176844192968339,0.311915412769418,32.421875,31,0.0879876852139386,0.635739003980031,0.610851377952756,0.675816845686602,0.58510661488988,0.0462803186717152,0.716051136363636,0.259654966553622
190,"foodweb_little_rock","Biological",183,2434,2.1466402450009,-0.266385166743392,0.146159851077884,0.324400693922585,0.407783726503807,0.332251199011367,26.6010928961749,25,0.103949169305913,0.453453622881204,0.430763225845193,0.719924626738974,0.812535531731051,0.0660934772025057,0.750507416081187,0.428025734376186
191,"fungal_growth_networks_1","Biological",305,465,13.1272001725626,-0.0242981914934638,0.010030198446937,0.148035714285714,0.632890415722433,0.153345724907063,3.04918032786885,3,0.231291733870811,0.0671695368737888,0.0162855910267472,0.978199126127209,0.633311142837643,0.11024471167741,0.894262295081967,0.917434269963186
192,"fungal_growth_networks_10","Biological",251,399,12.2894023904382,-0.053232870579589,0.0127171314741036,0.182147676884519,0.580903258228179,0.168574401664932,3.1792828685259,3,0.382026574276531,0.0605426713296711,0.0272828685258964,0.968462061698104,0.643754616545547,0.0994674770003239,0.943426294820717,0.853948970520137
193,"fungal_growth_networks_11","Biological",192,307,9.65559554973822,-0.0999691593193293,0.0167430191972077,0.21358166922683,0.512248742599357,0.201342281879195,3.19791666666667,3,0.246937414308957,0.0679930879048435,0.0303773996509599,0.957796336456619,0.567217369847689,0.069636952472533,0.916666666666667,0.856096482525808
194,"fungal_growth_networks_12","Biological",199,311,9.68275722044566,-0.0304864526396816,0.0157860007106238,0.131613064073797,0.653558788047976,0.133148404993065,3.12562814070352,3,0.302243945986547,0.0906821819510616,0.0195675346429115,0.94067635173552,0.58142600052325,0.0919619461137456,0.902368987796123,0.728246859209118
195,"fungal_growth_networks_13","Biological",283,437,14.3793449114102,-0.0463849212192616,0.010951557527003,0.150458221024259,0.62941579897868,0.139328063241107,3.08833922261484,3,0.399255921850918,0.0508683636835596,0.013871137508458,0.945239075929991,0.700915886126803,0.10447151839923,0.887935386168602,0.771227227628209
196,"fungal_growth_networks_14","Biological",305,477,13.8126617773943,-0.0248692282206015,0.0102890422778257,0.152766830870279,0.604159836412348,0.147584973166369,3.12786885245902,3,0.238930923508548,0.0466268592889113,0.0160267471958585,0.974613886673554,0.627903212290323,0.0974186029121364,0.90655737704918,0.91296949079735
197,"fungal_growth_networks_15","Biological",281,429,13.9585663446873,0.000988165000575328,0.0109049313675648,0.170467205750225,0.592375688578187,0.168224299065421,3.05338078291815,3,0.36787788119294,0.0627904206799356,0.0176664972038638,0.973716061031827,0.698893919760189,0.0963704563882482,0.921708185053381,0.899584111015203
198,"fungal_growth_networks_16","Biological",311,474,14.534861528887,-0.0123760203633793,0.00983300487501297,0.146985210466439,0.628260316383222,0.143266475644699,3.04823151125402,3,0.348333853147799,0.0470162327582346,0.00952183383466445,0.964849169482558,0.640779917589186,0.0938894040646966,0.897106109324759,0.903533637508563
199,"fungal_growth_networks_17","Biological",224,348,12.3848094170404,0.032859941234083,0.0139333760409994,0.172169811320755,0.543638685104633,0.164588528678304,3.10714285714286,3,0.420383323809964,0.0651867090839238,0.0129724535554132,0.941722588767323,0.635661302107713,0.100827231213008,0.875,0.839834808390689
200,"fungal_growth_networks_18","Biological",257,302,14.6988083657588,-0.133826362915108,0.00918044747081712,0.092638036809816,0.722699152426894,0.092057761732852,2.35019455252918,3,0.557455623851103,0.066908132871222,0.0103508025291829,0.935041596440054,0.741928108752461,0.10935156440648,0.791439688715953,0.830039004749092
201,"fungal_growth_networks_19","Biological",411,488,17.5384368880185,-0.174081725197763,0.00579194113109014,0.0899739583333333,0.750733520615193,0.0895522388059701,2.37469586374696,3,0.523011658625101,0.059652078658286,0.00884220521037327,0.965635535375964,0.751752435143435,0.100631909373468,0.795620437956205,0.892156338347531
202,"fungal_growth_networks_2","Biological",142,159,10.5111377484767,-0.313150416741905,0.0158825292178604,0.0677023398542386,0.806203239631001,0.0542168674698795,2.23943661971831,3,0.300814608827284,0.0761752770594783,0.0692238537608631,0.976498852485203,0.700314159409806,0.103781843193381,0.903755868544601,0.910196136071265
203,"fungal_growth_networks_20","Biological",176,199,13.4807792207792,-0.220820876930743,0.0129220779220779,0.0666666666666666,0.807234432234432,0.0681818181818182,2.26136363636364,3,0.460477222613183,0.0653376047104317,0.0156493506493506,0.948222650697357,0.727516052223613,0.106043119076831,0.786363636363637,0.876551199301003
204,"fungal_growth_networks_21","Biological",116,134,11.4610194902549,-0.217249952189711,0.0200899550224888,0.0938095238095238,0.728536746854999,0.0833333333333333,2.31034482758621,3,0.54697177726926,0.0850820188083939,0.0320839580209895,0.956477832584411,0.746848327180015,0.115868675489783,0.816091954022989,0.903396248310485
205,"fungal_growth_networks_22","Biological",318,381,10.5587762633177,-0.0875711185406767,0.00755907386465091,0.0806122448979592,0.765097911933355,0.0823529411764706,2.39622641509434,3,0.713080585896607,0.141815414401878,0.0208320933277781,0.960880013874297,0.731424441616566,0.110736624422111,0.850454227812719,0.773775281732147
206,"fungal_growth_networks_23","Biological",339,369,11.989701698347,-0.148186943528759,0.00644080222024402,0.0533333333333333,0.854064039408867,0.0475504322766571,2.17699115044248,3,0.716927754297975,0.118481964988493,0.0201864167146672,0.97534824450244,0.79941867818781,0.108384669441562,0.854473942969518,0.823440761512529
207,"fungal_growth_networks_24","Biological",359,443,11.9982259846563,-0.0192095789469905,0.00689376137937474,0.0826502732240437,0.784511784511784,0.0784090909090909,2.46796657381616,3,0.644361510422875,0.119285205649489,0.02103919951448,0.981620142274338,0.728958329797602,0.111462088949372,0.901949860724234,0.916047239192887
208,"fungal_growth_networks_25","Biological",386,460,11.5306103223202,-0.0938555891315718,0.00619070049121863,0.0716303470540759,0.792242133652981,0.0715835140997831,2.38341968911917,3,0.722687876674021,0.130407651616511,0.0171859228854048,0.958136263758911,0.745356926352245,0.111029954293227,0.85146804835924,0.772065862505944
209,"fungal_growth_networks_26","Biological",346,417,10.2510848621932,-0.0893243169502128,0.00698668007036944,0.100653644160653,0.691885319663097,0.0787172011661808,2.41040462427746,3,0.78111808406388,0.150167739673045,0.0509843344223842,0.979414723859178,0.756204937832947,0.12994977492622,0.919942196531792,0.868573571936985
210,"fungal_growth_networks_27","Biological",254,286,9.68659549967321,0.00117140525013874,0.00890106128038343,0.0520873925129244,0.848414677591735,0.0460750853242321,2.25196850393701,3,0.702636914410947,0.148553686949325,0.0464349070990632,0.971739196130063,0.747509266938773,0.125889626408659,0.906636670416198,0.843772721745836
211,"fungal_growth_networks_28","Biological",158,200,6.64258647101508,0.0789049919484702,0.0161251310166895,0.0975814536340852,0.706756213984573,0.0792452830188679,2.53164556962025,3,0.773252867041661,0.23510040189823,0.0857856970087882,0.942756945877542,0.728374706816921,0.132570501017095,0.89003164556962,0.7106039640646
212,"fungal_growth_networks_29","Biological",120,163,4.97254901960784,-0.0412335035294774,0.0228291316526611,0.165759245857225,0.598482924504464,0.112561174551387,2.71666666666667,3,0.779362820473581,0.322034313389971,0.170448179271709,0.933353035802662,0.732702124708295,0.127910991647183,0.913768115942029,0.649917787385687
213,"fungal_growth_networks_3","Biological",223,276,7.60521956934513,-0.0143955304528679,0.0111501636165313,0.0913316624895572,0.745653110434683,0.0822454308093995,2.47533632286996,3,0.763081499501744,0.205056234795446,0.0744354219690543,0.961820385989923,0.737148378917442,0.127340538526536,0.908425772952561,0.790617870483171
214,"fungal_growth_networks_30","Biological",182,224,7.83601481391537,0.0756464739438058,0.0135996600084998,0.107605177993528,0.69812767212148,0.0987868284228769,2.46153846153846,3,0.738301593238052,0.184171495772283,0.0747981300467488,0.953395033536051,0.73983692773217,0.133000472042579,0.894230769230769,0.770867727747939
215,"fungal_growth_networks_31","Biological",132,171,5.85380522785103,-0.0237582685275722,0.0197779319916724,0.147215235357528,0.655680573168337,0.109271523178808,2.59090909090909,3,0.753744133612439,0.262300334553335,0.155794587092297,0.941968571120234,0.717816201646196,0.1396041159908,0.922924901185771,0.700758654077852
216,"fungal_growth_networks_4","Biological",322,404,9.73425436814303,0.0161820903754482,0.00781718619995743,0.0811833001306686,0.769620211569411,0.0755813953488372,2.50931677018634,3,0.745383071753153,0.154911666451023,0.0513728449526905,0.973180963135869,0.751668704422457,0.130275902665263,0.912062765609676,0.849768838870404
217,"fungal_growth_networks_5","Biological",146,175,7.59518186112423,0.00197889182058045,0.0165328294756731,0.0933333333333333,0.733838155515371,0.0857142857142857,2.3972602739726,3,0.712157564547576,0.1743314793489,0.0938119981105338,0.95367499712813,0.737616788300279,0.128779961740989,0.901541095890411,0.781399752668363
218,"fungal_growth_networks_6","Biological",121,154,5.84793388429752,-0.0317426752190973,0.0212121212121212,0.150970933828077,0.651645543769161,0.112781954887218,2.54545454545455,3,0.739245592681518,0.257798113624542,0.162121212121212,0.939333132169577,0.71221198640735,0.14166654319178,0.923365890308039,0.700087236724247
219,"fungal_growth_networks_7","Biological",332,412,9.89014668947694,0.0134806899200751,0.00749827102973829,0.0757444959199346,0.786240688350424,0.0721847930702599,2.48192771084337,3,0.748005409113397,0.153310976103364,0.0499035416590835,0.974128156043219,0.753963756275134,0.129767269022019,0.912492073557388,0.854900045045479
220,"fungal_growth_networks_8","Biological",84,86,5.92512908777969,-0.145733490068421,0.0246701090074584,0.0336054421768707,0.905929983329364,0.0266666666666667,2.04761904761905,1,0.807618366501563,0.246085158442073,0.156052782558807,0.939229654689033,0.792721120371754,0.130374508196031,0.931746031746032,0.711123899985384
221,"fungal_growth_networks_9","Biological",187,218,9.93887643033753,-0.0521507950128413,0.0125352193663389,0.105111336032389,0.7349020634379,0.0833333333333333,2.33155080213904,3,0.698166397406772,0.129487787091169,0.0949916623540912,0.966172444342882,0.759400832200811,0.139032971933058,0.929411764705882,0.841672209136485
222,"garfield's_citation_networks_(2001)_1","Informational",207,777,2.63406969654331,-0.29875323679806,0.0364429435767553,0.42073793633627,0.43996956596791,0.17961383026493,7.50724637681159,4,0.526292971553683,0.492994364843639,0.473265794287322,0.89219035418869,0.924174192434284,0.0778431619108581,0.901173222912353,0.575184987924952
223,"garfield's_citation_networks_(2001)_2","Informational",1024,4916,2.981377535435,-0.192505072191768,0.00938569159335288,0.348618181615593,0.446787133137138,0.0941608374262043,9.6015625,6,0.210145657780937,0.364515792547301,0.2173982771261,0.932362393668818,0.890938244339311,0.0621868986413278,0.936371901939655,0.515203838885663
