"Name","DegreeCentrality","BetweennessCentrality","ClosenessCentrality","EigenvectorCentrality"
"7th_graders",1.53448275862069,0.0950562526313052,0.556072515467829,0.39528876449502
"add_health_comm1",0.193520886615516,0.126293752978183,0.219554328689177,0.847212584908292
"add_health_comm10",0.0307969830459733,0.0460303678585218,0.119253001875668,0.922416677510464
"add_health_comm11",0.0546080351314462,0.0918454716816194,0.171356833070342,0.854638855551629
"add_health_comm12",0.0476882901062378,0.0326298923640129,0.117764366358456,0.975631077164505
"add_health_comm13",0.0260664727838112,0.0491001982778471,0.05690335080612,0.918051405298751
"add_health_comm14",0.0500884922069766,0.0531578654717768,0.155908932985975,0.900436780466358
"add_health_comm15",0.0215711646085933,0.0257502414380668,0.112796253958355,0.968019831143038
"add_health_comm16",0.0249625313892666,0.0297061317779744,0.149984159144466,0.960056529811202
"add_health_comm17",0.0232920867890975,0.0194216368942335,0.122658898743971,0.886594540790228
"add_health_comm18",0.0578062011645847,0.0401282233980499,0.153442850343599,0.812579374153386
"add_health_comm19",0.0348798701836306,0.0398069826905326,0.121802896838959,0.945348111299447
"add_health_comm2",0.168131868131868,0.16992189492635,0.0951009275357346,0.824606333476693
"add_health_comm20",0.0225607176102226,0.0279852165403831,0.134237990809671,0.946340761554139
"add_health_comm21",0.0459534962469665,0.0509712566405795,0.121543817147289,0.920168231647331
"add_health_comm22",0.0420795893533697,0.0402399658272757,0.057860608659294,0.943316007139391
"add_health_comm23",0.0325175250212731,0.0167621164384773,0.120533154825122,0.931295019645403
"add_health_comm24",0.0225742890323575,0.0977641014009426,0.0366076057516507,0.957718030326948
"add_health_comm25",0.0250783797637129,0.0309097670186867,0.015033237073314,0.93894026104192
"add_health_comm26",0.0372281801682891,0.0656993208641589,0.125661830999056,0.954946406245813
"add_health_comm27",0.0105727878880204,0.0280488680387269,0.00669825617578528,0.991276000190107
"add_health_comm28",0.0193012475403932,0.0238652497108154,0.0558509213187,0.961840175326337
"add_health_comm29",0.0329958662343127,0.0247694907505626,0.136088299237929,0.911212244321721
"add_health_comm3",0.356854838709677,0.207200667562443,0.280466473418887,0.746963894226073
"add_health_comm30",0.0354424773604037,0.0332789331351138,0.127757374694925,0.942456898314197
"add_health_comm31",0.0261322680869951,0.29572320676173,0.0069944866763817,0.980246147166797
"add_health_comm32",0.028330388813564,0.0182934658863868,0.0466817882850534,0.919932411581333
"add_health_comm33",0.0106262204834952,0.0223743022001259,0.00901503598046839,0.975715019923125
"add_health_comm34",0.012644323054259,0.0278619951788037,0.0585169202691748,0.959721147527766
"add_health_comm35",0.0273201078316168,0.0468066136626507,0.144288074247348,0.922025327018795
"add_health_comm36",0.011066590592212,0.0267633947311919,0.0459997175747485,0.98820930927985
"add_health_comm37",0.0276528582547782,0.12299736645239,0.0122233133158606,0.981379653784209
"add_health_comm38",0.0615716816772479,0.0293702065628788,0.131381211536714,0.937947260779962
"add_health_comm39",0.0253993007777064,0.0233173860183286,0.0260548241680914,0.95603822921543
"add_health_comm4",0.0538002033553635,0.0382041524542446,0.163889579534713,0.836406291596235
"add_health_comm40",0.0162531122051362,0.014851892761944,0.0182583363992245,0.964486512149245
"add_health_comm41",0.0130017811045103,0.0189216687364947,0.100906657760746,0.978674802747732
"add_health_comm42",0.0192094799321822,0.0233856559433741,0.0584861950984236,0.953428973149302
"add_health_comm43",0.0105265423700382,0.0412484425693343,0.0270479387154497,0.948312594033979
"add_health_comm44",0.0204412601398579,0.0205462652264499,0.104631227324919,0.946441746184857
"add_health_comm45",0.0321883998354587,0.0577669052293578,0.00823857245303713,0.961334796313628
"add_health_comm46",0.0155383586559704,0.0161999808614223,0.103337967554227,0.956251199693931
"add_health_comm47",0.0213569394577195,0.276622074031369,0.144301741153726,0.959292498044494
"add_health_comm48",0.0199843803601276,0.0251939269656777,0.123947270864892,0.959309700418886
"add_health_comm49",0.0141161335132874,0.345942225590597,0.0232637178183348,0.978632605947874
"add_health_comm5",0.0894986117916054,0.0376811819763774,0.149868661462996,0.764019947819754
"add_health_comm50",0.0101592462548778,0.0100585540536512,0.0973830596221728,0.986838265748262
"add_health_comm51",0.0238725993224647,0.0816408566499155,0.0228022993184857,0.949355752777784
"add_health_comm52",0.0105325031361581,0.0412044352387402,0.0312735699392005,0.95878664137826
"add_health_comm53",0.0306071576948187,0.0924180323835254,0.0677026979141415,0.953602302400732
"add_health_comm54",0.0277562255227961,0.0482433019655531,0.0218207916502473,0.984556603645065
"add_health_comm55",0.0447405828002843,0.0951271142760534,0.0320297317919686,0.935403402466526
"add_health_comm56",0.0530054920139064,0.0722695761917497,0.0586735250666422,0.937176004505836
"add_health_comm57",0.030037495007229,0.238991213787444,0.0122285896979348,0.974020996238254
"add_health_comm58",0.016809944514562,0.0531632848188445,0.0106037056645486,0.981279309364533
"add_health_comm59",0.0210130047912389,0.034754067717176,0.0336772021043151,0.947294581257201
"add_health_comm6",0.154551748009692,0.0960260394255621,0.189128207288635,0.896822430328279
"add_health_comm60",0.0208303646807722,0.0549222979480906,0.0104789507291964,0.970655281892116
"add_health_comm61",0.0107930491854247,0.0636850684454842,0.00306733700286062,0.989644191964288
"add_health_comm62",0.0168256988808844,0.0318343831046953,0.0101233574702674,0.987966777238162
"add_health_comm63",0.121607405848938,0.083563919133039,0.0750679404771643,0.845695204983047
"add_health_comm64",0.0342636235838915,0.0234332166637187,0.0532058555537935,0.905761650426267
"add_health_comm65",0.0280775322035637,0.0348382513939049,0.0493409393719745,0.958006188629768
"add_health_comm66",0.0433092163094192,0.0199438710534553,0.127428136801451,0.914383070222929
"add_health_comm67",0.037941006362059,0.0860702449698207,0.00907886852775406,0.96624988512641
"add_health_comm68",0.0122399765659166,0.0371202954022895,0.0163081939629037,0.983806558893708
"add_health_comm69",0.0255412048870387,0.0325274995027386,0.0487816371781893,0.927539619343545
"add_health_comm7",0.0436662543805401,0.0604837668452732,0.0351403855848938,0.934382804046731
"add_health_comm70",0.205614035087719,0.113383488716095,0.265868978561773,0.697352617292289
"add_health_comm71",0.197334320621992,0.0849895791398035,0.189723601743371,0.73395509894252
"add_health_comm72",0.0594405594405594,0.067105368639852,0.160574121866006,0.924302670419611
"add_health_comm73",0.0125772411969079,0.0153181960935646,0.0455859479908826,0.981325009612436
"add_health_comm74",0.033131632843046,0.0828457192258637,0.0701407720412708,0.976233074942015
"add_health_comm75",0.0251924436852738,0.0242976221848797,0.109573091757797,0.950018124199614
"add_health_comm76",0.223145071982281,0.104836115606796,0.213990969274934,0.510481602580259
"add_health_comm77",0.35,0.0809378749770373,0.295233476519126,0.545354143603682
"add_health_comm78",0.0348994586233565,0.0506092747101898,0.0575817495525504,0.941707063457782
"add_health_comm79",0.0167553247408591,0.0179605971192693,0.0240938884878508,0.947848938231517
"add_health_comm8",0.0841302038056602,0.0369122602770878,0.148954225796809,0.895683100129665
"add_health_comm80",0.0449123046087633,0.0299747552701374,0.122817290879781,0.956226106868126
"add_health_comm81",0.0207371858480524,0.0263576449885306,0.111088416172723,0.979686743626796
"add_health_comm82",0.025954135954136,0.0164318710578587,0.0246470501734263,0.919595516071853
"add_health_comm83",0.0148889923538302,0.0362882219467565,0.0137441414379578,0.973855163668357
"add_health_comm84",0.0139598860576735,0.367161439213913,0.00604377013547465,0.987500079937961
"add_health_comm9",0.0720908972182317,0.0410005328806407,0.144947747137731,0.908913926825464
"adjnoun",0.373069498069498,0.232804321474986,0.432559513082356,0.835159619737549
"advogato",0.141841915071914,0.0887350522349977,0.00023617823395592,0.977499685147078
"aids_blogs_(2005)",0.272649976381672,0.48656616852782,0.35390842090855,0.89342985259187
"amazon_pages_(2012)",0.153335806652424,0.244899896444302,0.44199240077107,0.964679760236288
"amazon_political_books_(2004)",0.159615384615385,0.120443274155473,0.171951393782714,0.778721475567576
"aminer_citation_network_(2009)_2",0.246714537325566,0.266445842591822,0.353411610160462,0.86154090435072
"aminer_citation_network_(2009)_3",0.0965473145780051,0.476942493415277,0.213277176435041,0.885016465172521
"aminer_citation_network_(2009)_4",0.066710594953738,0.278084862239364,0.257476370902318,0.959042688812566
"anaheim_traffic_network_(1992)",0.0095227062094532,0.173961547825638,0.0643593807122479,0.890990982091792
"anybeat",0.68763006511371,0.530651385067698,0.484935859734712,0.992230130300557
"barcelona_traffic_(2016)",0.0130606386795838,0.129293176656332,0.0389529354627216,0.986543988354802
"berlin_traffic_(2005)_1",0.0208199871877002,0.290835108668429,0.114030947338052,0.93119732193272
"berlin_traffic_(2005)_2",0.0120092613795385,0.221694832922774,0.0524217413133342,0.962326593500124
"berlin_traffic_(2005)_3",0.00482219094187835,0.169053090266076,0.0396057712308675,0.98459439988679
"berlin_traffic_(2005)_4",0.00813753581661891,0.182776988772677,0.0478140046623898,0.961297606531243
"berlin_traffic_(2005)_5",0.0158805496335258,0.218500748438301,0.0444319489567292,0.970117285648187
"bible_nouns",0.199604934310621,0.203002352969293,0.00159971135173492,0.965391267117122
"binary_interactomes_(various_species;_2012)_1",0.142665392665393,0.271181486312385,0.172284098721097,0.950003194737055
"binary_interactomes_(various_species;_2012)_10",0.142665392665393,0.271181486312385,0.172284098721097,0.950003194737054
"binary_interactomes_(various_species;_2012)_11",0.739419291338583,0.953541240415814,0.602693887046648,0.929201925885163
"binary_interactomes_(various_species;_2012)_12",0.262857142857143,0.638952519783424,0.172295756758237,0.91905339818703
"binary_interactomes_(various_species;_2012)_13",0.307692307692308,0.298085714285714,0.30089470611863,0.703439561855475
"binary_interactomes_(various_species;_2012)_14",0.183467741935484,0.502323968088796,0.238794400538155,0.862235288936544
"binary_interactomes_(various_species;_2012)_15",0.0516744715110868,0.103430597446084,0.207793892847416,0.929920518481209
"binary_interactomes_(various_species;_2012)_16",0.0403993821645746,0.233885904060505,0.212629466099422,0.981236444248288
"binary_interactomes_(various_species;_2012)_17",0.0787979529335912,0.252185599879599,0.184754941525563,0.945246553816159
"binary_interactomes_(various_species;_2012)_2",0.102931571194308,0.230584503884464,0.244449365075153,0.92946451024362
"binary_interactomes_(various_species;_2012)_3",0.166666666666667,0.698862313517179,0.298109043766345,0.875047634369237
"binary_interactomes_(various_species;_2012)_4",0.0821299023015381,0.312534704316425,0.212332362805406,0.981875420601464
"binary_interactomes_(various_species;_2012)_5",0.259708737864078,0.801167709990962,0.304043095884651,0.939440048426419
"binary_interactomes_(various_species;_2012)_6",0.122093023255814,0.425354237336544,0.202215430157228,0.937435524925356
"binary_interactomes_(various_species;_2012)_7",0.164473684210526,0.482626533757789,0.257682209748475,0.924243260924571
"binary_interactomes_(various_species;_2012)_8",0.37037037037037,0.585895677253702,0.456153113359487,0.697398271223675
"binary_interactomes_(various_species;_2012)_9",0.431210986267166,0.6537159974226,0.295818183756863,0.919219413759014
"bitcoin",0.23141547402425,0.180394518266372,0.0225535728843664,0.967927063627568
"bitcoin_alpha",0.218689785045118,0.195408910922342,0.0319892523482922,0.974704265995305
"blumenau_drug",0.259099099099099,0.255590915304965,0.306837219135186,0.782103429283587
"budapest_connectome_all_1m",0.447819201134851,0.0494286742692118,0.433910142626775,0.649614847299247
"budapest_connectome_all_200k",0.408802868219314,0.058317921486763,0.406799875211863,0.666118663681829
"budapest_connectome_all_20k",0.322394846532778,0.0860889293174304,0.37120263329378,0.713837812287953
"budapest_connectome_female_1m",0.448280720164009,0.0572767959917687,0.434931076033674,0.666835195410715
"budapest_connectome_female_200k",0.405472158257304,0.065143725730109,0.406793030471875,0.682628352567449
"budapest_connectome_female_20k",0.327395769570836,0.0957705264743897,0.377963311542319,0.745748978067928
"budapest_connectome_male_1m",0.362281750080159,0.0573316855842706,0.380127185992572,0.671890246601593
"budapest_connectome_male_200k",0.331195771514074,0.0688657991986737,0.373474498300023,0.690780600973977
"budapest_connectome_male_20k",0.289595903654259,0.0883939784339138,0.36631126892342,0.763962328801142
"c._elegans_interactomes_(2009)_1",0.074654533198517,0.331772031187594,0.161388080634713,0.964025590771972
"c._elegans_interactomes_(2009)_2",0.0754863612748655,0.219506736265227,0.230227319308238,0.954239008527371
"c._elegans_interactomes_(2009)_3",0.757736516357206,0.933815850695342,0.381589396335763,0.925399722333742
"c._elegans_interactomes_(2009)_4",0.0655995202611306,0.165517237948323,0.187653196102929,0.966471741013307
"c._elegans_interactomes_(2009)_5",0.0734348859734085,0.185757902662725,0.183688293728242,0.959135233356111
"c._elegans_interactomes_(2009)_6",0.0432914481276158,0.0847059321521277,0.191251625158598,0.97061557728069
"c._elegans_interactomes_(2009)_7",0.403835653835654,0.299472241126469,0.373313574841728,0.815404177980309
"c._elegans_interactomes_(2009)_8",0.275560197003687,0.0984663162097208,0.324264205810896,0.826638218987477
"c._elegans_interactomes_(2009)_9",0.214267879931199,0.0669633613213561,0.271003774046552,0.746490111736312
"c._elegans_neurons_(1986)",0.403835653835654,0.299472241126469,0.373313574841727,0.815404177980308
"cat_brain_(2013)",0.352163461538462,0.0629385829272744,0.354956791003512,0.50722340564933
"cat_cerebral_hemisphere_1",0.386898096304591,0.0615885643942154,0.380128199960684,0.567239869333478
"cat_cerebral_hemisphere_2",0.33710407239819,0.0637839127767392,0.340770411522142,0.428948326584992
"celegans_2019_hermaphrodite_chemical_corrected",0.195777699400413,0.159283916038971,0.267180255931774,0.844716551716134
"celegans_2019_hermaphrodite_chemical_synapse",0.219848613602744,0.0546128784750981,0.00512940846073034,0.824346642544047
"celegans_2019_hermaphrodite_gap_junction_corrected",0.114366472284043,0.187809697515204,0.0800390448586773,0.941496853377972
"celegans_2019_hermaphrodite_gap_junction_synapse",0.270528763522394,0.1092983453632,0.00633464250573378,0.924496097160544
"celegans_2019_male_chemical_corrected",0.129061111431704,0.0957365387862577,0.247339835779566,0.900314410010887
"celegans_2019_male_chemical_synapse",0.197154471544715,0.0642044277054,0.238249228144598,0.844822072586719
"celegans_2019_male_gap_junction_corrected",0.0821491916576624,0.154833694645098,0.00385365436724349,0.918677178949578
"celegans_2019_male_gap_junction_synapse",0.208182831661093,0.0778065242506087,0.0813208495137467,0.860612663547036
"celegans_interactomes_BPmaps",0.0483893382250757,0.138755301818828,0.00238528037747208,0.976705871144101
"celegans_interactomes_Genetic",0.0683408595534327,0.178118297428814,0.00275521634133289,0.95883324280996
"celegans_interactomes_IntegratedNetwork",0.152762528581318,0.0522179994074861,0.000360516873916644,0.930852196360664
"celegans_interactomes_Interolog",0.0960281239433703,0.22453970721775,0.000658334271014901,0.969152629205656
"celegans_interactomes_LCI",0.2092267846544,0.0680372052681409,0.00106232747874151,0.981155351911176
"celegans_interactomes_Microarray",0.336171661895658,0.127109004470395,0.000986827083782624,0.834525046624467
"celegans_interactomes_Phenotypes",0.330555395073854,0.0428498768119787,0.00392335168281739,0.842578594744136
"celegans_interactomes_WI8",0.0387586220715012,0.0651418386383225,0.000713480817448794,0.97434780352445
"celegans_interactomes_wi2004",0.0576009920650493,0.12741277450848,0.0014953683004521,0.969121161859209
"celegans_interactomes_wi2007",0.0559011321159659,0.102408850439203,0.000995170392506459,0.981881648477309
"celegans_metabolic",1.37988630369806,0.527059265437961,0.542583583961084,0.98031034460263
"celegansneural",0.415927290927291,0.300574622343277,0.373313574841728,0.827730084694148
"centrality_literature_(1948-1979)",0.475300593944662,0.226852676491362,0.519226362076799,0.80928263582851
"chicago_road",0.000615466042440311,NA,0.0231027397036441,0.997485299115125
"college_freshmen",3.18145161290323,0.0301645936460199,0.244338946530458,0.323072306505565
"collins_yeast",0.0714474251710176,0.0662731645300077,0.0007615008890558,0.957601080940375
"contact",6.90783668885859,0.143783880438312,0.382653313153937,0.906553797561635
"contiguous_usa",0.0756802721088435,0.295273596455946,0.216424846980615,0.71158852611472
"copenhagen_calls",0.288910587250663,0.173709077535053,0.00241763680469856,0.999387474918845
"copenhagen_fb_friends",0.106292240300375,0.0357885895975868,0.248950540650685,0.883347690186298
"copenhagen_sms",5.44148222669349,0.129742231523181,0.00296560877285026,0.999816406930476
"cora",0.0160198787869843,0.176442867861807,0.203083299744391,0.992860034741542
"deezer_europe",0.0058500949278125,0.113652253759045,0.173019126449956,0.996131756814383
"digg_reply",0.0100087076518253,0.0331084497168926,6.9376532736472e-05,0.992549369620043
"diseasome_shared",0.176292616843531,0.459546987126041,0.185464777240849,0.964008069978914
"dnc",0.481019111387557,0.325392074959567,0.00254392740452443,0.909904094140049
"dutch_school_klas12b-net-1",0.24,0.241573619288717,0.25123929117083,0.604582397693332
"dutch_school_klas12b-net-2",0.956923076923077,0.506170697450697,0.845134805551526,0.650279597224439
"dutch_school_klas12b-net-3",1.36,0.224670320840723,0.664663417962282,0.613050120153187
"dutch_school_klas12b-net-4",1.55692307692308,0.473239615199615,0.822121295059008,0.701869433246761
"ecoli_transcription_v1.0",0.168506623845845,0.346350983187744,0.00378624836078701,0.975144191202402
"ecoli_transcription_v1.1",0.168879477440534,0.342454807438128,0.00379092612462538,0.974820085107366
"ego_social_facebook_combined",0.247971517427715,0.479969955057784,0.367199755897526,0.960002207632735
"email_network",0.108439709455182,0.0372185234397957,0.201961302099075,0.924627997634893
"email_network_(uni._r-v,_spain,_2003)",0.0542206344206413,0.0372185234397957,0.201961302099075,0.92462799908836
"eu_airlines",0.33363309352518,0.123216323309734,0.351667976340347,0.8964758388083
"european_airline_network",0.235184928979893,0.112645470373676,0.351667976340347,0.85178951654909
"euroroad",0.00646720431747249,0.203338090316873,0.00186635203972687,0.981935129923748
"euroroad_network_(2011)",0.0072138431610356,0.257802976835435,0.0580116579448545,0.979583386953356
"faa_preferred_routes_(2010)",0.0245483903186071,0.192551814850228,0.169896903039392,0.948611519016118
"faa_routes",0.0267217098911343,0.195717604038035,0.169896903039392,0.948934322094973
"facebook_friends",0.148630295803107,0.180098581202574,0.00958998908741601,0.890021162252395
"facebook_organizations_L1",0.0965766873813223,0.31429192330817,0.200413395046762,0.984318762666432
"facebook_organizations_L2",0.0693259823346855,0.0723984406728438,0.274143532007377,0.95612589403966
"facebook_organizations_M1",0.404052803766713,0.0681667589569956,0.312602038157242,0.936627711473771
"facebook_organizations_M2",0.0732395325870209,0.0125771161513991,0.223233671167219,0.922222809815165
"facebook_organizations_S1",0.307817398119122,0.143274659606515,0.366903372381012,0.869144458473819
"facebook_organizations_S2",0.330487804878049,0.314892395547647,0.419724319892017,0.853626852459717
"faculty_hiring_networks_(comp._sci.,_business,_history)_1",0.709211461046649,0.232837206389197,0.681658303021972,0.776242063576409
"faculty_hiring_networks_(comp._sci.,_business,_history)_2",0.525837547408344,0.0290155960612386,0.665970294167414,0.46698277150273
"faculty_hiring_networks_(comp._sci.,_business,_history)_3",0.644061302681992,0.0875203888568452,0.633171317602897,0.666137063020868
"family_planning_in_korea_1",0.277462121212121,0.50888176843318,0.348077269364573,0.746740992818901
"family_planning_in_korea_2",0.241176470588235,0.180295022599993,0.284147434514841,0.737461364860109
"fao_multiplex_trade_network",0.838857863448027,0.411600265961773,0.815351861196159,0.840470449108169
"fao_trade",87.6610504146374,0.0589225518387171,0.514541172311009,0.863350096766104
"florentine_families",0.452380952380952,0.429545594461561,0.332503779766808,0.483615464334455
"foldoc",0.0549603076492165,0.117097610136502,0.284045903165247,0.989286565998213
"foodweb_baywet",0.607037401574803,0.0835647680798257,0.635739003980031,0.66997285754946
"foodweb_little_rock",0.443643787906083,0.103947802334011,0.453453622881204,0.719008975182662
"fungal_growth_networks_1",0.0162855910267472,0.231291733870811,0.0671695368737888,0.978199126127209
"fungal_growth_networks_10",0.0272828685258964,0.382026574276531,0.0605426713296711,0.968462061698105
"fungal_growth_networks_11",0.0303773996509599,0.246937414308957,0.0679930879048435,0.957796336456619
"fungal_growth_networks_12",0.0195675346429115,0.302243945986547,0.0906821819510616,0.94067635173552
"fungal_growth_networks_13",0.013871137508458,0.399255921850918,0.0508683636835596,0.945239075929991
"fungal_growth_networks_14",0.0160267471958585,0.238930923508548,0.0466268592889113,0.974613886673555
"fungal_growth_networks_15",0.0176664972038638,0.36787788119294,0.0627904206799356,0.973716061031829
"fungal_growth_networks_16",0.00952183383466445,0.348333853147799,0.0470162327582346,0.964849169482553
"fungal_growth_networks_17",0.0129724535554132,0.420383323809964,0.0651867090839238,0.941722588767323
"fungal_growth_networks_18",0.0103508025291829,0.557455623851103,0.066908132871222,0.935041596440055
"fungal_growth_networks_19",0.00884220521037327,0.523011658625101,0.059652078658286,0.965635535375957
"fungal_growth_networks_2",0.0692238537608631,0.300814608827284,0.0761752770594783,0.976498852485204
"fungal_growth_networks_20",0.0156493506493506,0.460477222613183,0.0653376047104317,0.948222650697357
"fungal_growth_networks_21",0.0320839580209895,0.54697177726926,0.0850820188083939,0.95647783258441
"fungal_growth_networks_22",0.0208320933277781,0.713080585896607,0.141815414401878,0.960880013874296
"fungal_growth_networks_23",0.0201864167146672,0.716927754297975,0.118481964988493,0.975348244502441
"fungal_growth_networks_24",0.02103919951448,0.644361510422875,0.119285205649489,0.981620142274338
"fungal_growth_networks_25",0.0171859228854048,0.722687876674021,0.130407651616511,0.958136263758912
"fungal_growth_networks_26",0.0509843344223842,0.78111808406388,0.150167739673045,0.979414723859178
"fungal_growth_networks_27",0.0464349070990632,0.702636914410947,0.148553686949325,0.971739196130063
"fungal_growth_networks_28",0.0857856970087882,0.773252867041661,0.23510040189823,0.942756945877542
"fungal_growth_networks_29",0.170448179271709,0.779362820473581,0.322034313389971,0.933353035802662
"fungal_growth_networks_3",0.0744354219690543,0.763081499501744,0.205056234795446,0.961820385989923
"fungal_growth_networks_30",0.0747981300467488,0.738301593238052,0.184171495772283,0.953395033536051
"fungal_growth_networks_31",0.155794587092297,0.753744133612439,0.262300334553335,0.941968571120234
"fungal_growth_networks_4",0.0513728449526905,0.745383071753153,0.154911666451023,0.973180963135869
"fungal_growth_networks_5",0.0938119981105338,0.712157564547576,0.1743314793489,0.95367499712813
"fungal_growth_networks_6",0.162121212121212,0.739245592681518,0.257798113624542,0.939333132169577
"fungal_growth_networks_7",0.0499035416590835,0.748005409113397,0.153310976103364,0.974128156043219
"fungal_growth_networks_8",0.156052782558807,0.807618366501563,0.246085158442073,0.939229654689033
"fungal_growth_networks_9",0.0949916623540912,0.698166397406772,0.129487787091169,0.966172444342882
"garfield's_citation_networks_(2001)_1",0.473265794287322,0.526292971553683,0.492994364843639,0.89219035418869
"garfield's_citation_networks_(2001)_2",0.2173982771261,0.210145657780937,0.364515792547301,0.932362393668818
"gemsec_ro",0.00253700387693628,0.0149228667717601,0.134708885082803,0.997840233482264
"genetic_multiplex_Arabidopsis",0.185650483993938,0.464789967599334,0.000313861924885034,0.993830541664629
"genetic_multiplex_Bos_Multiplex_Genetic",0.0741310541310541,0.0221378626776198,0.000927343605188003,0.990733125058161
"genetic_multiplex_Candida",0.606095799645628,0.665266643132735,0.00480336509387836,0.96064184495362
"genetic_multiplex_Celegans",0.135064823866787,0.270788748133497,0.000565120504732924,0.983676396968941
"genetic_multiplex_DanioRerio",0.120611646418098,0.0259987374196694,0.00199598193233398,0.982763859827552
"genetic_multiplex_Drosophila",0.0360898461587708,0.028068653371069,0.000452968287912446,0.992026099267572
"genetic_multiplex_Gallus",0.440751208323093,0.304610592539188,0.00412339431051477,0.967464473493317
"genetic_multiplex_Homo",0.625939441519879,0.672063890975717,0.000454546670508672,0.993022243538334
"genetic_multiplex_HumanHIV1",0.350899883054845,0.457343479627968,0.274932271986387,0.982494867133696
"genetic_multiplex_HumanHerpes4",0.737683031869078,0.732832195225507,0.0101275311050739,0.948696648294362
"genetic_multiplex_Mus",0.0478798402793269,0.163913103301271,0.000271047865696871,0.988335215644215
"genetic_multiplex_Oryctolagus",0.531468531468531,0.295729878316306,0.00746856302072811,0.94484675446248
"genetic_multiplex_Plasmodium",0.0730508725413311,0.180461928940367,0.00278377510853523,0.974729415920798
"genetic_multiplex_Rattus",0.323140078312492,0.639294112522452,0.000704822951861216,0.988187923437822
"genetic_multiplex_Sacchcere",0.534012089902459,0.176438592892914,0.0727505605101743,0.944581025074443
"genetic_multiplex_Sacchpomb",0.243431269030342,0.128740760752243,0.00695009682341335,0.943958137177702
"genetic_multiplex_Xenopus",0.0745873809299255,0.141565699846129,0.00244359803252661,0.974107569179775
"german_highway_system_(2002)",0.00845893345541196,0.224132511911567,0.0579774252104027,0.988000662609018
"github_2",0.250475298439271,0.269546828034981,0.418844981683203,0.993383980263708
"global_language_network_(2014)_1",0.474145024851058,0.668229632324011,0.585361590836484,0.933810768018223
"global_language_network_(2014)_2",0.817977780271574,0.804291993206008,0.823743607025203,0.892614350164666
"gnutella_04",0.00879498463346481,0.0211554652128714,0.164563951079344,0.977131934946345
"gnutella_06",0.0123642734049817,0.0306443440463001,0.175795156213301,0.98468887980622
"gnutella_08",0.0143500275844348,0.0148055460584789,0.0689963869083288,0.977824888332333
"gnutella_09",0.0117820928509769,0.0149375158559186,0.0127038858603276,0.982109483466662
"gnutella_24",0.0132017135933326,0.192333912768469,0.00735788256763525,0.998394738917109
"gnutella_25",0.00269670344610237,0.0122144052442669,0.00358686882432927,0.967627536198649
"gnutella_30",0.00136812308833205,0.00771230035241682,0.00176854976694496,0.961733349934666
"google",0.72238786227955,0.724570333420369,0.7430105147592,0.988212908019343
"gplus",0.117140489597623,0.22835522323037,0.00956450466905024,0.995907555299642
"gplus_1",0.352302495059182,0.0511677626494494,0.344092370898888,0.875012682358654
"gplus_10",0.46212323354834,0.0226698926772378,0.0828638226800436,0.765226523600584
"gplus_3",0.436336638130189,0.0235485010910195,0.073337759689805,0.725951938187029
"gplus_4",0.33864468701993,0.0285409992459969,0.0745002051802158,0.876227666012041
"gplus_5",0.232248364577625,0.0462764864237178,0.057186585428377,0.905213409229099
"gplus_6",0.345493684870752,0.0475089912537556,0.316899337185637,0.849614158548485
"gplus_7",0.540538020694542,0.0229679888237845,0.445592296590875,0.856344793378948
"gplus_8",0.651966311302878,0.135303424839663,0.562971526764653,0.892820416091052
"gplus_9",0.539350194287725,0.0100463574527279,0.446133750390667,0.723098776172648
"guava_library_dependencies_(2012)",0.127077814887328,0.310811684436278,0.170417374873093,0.936469708477192
"hamsterer",0.106923789530941,0.0543981760332312,0.000684881625488595,0.9589120209028
"high_school_dynamic_contacts_(2011-2012)_1",0.222984126984127,0.0443035339550908,0.231335044626976,0.601450962564523
"high_school_dynamic_contacts_(2011-2012)_2",0.175046554934823,0.052761982942865,0.216050880570587,0.58842711675044
"high_tech_company",0.514285714285714,0.0167747719365472,0.399660480837863,0.259735705674633
"highschool",0.181780538302277,0.117378193104959,0.236893833910996,0.759750032184712
"highschool_2011",9.98920634920635,0.0422385082965436,0.231335044626975,0.981740558517259
"highschool_2012",12.7624456859094,0.0638118535773779,0.216050880570587,0.989822419111174
"hiv_transmission",0.00468869511468674,0.0406943874548472,4.27759304646736e-05,0.99525950425234
"india_bus_routes_(2016)_1",0.0454658389181131,0.413965476547748,0.259898299261651,0.97562364387584
"india_bus_routes_(2016)_2",0.0117150014944861,0.130513958740797,0.103385302719607,0.967113189996521
"india_bus_routes_(2016)_3",0.0305010189105489,0.113826765086151,0.188031587631662,0.968999098645226
"india_bus_routes_(2016)_4",0.163506940385368,0.48598739707188,0.407977727086403,0.969757733089601
"india_bus_routes_(2016)_5",0.0340162623399618,0.16271151516699,0.166791282760474,0.920644008128346
"india_bus_routes_(2016)_6",0.00455451447543005,0.553181918042302,0.0489779831484765,0.994363485848711
"inploid",0.478750993046446,0.587963737048702,0.000175158308541249,0.99360345583505
"interactome_figeys",0.13772864737186,0.116675388011963,0.00441480263817119,0.96805668013154
"interactome_pdz",0.0886166502727354,0.233908896358705,0.00753619840197702,0.954788223306493
"interactome_stelzl",0.106582597903552,0.072448141014482,0.00141784119764128,0.967675317858326
"interactome_vidal",0.0398168428287186,0.0655689994303866,0.000581838571593767,0.981150090325891
"interactome_yeast",0.0286595537091241,0.127597359090368,0.00084305744110765,0.993499524694496
"internet_as",0.103901288539734,0.144579431692723,0.323707585408315,0.990475318256589
"iscas89_benchmark_circuits_1",0.0229461460904634,0.0954173296163042,0.13659929996351,0.900014779849995
"iscas89_benchmark_circuits_10",0.0269006175955528,0.0882200551266338,0.138999315793385,0.893598625729094
"iscas89_benchmark_circuits_11",0.0500968740577543,0.444492835021692,0.161317951142612,0.989424001015589
"iscas89_benchmark_circuits_12",0.0736889654768577,0.140866916135745,0.184168564537672,0.929996237427271
"iscas89_benchmark_circuits_13",0.0771764806026686,0.149885002242891,0.184961750413666,0.928311456763274
"iscas89_benchmark_circuits_14",0.0546095126247798,0.237133481505575,0.163306617064896,0.841651402179435
"iscas89_benchmark_circuits_16",0.0620347394540943,0.224850263073909,0.171412127587408,0.848989197969479
"iscas89_benchmark_circuits_17",0.0285492857442085,0.394201040903953,0.189851079393416,0.867659002737855
"iscas89_benchmark_circuits_18",0.028310502283105,0.395893392302172,0.190537684094402,0.87712705700281
"iscas89_benchmark_circuits_19",0.102083708641086,0.52083572923803,0.251492314275502,0.919460630604422
"iscas89_benchmark_circuits_2",0.109283196239718,0.195063067748288,0.207389492548914,0.875600175551585
"iscas89_benchmark_circuits_20",0.104853084928986,0.520583954072182,0.253916100496655,0.922900235126902
"iscas89_benchmark_circuits_21",0.0411418742717639,0.245134926739666,0.15213410015848,0.937858970916099
"iscas89_benchmark_circuits_22",0.012728332685581,0.409514754951732,0.157003150201436,0.804978971726593
"iscas89_benchmark_circuits_23",0.0935064935064935,0.502144955996917,0.242725682545969,0.931517455045782
"iscas89_benchmark_circuits_24",0.0382659670941832,0.0957347499740569,0.166626085973563,0.838451488011443
"iscas89_benchmark_circuits_25",0.0416919651892329,0.236773999626955,0.147250690147701,0.847723258851439
"iscas89_benchmark_circuits_26",0.0415858146537303,0.235093239324455,0.146503959142073,0.850082977441637
"iscas89_benchmark_circuits_3",0.0226126035051603,0.26851210634866,0.109006933524447,0.958218669458235
"iscas89_benchmark_circuits_4",0.0216519404019404,0.218708436701643,0.111410793734274,0.953181657755486
"iscas89_benchmark_circuits_5",0.132391613361763,0.184472971510041,0.216102197127396,0.888386654713008
"iscas89_benchmark_circuits_6",0.135890381399363,0.18543273883175,0.218532757114812,0.887138858472797
"iscas89_benchmark_circuits_7",0.0349096060442526,0.328031080765703,0.14882693913071,0.982095013121196
"iscas89_benchmark_circuits_8",0.0104742508001164,0.572165182627768,0.183483941909795,0.939462835607547
"iscas89_benchmark_circuits_9",0.0214339698695017,0.0849096746770159,0.131411111005724,0.877136791194175
"itc99_benchmark_circuits_1",0.090105205877018,0.335158940214442,0.244527670223316,0.884052378611165
"itc99_benchmark_circuits_10",0.0507621231785735,0.174158009948464,0.148402783092844,0.984499461627986
"itc99_benchmark_circuits_2",0.0222028811886562,0.289051597564566,0.112980109160243,0.989355487630374
"itc99_benchmark_circuits_3",0.0190063904349619,0.187511076622003,0.192693372569376,0.931016023400612
"itc99_benchmark_circuits_4",0.0439722963711132,0.198955629651964,0.157187184629979,0.829875974312049
"itc99_benchmark_circuits_5",0.0589523127139559,0.169596557876484,0.210478078176781,0.846374165913359
"itc99_benchmark_circuits_6",0.0594675222334797,0.187499070040122,0.184510955936255,0.857500979457297
"itc99_benchmark_circuits_7",0.0277303970411903,0.150582902851951,0.160556090335159,0.968949602360942
"itc99_benchmark_circuits_8",0.029078768209203,0.169234477218723,0.123412310369239,0.971530510993539
"itc99_benchmark_circuits_9",0.0237982277589875,0.345957850979344,0.0917965193358549,0.959041590591951
"ito_core_yeast_interactome_(2001)",0.126009389671361,0.569989064796647,0.228814507376917,0.975752272564504
"java_library_dependencies_(2014)",0.268379971498899,0.381357585510424,0.345260619762862,0.867681880434529
"java_packages_(various)_1",0.340750915750916,0.322877186092678,0.357282688336701,0.859790612821011
"java_packages_(various)_2",0.224694589877836,0.274629991395909,0.279558574710549,0.8908350748371
"java_packages_(various)_3",0.152832521833217,0.339337193459062,0.262196839085722,0.926893303856114
"java_packages_(various)_4",0.209726212928623,0.64714329322909,0.309155497531804,0.940925554813912
"java_packages_(various)_5",0.163976458708069,0.306569387189745,0.254103536493214,0.946985134778203
"java_packages_(various)_6",0.502719443383819,0.209417353020913,0.465373116053925,0.882993296597372
"javax,_java,_jung,_appengine_dependencies_(2010)_1",0.0975877192982456,0.351344785491074,0.244167577200923,0.866693549920509
"javax,_java,_jung,_appengine_dependencies_(2010)_2",0.237348376502993,0.564038094356504,0.314851873316808,0.951495088962878
"javax,_java,_jung,_appengine_dependencies_(2010)_3",0.193639882101457,0.283901201119938,0.347561641282917,0.957272243378015
"jdk",5.04944295377024,0.509326784526295,0.899262126039639,0.993981506507601
"jung",4.26338801141201,0.445616354498206,0.901260378512089,0.993180351157558
"kapferer_tailor_shop_(1972)_1",0.429824561403509,0.184497192763543,0.410010708741127,0.638639407542335
"kapferer_tailor_shop_(1972)_2",0.402159244264507,0.111621122693596,0.404377332247168,0.504303360880032
"lastfm_asia",0.0273784161507142,0.0893877877660942,0.192686760649115,0.992614925430833
"law_firm",1.27967806841046,0.0264028391965545,0.319174837524434,0.595914014105256
"linux",0.302442714777364,0.194734509227267,0.0045462864555722,0.991679599129638
"london_transport",0.0125265111346766,0.202452320957914,0.0721796877583737,0.983885298720584
"london_transport_network",0.0126885236243667,0.205740593744861,0.0721796877583736,0.961978413545689
"macaque_cortical_connectivity_(cocomac)_1",0.44909631663235,0.101144903513284,0.511101826339565,0.514648882815212
"macaque_cortical_connectivity_(cocomac)_2",0.22374245472837,0.113993247302738,0.267695551979089,0.621825835176466
"macaque_cortical_connectivity_(cocomac)_3",0.29740980573543,0.0868130637998013,0.323704416510896,0.544028191886734
"macaque_visual_cortex_(1991)_1",0.32183908045977,0.109575626108,0.356190140834316,0.444848325410619
"macaque_visual_cortex_(1991)_2",0.318548387096774,0.0917252618741105,0.343155840708829,0.474334937312683
"medieval_russia_trade_network",0.0600539811066127,0.315635728724371,0.219420616953445,0.736813525133559
"messal_shale",0.248338442673207,0.0867281244933796,0.310643885052733,0.887068288541594
"metabolic_networks_from_kegg_(2006)_1",0.207942910331989,0.357675082426987,0.393574791390971,0.949413364844168
"metabolic_networks_from_kegg_(2006)_10",0.221312427409988,0.47127507589275,0.428602057827954,0.957712726726482
"metabolic_networks_from_kegg_(2006)_11",0.202041341569137,0.377676271250672,0.405440872353013,0.951823404267811
"metabolic_networks_from_kegg_(2006)_12",0.202508482728694,0.406450354279338,0.381616994341857,0.944462335788978
"metabolic_networks_from_kegg_(2006)_13",0.181844417963804,0.370412485656732,0.370280686614496,0.926288862532826
"metabolic_networks_from_kegg_(2006)_14",0.238702670277934,0.43244827429294,0.433975222824594,0.954810545200183
"metabolic_networks_from_kegg_(2006)_15",0.171480865224626,0.30405590808344,0.35225140078272,0.93337249140782
"metabolic_networks_from_kegg_(2006)_16",0.240821150488328,0.45292281598357,0.441213378151461,0.960673125849389
"metabolic_networks_from_kegg_(2006)_17",0.230222557571742,0.412929150924324,0.414973892012141,0.949545645878078
"metabolic_networks_from_kegg_(2006)_18",0.189671882265284,0.367644565520488,0.369966963766799,0.940802521888629
"metabolic_networks_from_kegg_(2006)_19",0.186106429867773,0.354031777574606,0.365417917748177,0.937733046286893
"metabolic_networks_from_kegg_(2006)_2",0.187423618401572,0.378676723475581,0.371294575567882,0.93812310026998
"metabolic_networks_from_kegg_(2006)_20",0.187429002126571,0.354242579254656,0.365830029042018,0.938291836571518
"metabolic_networks_from_kegg_(2006)_21",0.189087367835281,0.370918198017646,0.370289607107411,0.941009519245925
"metabolic_networks_from_kegg_(2006)_22",0.241594888830095,0.417451308011119,0.422413447965058,0.952301953492661
"metabolic_networks_from_kegg_(2006)_23",0.217367376398412,0.445330041083142,0.418988845882517,0.95314422866213
"metabolic_networks_from_kegg_(2006)_24",0.219129090183559,0.427243447222498,0.424268407374067,0.95698072622248
"metabolic_networks_from_kegg_(2006)_25",0.191120884555603,0.285535575367409,0.329414476206101,0.907992594060119
"metabolic_networks_from_kegg_(2006)_26",0.189094107299912,0.373239507332185,0.384944091916011,0.947088892447451
"metabolic_networks_from_kegg_(2006)_3",0.209156029719947,0.425940301383453,0.415851279825003,0.951537410528687
"metabolic_networks_from_kegg_(2006)_4",0.209671489691054,0.400782031251482,0.422822695468398,0.958101111088839
"metabolic_networks_from_kegg_(2006)_5",0.200510804180529,0.387559839019491,0.403758878384455,0.943278379386411
"metabolic_networks_from_kegg_(2006)_6",0.181767257246203,0.267927494963162,0.320477980135236,0.90882229772271
"metabolic_networks_from_kegg_(2006)_7",0.195187248529867,0.337817622743231,0.351272810507601,0.90891540099219
"metabolic_networks_from_kegg_(2006)_8",0.200908571256656,0.403747117988381,0.403917576398945,0.951531958803744
"metabolic_networks_from_kegg_(2006)_9",0.218238573021182,0.321270232965326,0.336710846835869,0.914852089080031
"montreal",0.414772727272727,0.216526632704493,0.076092528672888,0.71782377828129
"moreno_taro",0.233766233766234,0.153159486016629,0.155907790710842,0.423587825317247
"mouse_suprachiasmatic_nucleus_1",0.129903960831084,0.12139600291375,0.19883560489767,0.829006916549358
"mouse_suprachiasmatic_nucleus_2",0.21038961038961,0.138738756642629,0.294853673309415,0.810152656088769
"mouse_suprachiasmatic_nucleus_3",0.142142857142857,0.116146584000434,0.254291748311089,0.826485583661646
"mouse_visual_cortex_(2011)_1",0.213054187192118,0.310146390205914,0.266649653112034,0.718247088897405
"mouse_visual_cortex_(2011)_2",0.149908246977547,0.425819173580473,0.239003035966511,0.888391180932743
"new_guinea_tribes",0.183333333333333,0.0387422524565382,0.21074294235785,0.312301913352175
"openflights",0.555384346921372,0.0833428954007861,0.00410742001086504,0.980212539227426
"p._pacificus_nematode_(2013)_1",0.354297693920335,0.366508275890964,0.360255005440586,0.698482628050333
"p._pacificus_nematode_(2013)_2",0.333877551020408,0.319030604997543,0.300867861071952,0.686318542912566
"pgp_strong",0.061737600801656,0.189204702223462,0.224540022863757,0.995526506115489
"physician_trust",0.103699861687414,0.0229728368786558,0.00309323481297967,0.945837634912265
"polblogs",0.357160416633265,0.108893567865779,0.0852719666605895,0.922499368393986
"political_books_network_(2004)",0.159615384615385,0.120443274155473,0.171951393782715,0.77872147556757
"power",0.00330585114881922,0.28483099509304,0.0563059462319029,0.995612742349382
"reactome",0.127783681646603,0.112351432136948,0.000317860173982212,0.964724127510104
"reguly_yeast_interactome_(2006)",0.0295261183166956,0.210972515569049,0.135365619055086,0.984285634839834
"residence_hall",0.256357740228708,0.0612097836856915,0.250506798115828,0.774691645108363
"rhesus_brain_(2012)",0.355851994101711,0.0739313107958412,0.353516636395031,0.765611317713767
"rhesus_cortex_(2014)",0.624542124542125,0.0567070530881017,0.710693119326447,0.545935001002652
"roget's_thesaurus_(1879)",0.0208218090010354,0.0294367017279909,0.148119894434559,0.859363524292651
"rome_roads_(1999)",0.000930310689604365,0.135053341126999,0.0177340463055206,0.989938890653278
"route_views_as_graphs_(1997-1998)_1",0.187713352792757,0.241252233886906,0.355805328557901,0.927421770464818
"route_views_as_graphs_(1997-1998)_2",0.188886682698318,0.248967601384385,0.355129193781818,0.929941776280547
"route_views_as_graphs_(1997-1998)_3",0.194494557240704,0.252598921043503,0.358573213688337,0.929078282844002
"route_views_as_graphs_(1999-2000)_1",0.189706989799411,0.251450901526821,0.354727524762159,0.932522182663654
"route_views_as_graphs_(1999-2000)_10",0.190976255582572,0.254522253285241,0.357207965070471,0.93123904722701
"route_views_as_graphs_(1999-2000)_11",0.188051503370546,0.25139734613023,0.355789200544208,0.931701332003316
"route_views_as_graphs_(1999-2000)_12",0.188285887749595,0.247258422897418,0.354621640106463,0.932445021489962
"route_views_as_graphs_(1999-2000)_13",0.188657783555411,0.248715397163517,0.355495627472963,0.931638486423394
"route_views_as_graphs_(1999-2000)_2",0.185188261926024,0.250413519975179,0.352860379823995,0.931359104801809
"route_views_as_graphs_(1999-2000)_3",0.19138692636555,0.254302441249044,0.357741306651034,0.93318742327402
"route_views_as_graphs_(1999-2000)_4",0.192805383022774,0.257258884734444,0.356594725288299,0.932307799470127
"route_views_as_graphs_(1999-2000)_5",0.191851285968933,0.255451349937852,0.35391553032085,0.933605283074163
"route_views_as_graphs_(1999-2000)_6",0.192426841104596,0.258149799756487,0.355915774269009,0.932305196787713
"route_views_as_graphs_(1999-2000)_7",0.43489434608795,0.441650233837277,0.44834259371219,0.828723839741765
"route_views_as_graphs_(1999-2000)_8",0.253590862917061,0.378990372709411,0.390889966578538,0.977595491445713
"route_views_as_graphs_(1999-2000)_9",0.258058253794825,0.384160061718798,0.395122015096414,0.978210964356136
"scotus_majority_2007",0.0423644526542813,0.0801774939789409,0.000138861046108815,0.987457036721585
"scotus_majority_2008",0.0116440600497272,0.0195324261357845,0.00264747134570487,0.983390593941455
"software_function-callgraphs_(2002)_1",0.0828609873013203,0.330168124553776,0.262491098198612,0.976563456840295
"software_function-callgraphs_(2002)_2",0.185645272601794,0.428013412233242,0.285778127940636,0.912571025726824
"software_function-callgraphs_(2002)_3",0.103220644465781,0.370335296250589,0.284644426639865,0.965574944690562
"software_function-callgraphs_(2002)_4",0.033286971662756,0.280719264729837,0.173377116060129,0.96379457608317
"student_cooperation",0.0331962397179788,0.155315264251863,0.00856192532054822,0.970561218254321
"terrassa_traffic_(2016)",0.00256268871645939,0.178528730094414,0.0276884962562312,0.990962342799922
"turker_network",0.225803088490673,0.297292756914689,0.00103331147846788,0.949998520802706
"twitch_de",0.445061980872239,0.291091432878835,0.50735498667027,0.978136879387408
"twitch_engb",0.0996611765169308,0.126409009694624,0.279813892343093,0.978860828254332
"twitch_es",0.214428311789999,0.110735702996145,0.33091597486545,0.945666512719075
"twitch_fr",0.30629091553892,0.100044359692427,0.391008985910356,0.966419028907156
"twitch_ptbr",0.38422839364262,0.0985105965516377,0.398486121403169,0.92199755630397
"twitch_ru",0.276456576833765,0.176984928710433,0.395176563655017,0.972811232978119
"twitter_1",0.69676455948233,0.0396472099784907,0.439790748252406,0.695170539389605
"twitter_10",0.772308354866494,0.027225281043035,0.385792867653019,0.62770805354723
"twitter_11",0.816088884140804,0.0655001574651888,0.68872390020334,0.575573369872092
"twitter_12",0.764113773747841,0.0454055476178333,0.0775650503957258,0.489389116279163
"twitter_2",0.832917557614635,0.0156660783068494,0.612963240902048,0.508158470238372
"twitter_3",0.673235953319422,0.0412544736581528,0.643054337517599,0.611216126194342
"twitter_4",0.682810945273632,0.0616104491853304,0.646221889354239,0.598006795598865
"twitter_5",0.756650453371765,0.0232850716221661,0.661786584644354,0.552579045321349
"twitter_6",0.741603224361845,0.0977949946770798,0.683485059874687,0.647129303999577
"twitter_7",0.719767165597529,0.0445982116791962,0.6476911898734,0.538675504111084
"twitter_8",0.612636686473753,0.0521037039126278,0.356099891413479,0.640524376237067
"twitter_9",0.880392417397467,0.0219673952359251,0.0764165108192487,0.478178862071402
"uc_irvine_students",0.167346964821483,0.0598707012862108,0.0265170466396559,0.921055225603212
"uetz_screen_yeast_interactome_(2000)",0.0567294575218414,0.353355844949153,0.113688972536816,0.982059570466209
"ugandan_village_friendship-1",0.158854801736331,0.160804819618916,0.124006557931563,0.889524556423743
"ugandan_village_friendship-10",0.201937057361287,0.0705811081286478,0.259556597439027,0.828530622317835
"ugandan_village_friendship-11",0.158779116465863,0.103107299190831,0.223361970304649,0.832695184760501
"ugandan_village_friendship-12",0.274553742434689,0.225852975630769,0.339182390121435,0.910177594799871
"ugandan_village_friendship-13",0.167357232931003,0.0808984850359783,0.264201717549634,0.797526536145067
"ugandan_village_friendship-14",0.254261736165749,0.125201750163868,0.281288204685293,0.765387171393783
"ugandan_village_friendship-15",0.109943977591036,0.119461479586795,0.225349672494343,0.804652881875269
"ugandan_village_friendship-16",0.118786772164739,0.0861323286892394,0.22607305672189,0.894570026197737
"ugandan_village_friendship-17",0.387019230769231,0.191960660305551,0.361773388791685,0.746596990309668
"ugandan_village_friendship-2",0.256815008196224,0.157101005691779,0.157191326101618,0.861159994939204
"ugandan_village_friendship-3",0.270669720767888,0.0861345918517556,0.301629226947425,0.841309171477269
"ugandan_village_friendship-4",0.183738244514107,0.0485042961337588,0.220816994326778,0.836904774651148
"ugandan_village_friendship-5",0.175219767165598,0.0904625618765897,0.227893069821782,0.848896156860332
"ugandan_village_friendship-6",0.288395370659994,0.139733720555316,0.324063114778675,0.800151386490885
"ugandan_village_friendship-7",0.247038567493113,0.0430858468853498,0.189093209627672,0.747375027046903
"ugandan_village_friendship-8",0.170356132909155,0.114069833834598,0.2675349340616,0.898905230488924
"ugandan_village_friendship-9",0.468799593728179,0.205039769358936,0.416266552050292,0.853000510083429
"ugandan_village_health-advice_1",0.29640768588137,0.339593039577821,0.0867319276998196,0.914042186815419
"ugandan_village_health-advice_10",0.344978479196557,0.238927798137607,0.192967932728959,0.897396086197226
"ugandan_village_health-advice_11",0.351882845188284,0.389489440641331,0.0391303048735564,0.934916389201482
"ugandan_village_health-advice_12",0.430728095433978,0.506132690518023,0.0898734853779188,0.95074665049793
"ugandan_village_health-advice_13",0.27244925393198,0.458120476914319,0.0164803634875309,0.932219115197452
"ugandan_village_health-advice_14",0.175770308123249,0.14917766686259,0.274777173310095,0.797638261776114
"ugandan_village_health-advice_15",0.288019451812555,0.472889051121634,0.384229357931257,0.910073596575826
"ugandan_village_health-advice_16",0.525435939418747,0.505951998394694,0.241500396478125,0.953006597508375
"ugandan_village_health-advice_17",0.418586789554531,0.381921070043903,0.377598490113632,0.827115224560997
"ugandan_village_health-advice_2",0.390045248868778,0.402055902631413,0.447161062742482,0.893025958323356
"ugandan_village_health-advice_3",0.400146886016451,0.227283849001921,0.407957962682888,0.879690379938565
"ugandan_village_health-advice_4",0.221981113120354,0.24274442531829,0.323377360504078,0.922320854893638
"ugandan_village_health-advice_5",0.412959794696322,0.475125761047219,0.135740542881627,0.91518682762052
"ugandan_village_health-advice_6",0.595443833464258,0.552803362357071,0.094487795602285,0.908784735837667
"ugandan_village_health-advice_7",0.437190082644628,0.210413908576061,0.383045752364667,0.869121650523671
"ugandan_village_health-advice_8",0.217959372114497,0.229382252500219,0.345778565877277,0.917750502621201
"ugandan_village_health-advice_9",0.559080521575481,0.436269255624107,0.55132206662965,0.895686721815288
"us_airport_network_(top_500;_2002)",0.266693386773547,0.211947307465657,0.373266889791046,0.884258522642265
"water_distribution_network_1",0.00393516114225214,0.282423300313551,0.0522035723547338,0.994776984230901
"water_distribution_network_2",0.00207289006589111,0.558123493540179,0.0208609640134142,0.978486693558
"water_distribution_network_3",0.000991213954786842,0.415960207037808,0.0387574168575764,0.983205353294376
"webkb_webkb_cornell_cocite",0.65768618580883,0.0837101104852543,0.312556490325018,0.593507773534622
"webkb_webkb_cornell_link1",0.718440206830682,0.512177296072525,0.0369051153399732,0.948324945844591
"webkb_webkb_texas_cocite",0.698099296901692,0.074428619742476,0.34506710988836,0.524413693565621
"webkb_webkb_texas_link1",0.494712305238621,0.413560677744228,0.0117431684083103,0.929237686637735
"webkb_webkb_washington_cocite",0.996817828673599,0.17036697865131,0.481395512793693,0.65609637373172
"webkb_webkb_washington_link1",0.525543152852622,0.38706063868723,0.380981847526142,0.949148487746953
"webkb_webkb_wisconsin_cocite",0.769187452383318,0.0431213945212261,0.357722212226639,0.537494931493863
"webkb_webkb_wisconsin_link1",0.355518394648829,0.441457548462472,0.0114421537414084,0.954055793381027
"wiki_science",0.125379284589694,0.0713815784135825,0.0137832892967764,0.879388973534755
"winnipeg_traffic_(2016)_1",0.00219658793703412,0.102164939287741,0.0215236217555902,0.943218102166613
"winnipeg_traffic_(2016)_2",0.00282261049826016,0.114524941914759,0.0191363518039348,0.993799285150064
"word_adjacencies_of_david_copperfield",0.373069498069498,0.232804321474986,0.432559513082356,0.835159619737549
"word_adjacency_darwin",0.364154393339083,0.235025874563891,0.0547130437633542,0.977550717047111
"word_adjacency_french",0.246775992715445,0.275774675507299,0.00681326664535457,0.988626135516451
"word_adjacency_japanese",0.291476487882191,0.290698848738727,0.0333049039274501,0.976230803623764
"word_adjacency_spanish",0.288062989718441,0.235030539943749,0.00261154380183165,0.986350837644058
"word_assoc",0.0453501713017646,0.0230207743876253,0.260219547553459,0.974002788188628
"world_subways_(2009)_1",0.0296505905511811,0.471078005808409,0.111595909915569,0.947912065808837
"world_subways_(2009)_10",0.0272591486183719,0.270667022582433,0.0710963735802597,0.912645903556524
"world_subways_(2009)_11",0.0169161155586495,0.252196426695744,0.059182885922789,0.935925098271911
"world_subways_(2009)_12",0.0277608915906788,0.401776354426663,0.0868845058501628,0.943735587377118
"world_subways_(2009)_2",0.0176762661370407,0.290561555989466,0.082773487071414,0.953148516177758
"world_subways_(2009)_3",0.0226122561648877,0.320744636712577,0.0866646677653109,0.948500424547893
"world_subways_(2009)_4",0.0258130649520082,0.284480356345565,0.0782970468553582,0.909858028369671
"world_subways_(2009)_5",0.0276063292559758,0.216697403220101,0.117655160211224,0.899841028945008
"world_subways_(2009)_6",0.0134398255068001,0.317020675820867,0.0438514165719325,0.97729529298709
"world_subways_(2009)_7",0.0188547956274831,0.300821348078985,0.0885787363741457,0.955560370143804
"world_subways_(2009)_8",0.0330943188086045,0.271582324015956,0.0746244617922842,0.94506316991249
"world_subways_(2009)_9",0.0304872845195426,0.319429268310447,0.0997993859830398,0.945108774596434
"yeast_transcription",0.101348309879893,0.198191867946457,0.00581338082345938,0.982363097610152
"yu_yeast_interactomes_(2008)_1",0.0850622406639004,0.380846225019427,0.260961006429897,0.978083757401697
"yu_yeast_interactomes_(2008)_2",0.0522128307220832,0.269959634674568,0.233286053473937,0.981687330122589
"zachary_karate_club_1",0.349376114081996,0.404775387351145,0.307152106006917,0.659322532309533
"zachary_karate_club_2",0.376114081996435,0.405557195329923,0.298194891208297,0.64584967800646
